date,group,night 0-4,morning 5-9,midday 10-14,evening 15-20,late 21-23,crashes,deaths,year,days_from_spring,days_from_fall,dow
2010-01-01,DST states,50,11,13,27,11,113,128,2010,-72,-310,4
2010-01-01,AZ+HI,2,0,3,1,0,7,8,2010,-72,-310,4
2010-01-02,DST states,12,8,10,18,7,56,60,2010,-71,-309,5
2010-01-02,AZ+HI,0,1,0,1,0,2,2,2010,-71,-309,5
2010-01-03,DST states,13,5,9,19,2,48,53,2010,-70,-308,6
2010-01-03,AZ+HI,1,0,0,0,0,1,1,2010,-70,-308,6
2010-01-04,DST states,7,15,16,19,5,62,68,2010,-69,-307,0
2010-01-04,AZ+HI,0,1,0,0,1,2,2,2010,-69,-307,0
2010-01-05,DST states,2,15,10,26,12,65,68,2010,-68,-306,1
2010-01-05,AZ+HI,0,0,0,0,0,0,0,2010,-68,-306,1
2010-01-06,DST states,3,8,14,18,6,49,55,2010,-67,-305,2
2010-01-06,AZ+HI,0,0,0,0,0,0,0,2010,-67,-305,2
2010-01-07,DST states,7,20,17,26,5,75,83,2010,-66,-304,3
2010-01-07,AZ+HI,0,1,0,0,0,1,1,2010,-66,-304,3
2010-01-08,DST states,14,12,7,16,8,58,60,2010,-65,-303,4
2010-01-08,AZ+HI,0,2,0,0,0,2,2,2010,-65,-303,4
2010-01-09,DST states,21,12,10,19,10,73,79,2010,-64,-302,5
2010-01-09,AZ+HI,1,1,1,1,1,5,6,2010,-64,-302,5
2010-01-10,DST states,16,9,11,12,2,50,56,2010,-63,-301,6
2010-01-10,AZ+HI,2,0,0,1,0,3,4,2010,-63,-301,6
2010-01-11,DST states,6,15,11,20,7,59,66,2010,-62,-300,0
2010-01-11,AZ+HI,0,1,0,0,1,2,2,2010,-62,-300,0
2010-01-12,DST states,4,14,13,23,9,63,71,2010,-61,-299,1
2010-01-12,AZ+HI,1,2,0,0,1,4,5,2010,-61,-299,1
2010-01-13,DST states,8,10,17,27,4,66,68,2010,-60,-298,2
2010-01-13,AZ+HI,0,0,1,1,0,2,2,2010,-60,-298,2
2010-01-14,DST states,8,17,18,27,14,85,96,2010,-59,-297,3
2010-01-14,AZ+HI,0,0,2,0,0,2,2,2010,-59,-297,3
2010-01-15,DST states,8,14,13,21,9,65,70,2010,-58,-296,4
2010-01-15,AZ+HI,0,2,2,0,1,5,5,2010,-58,-296,4
2010-01-16,DST states,18,16,14,21,7,76,81,2010,-57,-295,5
2010-01-16,AZ+HI,0,0,0,0,0,0,0,2010,-57,-295,5
2010-01-17,DST states,22,10,16,16,7,73,87,2010,-56,-294,6
2010-01-17,AZ+HI,0,0,0,0,0,0,0,2010,-56,-294,6
2010-01-18,DST states,5,13,14,30,3,65,72,2010,-55,-293,0
2010-01-18,AZ+HI,1,0,0,0,2,3,3,2010,-55,-293,0
2010-01-19,DST states,8,11,22,18,7,66,72,2010,-54,-292,1
2010-01-19,AZ+HI,0,1,0,1,2,4,5,2010,-54,-292,1
2010-01-20,DST states,12,14,10,16,6,58,60,2010,-53,-291,2
2010-01-20,AZ+HI,0,0,0,1,0,1,1,2010,-53,-291,2
2010-01-21,DST states,7,14,10,31,8,70,70,2010,-52,-290,3
2010-01-21,AZ+HI,0,0,1,0,0,1,1,2010,-52,-290,3
2010-01-22,DST states,8,13,14,22,6,63,67,2010,-51,-289,4
2010-01-22,AZ+HI,0,0,0,2,0,2,2,2010,-51,-289,4
2010-01-23,DST states,20,6,13,22,16,78,89,2010,-50,-288,5
2010-01-23,AZ+HI,0,0,0,1,1,2,2,2010,-50,-288,5
2010-01-24,DST states,13,8,11,16,13,63,67,2010,-49,-287,6
2010-01-24,AZ+HI,1,0,0,1,0,2,2,2010,-49,-287,6
2010-01-25,DST states,10,13,11,21,7,62,68,2010,-48,-286,0
2010-01-25,AZ+HI,1,0,0,0,1,2,2,2010,-48,-286,0
2010-01-26,DST states,4,9,16,19,7,55,61,2010,-47,-285,1
2010-01-26,AZ+HI,1,0,0,0,1,2,2,2010,-47,-285,1
2010-01-27,DST states,9,7,13,20,7,56,62,2010,-46,-284,2
2010-01-27,AZ+HI,0,0,1,1,0,2,2,2010,-46,-284,2
2010-01-28,DST states,9,11,10,24,8,62,70,2010,-45,-283,3
2010-01-28,AZ+HI,0,0,1,1,0,2,2,2010,-45,-283,3
2010-01-29,DST states,5,15,18,24,11,73,83,2010,-44,-282,4
2010-01-29,AZ+HI,1,1,0,1,1,4,4,2010,-44,-282,4
2010-01-30,DST states,18,8,8,16,14,64,71,2010,-43,-281,5
2010-01-30,AZ+HI,0,0,0,0,0,0,0,2010,-43,-281,5
2010-01-31,DST states,24,4,15,17,4,64,65,2010,-42,-280,6
2010-01-31,AZ+HI,0,1,0,0,0,1,1,2010,-42,-280,6
2010-02-01,DST states,6,14,17,21,7,66,72,2010,-41,-279,0
2010-02-01,AZ+HI,1,0,0,0,0,1,1,2010,-41,-279,0
2010-02-02,DST states,4,21,7,21,8,62,67,2010,-40,-278,1
2010-02-02,AZ+HI,0,0,1,1,0,2,2,2010,-40,-278,1
2010-02-03,DST states,5,14,13,21,6,59,63,2010,-39,-277,2
2010-02-03,AZ+HI,0,1,0,1,0,2,2,2010,-39,-277,2
2010-02-04,DST states,14,21,15,16,13,79,84,2010,-38,-276,3
2010-02-04,AZ+HI,0,1,1,1,1,4,5,2010,-38,-276,3
2010-02-05,DST states,14,14,13,26,10,77,81,2010,-37,-275,4
2010-02-05,AZ+HI,1,0,1,1,0,3,3,2010,-37,-275,4
2010-02-06,DST states,25,7,9,13,13,67,78,2010,-36,-274,5
2010-02-06,AZ+HI,0,1,0,2,0,3,3,2010,-36,-274,5
2010-02-07,DST states,29,6,5,15,11,66,72,2010,-35,-273,6
2010-02-07,AZ+HI,0,0,0,0,0,0,0,2010,-35,-273,6
2010-02-08,DST states,10,10,14,19,4,58,60,2010,-34,-272,0
2010-02-08,AZ+HI,1,1,0,1,0,3,3,2010,-34,-272,0
2010-02-09,DST states,8,13,15,19,4,59,64,2010,-33,-271,1
2010-02-09,AZ+HI,0,1,0,2,0,3,3,2010,-33,-271,1
2010-02-10,DST states,6,6,7,23,7,50,55,2010,-32,-270,2
2010-02-10,AZ+HI,0,0,0,1,0,1,2,2010,-32,-270,2
2010-02-11,DST states,7,7,18,14,6,52,56,2010,-31,-269,3
2010-02-11,AZ+HI,0,3,0,0,0,3,3,2010,-31,-269,3
2010-02-12,DST states,10,7,15,26,9,67,78,2010,-30,-268,4
2010-02-12,AZ+HI,0,0,0,2,0,2,2,2010,-30,-268,4
2010-02-13,DST states,10,9,8,20,9,57,69,2010,-29,-267,5
2010-02-13,AZ+HI,0,0,0,1,0,1,2,2010,-29,-267,5
2010-02-14,DST states,26,9,13,20,4,72,80,2010,-28,-266,6
2010-02-14,AZ+HI,0,0,0,0,0,1,1,2010,-28,-266,6
2010-02-15,DST states,4,15,8,22,10,59,62,2010,-27,-265,0
2010-02-15,AZ+HI,0,0,0,0,0,0,0,2010,-27,-265,0
2010-02-16,DST states,5,8,18,14,8,53,57,2010,-26,-264,1
2010-02-16,AZ+HI,0,0,1,1,0,2,2,2010,-26,-264,1
2010-02-17,DST states,9,14,11,20,4,58,64,2010,-25,-263,2
2010-02-17,AZ+HI,0,3,1,0,0,4,4,2010,-25,-263,2
2010-02-18,DST states,4,14,13,27,7,65,77,2010,-24,-262,3
2010-02-18,AZ+HI,0,0,0,1,0,1,2,2010,-24,-262,3
2010-02-19,DST states,10,8,13,16,13,61,64,2010,-23,-261,4
2010-02-19,AZ+HI,1,2,0,0,0,3,4,2010,-23,-261,4
2010-02-20,DST states,24,10,16,19,13,82,97,2010,-22,-260,5
2010-02-20,AZ+HI,0,0,0,1,0,2,2,2010,-22,-260,5
2010-02-21,DST states,22,5,14,16,6,64,71,2010,-21,-259,6
2010-02-21,AZ+HI,0,0,0,2,0,2,2,2010,-21,-259,6
2010-02-22,DST states,6,10,14,25,9,65,70,2010,-20,-258,0
2010-02-22,AZ+HI,0,0,0,1,0,1,1,2010,-20,-258,0
2010-02-23,DST states,2,11,6,23,7,50,60,2010,-19,-257,1
2010-02-23,AZ+HI,0,0,0,1,0,1,1,2010,-19,-257,1
2010-02-24,DST states,9,15,3,16,8,52,56,2010,-18,-256,2
2010-02-24,AZ+HI,0,0,1,0,0,1,1,2010,-18,-256,2
2010-02-25,DST states,5,7,12,21,10,56,59,2010,-17,-255,3
2010-02-25,AZ+HI,0,0,1,0,0,1,1,2010,-17,-255,3
2010-02-26,DST states,8,10,12,15,14,60,68,2010,-16,-254,4
2010-02-26,AZ+HI,0,0,0,1,0,2,2,2010,-16,-254,4
2010-02-27,DST states,24,14,19,22,6,87,92,2010,-15,-253,5
2010-02-27,AZ+HI,3,0,1,1,0,5,5,2010,-15,-253,5
2010-02-28,DST states,28,9,9,15,8,69,83,2010,-14,-252,6
2010-02-28,AZ+HI,2,1,0,0,0,4,5,2010,-14,-252,6
2010-03-01,DST states,8,8,11,32,7,66,70,2010,-13,-251,0
2010-03-01,AZ+HI,0,1,0,1,0,2,2,2010,-13,-251,0
2010-03-02,DST states,9,7,8,19,3,46,52,2010,-12,-250,1
2010-03-02,AZ+HI,0,2,0,0,0,2,2,2010,-12,-250,1
2010-03-03,DST states,4,6,11,15,9,45,51,2010,-11,-249,2
2010-03-03,AZ+HI,0,1,2,0,0,3,3,2010,-11,-249,2
2010-03-04,DST states,9,13,12,22,6,62,68,2010,-10,-248,3
2010-03-04,AZ+HI,0,0,0,3,0,3,3,2010,-10,-248,3
2010-03-05,DST states,12,6,13,17,14,63,67,2010,-9,-247,4
2010-03-05,AZ+HI,1,2,0,0,0,3,8,2010,-9,-247,4
2010-03-06,DST states,27,14,16,32,15,105,122,2010,-8,-246,5
2010-03-06,AZ+HI,1,1,1,3,1,7,8,2010,-8,-246,5
2010-03-07,DST states,23,9,17,21,9,79,81,2010,-7,-245,6
2010-03-07,AZ+HI,0,0,0,0,0,0,0,2010,-7,-245,6
2010-03-08,DST states,7,13,14,22,5,61,63,2010,-6,-244,0
2010-03-08,AZ+HI,1,0,0,1,0,2,2,2010,-6,-244,0
2010-03-09,DST states,6,12,10,13,14,55,62,2010,-5,-243,1
2010-03-09,AZ+HI,2,0,0,0,0,2,2,2010,-5,-243,1
2010-03-10,DST states,10,13,11,21,11,66,72,2010,-4,-242,2
2010-03-10,AZ+HI,0,0,0,0,1,1,1,2010,-4,-242,2
2010-03-11,DST states,8,16,10,23,10,67,74,2010,-3,-241,3
2010-03-11,AZ+HI,0,1,0,0,0,1,1,2010,-3,-241,3
2010-03-12,DST states,9,6,15,26,14,72,79,2010,-2,-240,4
2010-03-12,AZ+HI,0,1,2,2,0,5,5,2010,-2,-240,4
2010-03-13,DST states,18,11,11,23,9,72,77,2010,-1,-239,5
2010-03-13,AZ+HI,0,2,2,0,1,5,7,2010,-1,-239,5
2010-03-14,DST states,26,6,11,16,12,71,77,2010,0,-238,6
2010-03-14,AZ+HI,1,0,0,0,0,1,1,2010,0,-238,6
2010-03-15,DST states,10,9,16,18,6,59,69,2010,1,-237,0
2010-03-15,AZ+HI,0,0,0,0,1,1,1,2010,1,-237,0
2010-03-16,DST states,7,16,9,15,5,52,61,2010,2,-236,1
2010-03-16,AZ+HI,0,0,0,1,0,1,1,2010,2,-236,1
2010-03-17,DST states,9,23,14,30,10,86,93,2010,3,-235,2
2010-03-17,AZ+HI,0,1,0,4,2,7,7,2010,3,-235,2
2010-03-18,DST states,11,9,17,27,16,80,85,2010,4,-234,3
2010-03-18,AZ+HI,1,0,0,0,0,1,1,2010,4,-234,3
2010-03-19,DST states,16,11,18,36,10,91,99,2010,5,-233,4
2010-03-19,AZ+HI,0,1,0,1,0,2,2,2010,5,-233,4
2010-03-20,DST states,27,13,13,26,12,94,104,2010,6,-232,5
2010-03-20,AZ+HI,0,0,1,0,1,2,2,2010,6,-232,5
2010-03-21,DST states,23,12,12,19,6,72,78,2010,7,-231,6
2010-03-21,AZ+HI,0,0,0,0,0,0,0,2010,7,-231,6
2010-03-22,DST states,7,5,4,18,5,39,40,2010,8,-230,0
2010-03-22,AZ+HI,0,0,1,1,0,2,2,2010,8,-230,0
2010-03-23,DST states,10,17,9,17,6,59,63,2010,9,-229,1
2010-03-23,AZ+HI,0,0,1,1,0,2,2,2010,9,-229,1
2010-03-24,DST states,1,10,13,22,12,58,59,2010,10,-228,2
2010-03-24,AZ+HI,0,1,2,0,0,3,3,2010,10,-228,2
2010-03-25,DST states,16,12,16,17,12,73,79,2010,11,-227,3
2010-03-25,AZ+HI,0,1,1,0,0,2,5,2010,11,-227,3
2010-03-26,DST states,13,10,18,27,11,79,93,2010,12,-226,4
2010-03-26,AZ+HI,0,1,0,0,0,2,2,2010,12,-226,4
2010-03-27,DST states,22,10,20,22,16,90,99,2010,13,-225,5
2010-03-27,AZ+HI,1,0,0,0,0,1,1,2010,13,-225,5
2010-03-28,DST states,20,10,13,28,11,82,95,2010,14,-224,6
2010-03-28,AZ+HI,0,0,1,0,0,2,2,2010,14,-224,6
2010-03-29,DST states,11,15,12,18,10,66,73,2010,15,-223,0
2010-03-29,AZ+HI,0,0,0,0,1,1,1,2010,15,-223,0
2010-03-30,DST states,6,12,19,21,10,68,77,2010,16,-222,1
2010-03-30,AZ+HI,0,0,0,1,0,1,1,2010,16,-222,1
2010-03-31,DST states,6,12,11,25,12,67,74,2010,17,-221,2
2010-03-31,AZ+HI,0,0,0,1,0,1,1,2010,17,-221,2
2010-04-01,DST states,7,14,21,32,9,84,99,2010,18,-220,3
2010-04-01,AZ+HI,0,0,1,1,0,2,2,2010,18,-220,3
2010-04-02,DST states,16,13,29,33,17,108,127,2010,19,-219,4
2010-04-02,AZ+HI,0,0,2,1,1,4,5,2010,19,-219,4
2010-04-03,DST states,20,14,20,36,17,107,117,2010,20,-218,5
2010-04-03,AZ+HI,0,0,1,1,0,2,2,2010,20,-218,5
2010-04-04,DST states,29,18,12,34,9,102,113,2010,21,-217,6
2010-04-04,AZ+HI,1,0,1,0,0,2,2,2010,21,-217,6
2010-04-05,DST states,11,12,22,28,8,82,89,2010,22,-216,0
2010-04-05,AZ+HI,1,0,0,0,0,1,1,2010,22,-216,0
2010-04-06,DST states,15,5,25,25,14,85,90,2010,23,-215,1
2010-04-06,AZ+HI,0,0,1,0,0,1,1,2010,23,-215,1
2010-04-07,DST states,11,11,14,23,16,75,90,2010,24,-214,2
2010-04-07,AZ+HI,0,0,0,0,0,0,0,2010,24,-214,2
2010-04-08,DST states,10,15,12,25,15,77,81,2010,25,-213,3
2010-04-08,AZ+HI,0,1,0,1,0,2,2,2010,25,-213,3
2010-04-09,DST states,15,12,21,21,13,82,93,2010,26,-212,4
2010-04-09,AZ+HI,0,0,2,1,3,6,6,2010,26,-212,4
2010-04-10,DST states,23,18,24,25,22,114,123,2010,27,-211,5
2010-04-10,AZ+HI,3,0,1,1,0,5,6,2010,27,-211,5
2010-04-11,DST states,18,11,17,40,14,101,113,2010,28,-210,6
2010-04-11,AZ+HI,1,0,1,0,1,3,3,2010,28,-210,6
2010-04-12,DST states,9,11,12,20,7,59,66,2010,29,-209,0
2010-04-12,AZ+HI,0,0,0,1,0,1,1,2010,29,-209,0
2010-04-13,DST states,6,14,8,27,6,62,65,2010,30,-208,1
2010-04-13,AZ+HI,0,0,0,2,0,2,2,2010,30,-208,1
2010-04-14,DST states,12,12,15,25,11,75,77,2010,31,-207,2
2010-04-14,AZ+HI,0,0,0,0,1,1,1,2010,31,-207,2
2010-04-15,DST states,8,8,24,31,6,77,80,2010,32,-206,3
2010-04-15,AZ+HI,0,0,1,0,0,1,1,2010,32,-206,3
2010-04-16,DST states,12,13,34,24,15,98,110,2010,33,-205,4
2010-04-16,AZ+HI,0,0,0,1,1,2,2,2010,33,-205,4
2010-04-17,DST states,23,14,16,24,17,95,106,2010,34,-204,5
2010-04-17,AZ+HI,2,0,0,2,0,4,4,2010,34,-204,5
2010-04-18,DST states,39,7,21,34,12,115,128,2010,35,-203,6
2010-04-18,AZ+HI,0,0,0,0,1,2,2,2010,35,-203,6
2010-04-19,DST states,6,12,10,26,8,62,67,2010,36,-202,0
2010-04-19,AZ+HI,0,0,0,1,0,1,1,2010,36,-202,0
2010-04-20,DST states,5,12,11,20,13,62,65,2010,37,-201,1
2010-04-20,AZ+HI,0,1,0,0,0,2,3,2010,37,-201,1
2010-04-21,DST states,11,15,16,17,6,66,69,2010,38,-200,2
2010-04-21,AZ+HI,0,0,1,1,0,2,2,2010,38,-200,2
2010-04-22,DST states,5,9,12,19,5,50,51,2010,39,-199,3
2010-04-22,AZ+HI,1,0,0,0,1,2,2,2010,39,-199,3
2010-04-23,DST states,15,12,17,30,13,88,94,2010,40,-198,4
2010-04-23,AZ+HI,0,0,2,1,0,4,4,2010,40,-198,4
2010-04-24,DST states,30,10,26,30,23,120,130,2010,41,-197,5
2010-04-24,AZ+HI,1,0,1,0,0,3,3,2010,41,-197,5
2010-04-25,DST states,27,8,15,16,16,83,93,2010,42,-196,6
2010-04-25,AZ+HI,2,0,0,1,0,3,3,2010,42,-196,6
2010-04-26,DST states,6,8,16,25,6,62,70,2010,43,-195,0
2010-04-26,AZ+HI,0,0,0,1,1,2,2,2010,43,-195,0
2010-04-27,DST states,2,14,16,20,5,58,62,2010,44,-194,1
2010-04-27,AZ+HI,0,1,0,0,1,2,2,2010,44,-194,1
2010-04-28,DST states,6,17,15,18,8,64,67,2010,45,-193,2
2010-04-28,AZ+HI,0,1,0,1,0,2,2,2010,45,-193,2
2010-04-29,DST states,7,9,14,24,13,67,68,2010,46,-192,3
2010-04-29,AZ+HI,0,0,0,0,0,0,0,2010,46,-192,3
2010-04-30,DST states,22,12,15,38,19,106,114,2010,47,-191,4
2010-04-30,AZ+HI,0,0,2,0,0,2,2,2010,47,-191,4
2010-05-01,DST states,27,11,19,34,21,112,121,2010,48,-190,5
2010-05-01,AZ+HI,2,0,0,1,0,3,3,2010,48,-190,5
2010-05-02,DST states,25,14,14,22,10,86,93,2010,49,-189,6
2010-05-02,AZ+HI,0,0,1,0,0,1,1,2010,49,-189,6
2010-05-03,DST states,9,14,18,23,12,77,80,2010,50,-188,0
2010-05-03,AZ+HI,0,0,1,1,0,2,3,2010,50,-188,0
2010-05-04,DST states,9,19,14,18,10,72,77,2010,51,-187,1
2010-05-04,AZ+HI,0,1,0,1,1,3,3,2010,51,-187,1
2010-05-05,DST states,8,16,22,21,15,82,88,2010,52,-186,2
2010-05-05,AZ+HI,0,1,1,0,0,2,2,2010,52,-186,2
2010-05-06,DST states,16,8,16,21,8,69,74,2010,53,-185,3
2010-05-06,AZ+HI,0,0,1,0,2,3,3,2010,53,-185,3
2010-05-07,DST states,12,17,14,38,21,102,106,2010,54,-184,4
2010-05-07,AZ+HI,4,0,2,1,1,8,8,2010,54,-184,4
2010-05-08,DST states,29,13,19,31,21,113,117,2010,55,-183,5
2010-05-08,AZ+HI,0,1,0,4,1,7,8,2010,55,-183,5
2010-05-09,DST states,31,5,8,22,9,77,92,2010,56,-182,6
2010-05-09,AZ+HI,1,1,1,1,0,4,4,2010,56,-182,6
2010-05-10,DST states,8,16,20,26,7,78,86,2010,57,-181,0
2010-05-10,AZ+HI,1,0,0,2,0,3,3,2010,57,-181,0
2010-05-11,DST states,10,13,14,28,5,70,74,2010,58,-180,1
2010-05-11,AZ+HI,0,0,0,0,0,0,0,2010,58,-180,1
2010-05-12,DST states,11,7,13,17,7,55,57,2010,59,-179,2
2010-05-12,AZ+HI,1,0,1,0,0,2,2,2010,59,-179,2
2010-05-13,DST states,10,13,19,29,11,82,88,2010,60,-178,3
2010-05-13,AZ+HI,0,0,1,0,3,4,5,2010,60,-178,3
2010-05-14,DST states,9,12,11,32,13,78,85,2010,61,-177,4
2010-05-14,AZ+HI,1,0,0,1,2,5,5,2010,61,-177,4
2010-05-15,DST states,24,17,19,30,19,110,122,2010,62,-176,5
2010-05-15,AZ+HI,0,0,0,0,0,0,0,2010,62,-176,5
2010-05-16,DST states,27,10,6,29,7,79,86,2010,63,-175,6
2010-05-16,AZ+HI,0,0,0,2,0,3,3,2010,63,-175,6
2010-05-17,DST states,11,12,16,15,7,63,68,2010,64,-174,0
2010-05-17,AZ+HI,0,0,0,1,1,2,2,2010,64,-174,0
2010-05-18,DST states,9,13,5,17,8,53,57,2010,65,-173,1
2010-05-18,AZ+HI,0,0,0,0,0,0,0,2010,65,-173,1
2010-05-19,DST states,13,8,15,19,12,67,69,2010,66,-172,2
2010-05-19,AZ+HI,0,0,0,1,1,2,2,2010,66,-172,2
2010-05-20,DST states,14,7,9,26,11,68,73,2010,67,-171,3
2010-05-20,AZ+HI,0,0,0,1,0,1,1,2010,67,-171,3
2010-05-21,DST states,17,14,25,25,17,98,107,2010,68,-170,4
2010-05-21,AZ+HI,0,0,1,3,0,4,4,2010,68,-170,4
2010-05-22,DST states,24,17,24,30,22,118,129,2010,69,-169,5
2010-05-22,AZ+HI,4,1,0,0,1,6,8,2010,69,-169,5
2010-05-23,DST states,23,13,16,45,15,112,123,2010,70,-168,6
2010-05-23,AZ+HI,0,1,1,2,0,4,4,2010,70,-168,6
2010-05-24,DST states,8,7,15,19,9,59,69,2010,71,-167,0
2010-05-24,AZ+HI,0,0,0,1,0,1,1,2010,71,-167,0
2010-05-25,DST states,8,12,15,24,14,74,78,2010,72,-166,1
2010-05-25,AZ+HI,0,0,0,1,0,1,1,2010,72,-166,1
2010-05-26,DST states,6,10,20,35,12,83,87,2010,73,-165,2
2010-05-26,AZ+HI,1,0,0,2,0,3,3,2010,73,-165,2
2010-05-27,DST states,12,16,13,27,9,77,85,2010,74,-164,3
2010-05-27,AZ+HI,0,0,0,0,0,0,0,2010,74,-164,3
2010-05-28,DST states,14,17,16,39,22,109,117,2010,75,-163,4
2010-05-28,AZ+HI,1,1,2,1,0,6,6,2010,75,-163,4
2010-05-29,DST states,22,7,23,36,15,105,124,2010,76,-162,5
2010-05-29,AZ+HI,1,0,1,0,0,2,2,2010,76,-162,5
2010-05-30,DST states,33,9,11,30,20,105,116,2010,77,-161,6
2010-05-30,AZ+HI,0,0,1,1,2,4,4,2010,77,-161,6
2010-05-31,DST states,15,15,17,23,12,82,95,2010,78,-160,0
2010-05-31,AZ+HI,0,0,0,3,0,3,3,2010,78,-160,0
2010-06-01,DST states,4,12,22,26,13,77,81,2010,79,-159,1
2010-06-01,AZ+HI,0,0,0,1,0,1,1,2010,79,-159,1
2010-06-02,DST states,8,13,24,24,14,83,94,2010,80,-158,2
2010-06-02,AZ+HI,0,0,1,1,1,3,3,2010,80,-158,2
2010-06-03,DST states,9,8,26,22,11,76,91,2010,81,-157,3
2010-06-03,AZ+HI,0,1,0,0,0,1,1,2010,81,-157,3
2010-06-04,DST states,16,9,18,20,13,76,79,2010,82,-156,4
2010-06-04,AZ+HI,1,0,1,0,0,2,2,2010,82,-156,4
2010-06-05,DST states,28,10,27,31,17,114,123,2010,83,-155,5
2010-06-05,AZ+HI,0,1,0,0,0,1,1,2010,83,-155,5
2010-06-06,DST states,23,12,17,25,14,93,102,2010,84,-154,6
2010-06-06,AZ+HI,0,0,1,0,1,2,2,2010,84,-154,6
2010-06-07,DST states,4,8,17,29,5,63,67,2010,85,-153,0
2010-06-07,AZ+HI,0,0,2,2,0,4,6,2010,85,-153,0
2010-06-08,DST states,8,14,16,18,8,64,66,2010,86,-152,1
2010-06-08,AZ+HI,0,0,0,0,0,0,0,2010,86,-152,1
2010-06-09,DST states,8,12,13,23,9,66,75,2010,87,-151,2
2010-06-09,AZ+HI,0,0,0,0,0,0,0,2010,87,-151,2
2010-06-10,DST states,15,14,23,27,12,91,97,2010,88,-150,3
2010-06-10,AZ+HI,0,0,1,0,1,2,4,2010,88,-150,3
2010-06-11,DST states,10,17,18,25,17,88,91,2010,89,-149,4
2010-06-11,AZ+HI,0,0,2,1,0,3,3,2010,89,-149,4
2010-06-12,DST states,22,10,24,29,15,101,106,2010,90,-148,5
2010-06-12,AZ+HI,2,0,0,1,1,4,4,2010,90,-148,5
2010-06-13,DST states,29,8,16,33,14,100,111,2010,91,-147,6
2010-06-13,AZ+HI,0,1,0,0,0,1,1,2010,91,-147,6
2010-06-14,DST states,4,10,22,29,7,72,77,2010,92,-146,0
2010-06-14,AZ+HI,0,0,0,1,0,1,1,2010,92,-146,0
2010-06-15,DST states,9,13,18,22,11,73,76,2010,93,-145,1
2010-06-15,AZ+HI,0,0,0,0,0,0,0,2010,93,-145,1
2010-06-16,DST states,13,7,19,20,10,69,70,2010,94,-144,2
2010-06-16,AZ+HI,0,0,0,0,1,1,1,2010,94,-144,2
2010-06-17,DST states,11,13,15,20,17,76,78,2010,95,-143,3
2010-06-17,AZ+HI,0,0,0,1,0,1,1,2010,95,-143,3
2010-06-18,DST states,15,14,25,36,15,107,122,2010,96,-142,4
2010-06-18,AZ+HI,1,0,0,1,0,2,2,2010,96,-142,4
2010-06-19,DST states,22,12,25,37,16,112,122,2010,97,-141,5
2010-06-19,AZ+HI,1,1,0,0,0,2,3,2010,97,-141,5
2010-06-20,DST states,25,13,21,20,10,91,98,2010,98,-140,6
2010-06-20,AZ+HI,1,0,0,1,2,4,6,2010,98,-140,6
2010-06-21,DST states,10,16,21,22,15,84,93,2010,99,-139,0
2010-06-21,AZ+HI,0,0,0,1,0,1,1,2010,99,-139,0
2010-06-22,DST states,10,18,14,17,11,70,79,2010,100,-138,1
2010-06-22,AZ+HI,0,0,1,0,0,1,1,2010,100,-138,1
2010-06-23,DST states,10,7,12,22,11,62,63,2010,101,-137,2
2010-06-23,AZ+HI,0,1,0,0,1,2,2,2010,101,-137,2
2010-06-24,DST states,12,10,16,24,14,76,85,2010,102,-136,3
2010-06-24,AZ+HI,1,0,0,1,0,2,2,2010,102,-136,3
2010-06-25,DST states,16,9,26,24,14,89,96,2010,103,-135,4
2010-06-25,AZ+HI,0,0,0,2,0,2,3,2010,103,-135,4
2010-06-26,DST states,29,16,22,42,21,130,144,2010,104,-134,5
2010-06-26,AZ+HI,1,0,1,0,0,2,2,2010,104,-134,5
2010-06-27,DST states,24,15,15,33,9,97,112,2010,105,-133,6
2010-06-27,AZ+HI,0,0,0,1,0,1,1,2010,105,-133,6
2010-06-28,DST states,8,10,23,22,9,73,80,2010,106,-132,0
2010-06-28,AZ+HI,0,1,1,1,0,3,3,2010,106,-132,0
2010-06-29,DST states,8,8,15,24,12,67,73,2010,107,-131,1
2010-06-29,AZ+HI,0,0,0,0,0,0,0,2010,107,-131,1
2010-06-30,DST states,14,9,20,27,9,79,90,2010,108,-130,2
2010-06-30,AZ+HI,0,0,0,0,1,1,1,2010,108,-130,2
2010-07-01,DST states,10,10,19,26,15,80,86,2010,109,-129,3
2010-07-01,AZ+HI,2,0,0,0,0,3,4,2010,109,-129,3
2010-07-02,DST states,22,11,24,37,16,110,118,2010,110,-128,4
2010-07-02,AZ+HI,0,0,0,1,1,2,2,2010,110,-128,4
2010-07-03,DST states,26,15,17,26,25,109,119,2010,111,-127,5
2010-07-03,AZ+HI,2,0,2,2,0,6,7,2010,111,-127,5
2010-07-04,DST states,28,14,19,32,19,112,125,2010,112,-126,6
2010-07-04,AZ+HI,1,0,1,0,0,2,3,2010,112,-126,6
2010-07-05,DST states,25,16,16,19,8,85,90,2010,113,-125,0
2010-07-05,AZ+HI,1,2,0,2,0,6,6,2010,113,-125,0
2010-07-06,DST states,6,9,19,21,12,68,74,2010,114,-124,1
2010-07-06,AZ+HI,0,1,0,1,0,2,2,2010,114,-124,1
2010-07-07,DST states,5,8,15,25,15,69,72,2010,115,-123,2
2010-07-07,AZ+HI,0,0,0,2,0,3,3,2010,115,-123,2
2010-07-08,DST states,8,14,24,27,8,82,93,2010,116,-122,3
2010-07-08,AZ+HI,0,0,0,0,0,0,0,2010,116,-122,3
2010-07-09,DST states,6,14,22,26,24,92,106,2010,117,-121,4
2010-07-09,AZ+HI,1,0,0,0,0,1,1,2010,117,-121,4
2010-07-10,DST states,19,14,20,33,20,106,119,2010,118,-120,5
2010-07-10,AZ+HI,1,1,1,1,1,5,5,2010,118,-120,5
2010-07-11,DST states,29,14,17,37,5,102,108,2010,119,-119,6
2010-07-11,AZ+HI,0,0,0,0,1,1,1,2010,119,-119,6
2010-07-12,DST states,9,14,15,28,14,81,85,2010,120,-118,0
2010-07-12,AZ+HI,0,0,0,0,0,0,0,2010,120,-118,0
2010-07-13,DST states,8,11,16,19,9,63,68,2010,121,-117,1
2010-07-13,AZ+HI,0,1,0,1,0,2,2,2010,121,-117,1
2010-07-14,DST states,14,15,15,23,7,74,78,2010,122,-116,2
2010-07-14,AZ+HI,0,1,0,0,0,1,2,2010,122,-116,2
2010-07-15,DST states,10,8,23,27,19,88,98,2010,123,-115,3
2010-07-15,AZ+HI,0,0,0,0,0,0,0,2010,123,-115,3
2010-07-16,DST states,15,11,24,30,19,99,108,2010,124,-114,4
2010-07-16,AZ+HI,1,0,1,1,0,3,3,2010,124,-114,4
2010-07-17,DST states,29,21,18,28,17,114,123,2010,125,-113,5
2010-07-17,AZ+HI,0,0,2,0,0,2,2,2010,125,-113,5
2010-07-18,DST states,38,8,13,36,12,107,116,2010,126,-112,6
2010-07-18,AZ+HI,1,1,0,1,0,3,4,2010,126,-112,6
2010-07-19,DST states,7,9,22,26,10,75,79,2010,127,-111,0
2010-07-19,AZ+HI,0,0,0,1,0,1,1,2010,127,-111,0
2010-07-20,DST states,11,11,18,21,12,74,79,2010,128,-110,1
2010-07-20,AZ+HI,0,0,1,0,0,1,1,2010,128,-110,1
2010-07-21,DST states,10,8,19,20,10,67,71,2010,129,-109,2
2010-07-21,AZ+HI,0,0,0,0,0,0,0,2010,129,-109,2
2010-07-22,DST states,9,13,11,27,10,72,78,2010,130,-108,3
2010-07-22,AZ+HI,0,0,0,0,0,0,0,2010,130,-108,3
2010-07-23,DST states,16,15,21,33,23,110,119,2010,131,-107,4
2010-07-23,AZ+HI,0,0,0,0,3,3,3,2010,131,-107,4
2010-07-24,DST states,26,12,18,48,14,119,129,2010,132,-106,5
2010-07-24,AZ+HI,0,2,0,1,0,3,3,2010,132,-106,5
2010-07-25,DST states,34,5,22,32,17,112,124,2010,133,-105,6
2010-07-25,AZ+HI,2,1,0,1,0,4,4,2010,133,-105,6
2010-07-26,DST states,7,5,16,36,15,79,83,2010,134,-104,0
2010-07-26,AZ+HI,0,0,0,2,0,2,2,2010,134,-104,0
2010-07-27,DST states,6,10,15,25,15,72,77,2010,135,-103,1
2010-07-27,AZ+HI,0,0,1,0,0,2,2,2010,135,-103,1
2010-07-28,DST states,9,12,17,23,8,69,74,2010,136,-102,2
2010-07-28,AZ+HI,0,0,1,1,2,4,4,2010,136,-102,2
2010-07-29,DST states,7,18,14,26,13,78,84,2010,137,-101,3
2010-07-29,AZ+HI,1,0,0,1,0,2,2,2010,137,-101,3
2010-07-30,DST states,15,10,17,37,15,94,102,2010,138,-100,4
2010-07-30,AZ+HI,2,0,0,0,2,4,4,2010,138,-100,4
2010-07-31,DST states,29,15,17,37,20,118,137,2010,139,-99,5
2010-07-31,AZ+HI,1,1,0,0,2,4,4,2010,139,-99,5
2010-08-01,DST states,32,16,15,26,9,100,113,2010,140,-98,6
2010-08-01,AZ+HI,0,0,0,1,0,1,1,2010,140,-98,6
2010-08-02,DST states,10,14,23,24,10,82,90,2010,141,-97,0
2010-08-02,AZ+HI,0,0,0,1,0,2,2,2010,141,-97,0
2010-08-03,DST states,9,11,23,24,17,84,89,2010,142,-96,1
2010-08-03,AZ+HI,0,0,0,0,0,0,0,2010,142,-96,1
2010-08-04,DST states,8,13,12,27,9,70,75,2010,143,-95,2
2010-08-04,AZ+HI,0,0,0,0,1,1,1,2010,143,-95,2
2010-08-05,DST states,11,15,12,21,8,68,73,2010,144,-94,3
2010-08-05,AZ+HI,0,1,0,4,0,6,6,2010,144,-94,3
2010-08-06,DST states,17,17,22,29,18,103,109,2010,145,-93,4
2010-08-06,AZ+HI,1,1,0,2,0,4,5,2010,145,-93,4
2010-08-07,DST states,28,18,17,33,22,118,130,2010,146,-92,5
2010-08-07,AZ+HI,0,1,0,1,1,3,5,2010,146,-92,5
2010-08-08,DST states,31,12,21,35,11,110,127,2010,147,-91,6
2010-08-08,AZ+HI,0,0,0,0,0,0,0,2010,147,-91,6
2010-08-09,DST states,10,15,17,34,11,87,100,2010,148,-90,0
2010-08-09,AZ+HI,0,1,0,0,0,2,2,2010,148,-90,0
2010-08-10,DST states,4,13,19,11,10,57,61,2010,149,-89,1
2010-08-10,AZ+HI,0,0,0,0,1,1,1,2010,149,-89,1
2010-08-11,DST states,12,20,23,21,11,87,95,2010,150,-88,2
2010-08-11,AZ+HI,0,0,0,0,0,0,0,2010,150,-88,2
2010-08-12,DST states,19,13,16,24,9,82,91,2010,151,-87,3
2010-08-12,AZ+HI,0,0,0,0,1,1,1,2010,151,-87,3
2010-08-13,DST states,18,14,15,39,22,109,121,2010,152,-86,4
2010-08-13,AZ+HI,0,1,0,2,1,5,5,2010,152,-86,4
2010-08-14,DST states,35,19,23,24,24,126,143,2010,153,-85,5
2010-08-14,AZ+HI,1,0,0,0,1,2,2,2010,153,-85,5
2010-08-15,DST states,35,11,19,23,10,98,107,2010,154,-84,6
2010-08-15,AZ+HI,1,0,1,2,0,4,5,2010,154,-84,6
2010-08-16,DST states,10,17,21,28,6,82,88,2010,155,-83,0
2010-08-16,AZ+HI,0,0,1,0,0,1,1,2010,155,-83,0
2010-08-17,DST states,9,12,12,16,14,63,66,2010,156,-82,1
2010-08-17,AZ+HI,1,0,0,1,1,3,4,2010,156,-82,1
2010-08-18,DST states,9,8,20,25,15,78,84,2010,157,-81,2
2010-08-18,AZ+HI,0,0,1,1,0,2,3,2010,157,-81,2
2010-08-19,DST states,12,18,11,22,11,75,78,2010,158,-80,3
2010-08-19,AZ+HI,0,0,0,0,0,0,0,2010,158,-80,3
2010-08-20,DST states,19,7,27,30,16,99,108,2010,159,-79,4
2010-08-20,AZ+HI,1,1,0,1,2,5,6,2010,159,-79,4
2010-08-21,DST states,22,16,20,26,25,109,115,2010,160,-78,5
2010-08-21,AZ+HI,0,0,1,0,0,1,1,2010,160,-78,5
2010-08-22,DST states,32,13,12,23,10,92,99,2010,161,-77,6
2010-08-22,AZ+HI,1,1,1,1,0,4,4,2010,161,-77,6
2010-08-23,DST states,13,16,19,21,13,83,86,2010,162,-76,0
2010-08-23,AZ+HI,0,1,0,1,0,2,2,2010,162,-76,0
2010-08-24,DST states,11,15,19,20,4,69,85,2010,163,-75,1
2010-08-24,AZ+HI,0,0,0,1,0,1,1,2010,163,-75,1
2010-08-25,DST states,10,10,15,18,11,65,71,2010,164,-74,2
2010-08-25,AZ+HI,0,0,0,1,1,2,2,2010,164,-74,2
2010-08-26,DST states,15,12,13,20,14,74,77,2010,165,-73,3
2010-08-26,AZ+HI,0,1,0,1,0,2,2,2010,165,-73,3
2010-08-27,DST states,18,17,23,32,21,112,127,2010,166,-72,4
2010-08-27,AZ+HI,0,0,1,1,0,2,2,2010,166,-72,4
2010-08-28,DST states,33,14,22,35,16,122,133,2010,167,-71,5
2010-08-28,AZ+HI,0,1,0,0,0,1,1,2010,167,-71,5
2010-08-29,DST states,31,20,16,38,10,116,130,2010,168,-70,6
2010-08-29,AZ+HI,1,1,1,1,0,5,5,2010,168,-70,6
2010-08-30,DST states,13,7,25,21,7,74,82,2010,169,-69,0
2010-08-30,AZ+HI,1,0,1,0,0,2,3,2010,169,-69,0
2010-08-31,DST states,7,14,13,22,9,65,69,2010,170,-68,1
2010-08-31,AZ+HI,0,1,0,0,0,1,1,2010,170,-68,1
2010-09-01,DST states,13,11,18,19,12,74,78,2010,171,-67,2
2010-09-01,AZ+HI,0,0,0,1,0,1,1,2010,171,-67,2
2010-09-02,DST states,5,17,20,30,16,89,94,2010,172,-66,3
2010-09-02,AZ+HI,1,1,1,0,1,6,6,2010,172,-66,3
2010-09-03,DST states,9,12,19,29,12,81,94,2010,173,-65,4
2010-09-03,AZ+HI,0,0,1,1,0,2,2,2010,173,-65,4
2010-09-04,DST states,36,20,16,43,13,128,137,2010,174,-64,5
2010-09-04,AZ+HI,0,0,1,1,0,2,4,2010,174,-64,5
2010-09-05,DST states,34,14,15,29,11,103,112,2010,175,-63,6
2010-09-05,AZ+HI,1,1,0,1,2,5,5,2010,175,-63,6
2010-09-06,DST states,23,9,17,38,12,99,103,2010,176,-62,0
2010-09-06,AZ+HI,0,2,0,0,0,2,2,2010,176,-62,0
2010-09-07,DST states,11,17,19,24,6,77,81,2010,177,-61,1
2010-09-07,AZ+HI,0,0,1,0,0,1,1,2010,177,-61,1
2010-09-08,DST states,8,15,16,29,6,75,85,2010,178,-60,2
2010-09-08,AZ+HI,0,0,0,0,0,0,0,2010,178,-60,2
2010-09-09,DST states,11,14,16,22,10,74,75,2010,179,-59,3
2010-09-09,AZ+HI,0,0,0,0,0,0,0,2010,179,-59,3
2010-09-10,DST states,11,23,25,29,17,105,110,2010,180,-58,4
2010-09-10,AZ+HI,0,0,1,1,0,2,2,2010,180,-58,4
2010-09-11,DST states,37,10,22,35,12,118,134,2010,181,-57,5
2010-09-11,AZ+HI,2,0,1,0,0,3,3,2010,181,-57,5
2010-09-12,DST states,36,13,23,33,12,119,133,2010,182,-56,6
2010-09-12,AZ+HI,1,0,0,0,0,2,2,2010,182,-56,6
2010-09-13,DST states,7,11,17,39,3,77,83,2010,183,-55,0
2010-09-13,AZ+HI,0,0,0,1,0,1,1,2010,183,-55,0
2010-09-14,DST states,6,16,15,32,9,78,82,2010,184,-54,1
2010-09-14,AZ+HI,0,1,0,1,0,2,2,2010,184,-54,1
2010-09-15,DST states,7,16,17,35,11,86,89,2010,185,-53,2
2010-09-15,AZ+HI,0,1,0,1,0,2,2,2010,185,-53,2
2010-09-16,DST states,16,14,13,28,11,84,92,2010,186,-52,3
2010-09-16,AZ+HI,0,0,0,1,0,1,1,2010,186,-52,3
2010-09-17,DST states,12,7,17,23,16,75,79,2010,187,-51,4
2010-09-17,AZ+HI,0,0,0,1,0,1,1,2010,187,-51,4
2010-09-18,DST states,40,12,21,32,17,126,153,2010,188,-50,5
2010-09-18,AZ+HI,0,1,0,0,0,1,1,2010,188,-50,5
2010-09-19,DST states,30,5,22,41,10,108,120,2010,189,-49,6
2010-09-19,AZ+HI,1,1,2,0,1,5,5,2010,189,-49,6
2010-09-20,DST states,10,13,20,20,9,72,75,2010,190,-48,0
2010-09-20,AZ+HI,0,0,0,1,0,1,1,2010,190,-48,0
2010-09-21,DST states,8,11,13,20,6,58,59,2010,191,-47,1
2010-09-21,AZ+HI,0,1,0,0,0,1,1,2010,191,-47,1
2010-09-22,DST states,7,13,8,23,10,61,64,2010,192,-46,2
2010-09-22,AZ+HI,0,0,1,0,0,1,1,2010,192,-46,2
2010-09-23,DST states,5,10,22,30,11,78,82,2010,193,-45,3
2010-09-23,AZ+HI,0,0,1,0,0,1,1,2010,193,-45,3
2010-09-24,DST states,14,19,17,35,21,106,114,2010,194,-44,4
2010-09-24,AZ+HI,1,0,0,0,0,1,1,2010,194,-44,4
2010-09-25,DST states,36,13,23,39,18,130,137,2010,195,-43,5
2010-09-25,AZ+HI,1,0,2,1,0,5,6,2010,195,-43,5
2010-09-26,DST states,36,16,20,33,8,116,127,2010,196,-42,6
2010-09-26,AZ+HI,1,0,1,0,0,2,2,2010,196,-42,6
2010-09-27,DST states,7,17,17,38,8,88,96,2010,197,-41,0
2010-09-27,AZ+HI,0,1,1,2,0,4,4,2010,197,-41,0
2010-09-28,DST states,9,9,14,30,7,69,73,2010,198,-40,1
2010-09-28,AZ+HI,0,0,0,1,1,2,2,2010,198,-40,1
2010-09-29,DST states,11,11,10,29,10,73,85,2010,199,-39,2
2010-09-29,AZ+HI,0,0,2,4,1,7,7,2010,199,-39,2
2010-09-30,DST states,11,24,18,34,17,106,116,2010,200,-38,3
2010-09-30,AZ+HI,2,0,0,0,0,2,2,2010,200,-38,3
2010-10-01,DST states,11,15,20,34,19,99,104,2010,201,-37,4
2010-10-01,AZ+HI,1,0,1,0,0,2,2,2010,201,-37,4
2010-10-02,DST states,35,16,25,39,23,138,145,2010,202,-36,5
2010-10-02,AZ+HI,0,0,1,0,1,2,3,2010,202,-36,5
2010-10-03,DST states,32,15,20,22,13,102,116,2010,203,-35,6
2010-10-03,AZ+HI,1,0,1,0,0,3,3,2010,203,-35,6
2010-10-04,DST states,6,22,18,27,10,83,92,2010,204,-34,0
2010-10-04,AZ+HI,0,0,2,1,0,3,3,2010,204,-34,0
2010-10-05,DST states,8,10,15,19,6,58,64,2010,205,-33,1
2010-10-05,AZ+HI,0,0,1,2,0,3,3,2010,205,-33,1
2010-10-06,DST states,12,13,26,24,8,84,89,2010,206,-32,2
2010-10-06,AZ+HI,0,0,0,1,0,1,1,2010,206,-32,2
2010-10-07,DST states,20,21,14,26,11,92,96,2010,207,-31,3
2010-10-07,AZ+HI,0,0,0,0,0,0,0,2010,207,-31,3
2010-10-08,DST states,13,9,19,42,20,104,107,2010,208,-30,4
2010-10-08,AZ+HI,0,0,0,2,0,2,2,2010,208,-30,4
2010-10-09,DST states,24,18,21,42,18,123,132,2010,209,-29,5
2010-10-09,AZ+HI,1,0,1,0,0,2,2,2010,209,-29,5
2010-10-10,DST states,29,11,22,44,9,116,137,2010,210,-28,6
2010-10-10,AZ+HI,1,0,0,1,0,2,2,2010,210,-28,6
2010-10-11,DST states,9,22,21,23,10,85,96,2010,211,-27,0
2010-10-11,AZ+HI,0,0,0,0,0,0,0,2010,211,-27,0
2010-10-12,DST states,13,13,17,26,6,77,79,2010,212,-26,1
2010-10-12,AZ+HI,0,1,1,0,0,2,2,2010,212,-26,1
2010-10-13,DST states,12,24,15,26,8,87,91,2010,213,-25,2
2010-10-13,AZ+HI,0,1,0,2,0,3,6,2010,213,-25,2
2010-10-14,DST states,7,13,10,32,3,65,72,2010,214,-24,3
2010-10-14,AZ+HI,0,0,0,0,0,0,0,2010,214,-24,3
2010-10-15,DST states,10,13,19,30,18,90,101,2010,215,-23,4
2010-10-15,AZ+HI,0,2,1,1,0,4,4,2010,215,-23,4
2010-10-16,DST states,37,17,19,50,19,142,149,2010,216,-22,5
2010-10-16,AZ+HI,1,0,1,0,0,2,2,2010,216,-22,5
2010-10-17,DST states,27,11,19,31,9,98,108,2010,217,-21,6
2010-10-17,AZ+HI,0,2,1,1,0,4,5,2010,217,-21,6
2010-10-18,DST states,9,11,13,30,4,67,68,2010,218,-20,0
2010-10-18,AZ+HI,0,0,0,0,0,0,0,2010,218,-20,0
2010-10-19,DST states,3,14,17,24,11,69,71,2010,219,-19,1
2010-10-19,AZ+HI,0,0,0,1,1,3,3,2010,219,-19,1
2010-10-20,DST states,5,17,16,27,8,73,77,2010,220,-18,2
2010-10-20,AZ+HI,0,0,1,1,0,2,2,2010,220,-18,2
2010-10-21,DST states,6,14,18,26,7,71,80,2010,221,-17,3
2010-10-21,AZ+HI,1,1,0,1,1,4,4,2010,221,-17,3
2010-10-22,DST states,10,13,27,22,18,90,96,2010,222,-16,4
2010-10-22,AZ+HI,0,0,0,1,0,1,1,2010,222,-16,4
2010-10-23,DST states,29,12,18,32,15,106,118,2010,223,-15,5
2010-10-23,AZ+HI,1,0,1,0,0,2,2,2010,223,-15,5
2010-10-24,DST states,39,14,16,12,6,87,100,2010,224,-14,6
2010-10-24,AZ+HI,0,0,0,0,0,0,0,2010,224,-14,6
2010-10-25,DST states,12,12,15,19,8,67,72,2010,225,-13,0
2010-10-25,AZ+HI,0,0,0,1,1,2,2,2010,225,-13,0
2010-10-26,DST states,6,13,10,30,8,68,75,2010,226,-12,1
2010-10-26,AZ+HI,0,0,0,3,0,3,3,2010,226,-12,1
2010-10-27,DST states,5,17,12,24,8,67,74,2010,227,-11,2
2010-10-27,AZ+HI,0,0,0,0,1,1,1,2010,227,-11,2
2010-10-28,DST states,4,15,16,19,9,63,70,2010,228,-10,3
2010-10-28,AZ+HI,1,1,0,1,0,3,3,2010,228,-10,3
2010-10-29,DST states,11,6,20,36,10,83,91,2010,229,-9,4
2010-10-29,AZ+HI,0,0,1,2,1,4,5,2010,229,-9,4
2010-10-30,DST states,29,15,17,33,20,114,121,2010,230,-8,5
2010-10-30,AZ+HI,1,2,0,0,0,3,3,2010,230,-8,5
2010-10-31,DST states,39,11,13,26,5,95,106,2010,231,-7,6
2010-10-31,AZ+HI,0,0,1,0,0,1,1,2010,231,-7,6
2010-11-01,DST states,6,15,11,35,6,73,83,2010,232,-6,0
2010-11-01,AZ+HI,0,1,0,0,0,1,1,2010,232,-6,0
2010-11-02,DST states,10,12,13,29,9,74,80,2010,233,-5,1
2010-11-02,AZ+HI,0,0,1,2,0,3,3,2010,233,-5,1
2010-11-03,DST states,12,20,11,22,9,76,80,2010,234,-4,2
2010-11-03,AZ+HI,0,1,0,0,0,1,1,2010,234,-4,2
2010-11-04,DST states,12,16,13,23,8,73,74,2010,235,-3,3
2010-11-04,AZ+HI,0,0,1,0,0,1,1,2010,235,-3,3
2010-11-05,DST states,13,29,18,33,21,114,124,2010,236,-2,4
2010-11-05,AZ+HI,1,2,0,2,1,6,6,2010,236,-2,4
2010-11-06,DST states,26,8,13,30,17,94,109,2010,237,-1,5
2010-11-06,AZ+HI,0,0,0,0,0,1,2,2010,237,-1,5
2010-11-07,DST states,33,12,9,18,8,80,85,2010,238,0,6
2010-11-07,AZ+HI,2,0,0,0,0,2,2,2010,238,0,6
2010-11-08,DST states,11,11,16,23,10,71,77,2010,239,1,0
2010-11-08,AZ+HI,0,0,0,0,0,0,0,2010,239,1,0
2010-11-09,DST states,4,10,13,32,13,73,76,2010,240,2,1
2010-11-09,AZ+HI,0,0,1,1,0,2,2,2010,240,2,1
2010-11-10,DST states,4,16,18,30,13,81,85,2010,241,3,2
2010-11-10,AZ+HI,0,0,0,1,0,1,1,2010,241,3,2
2010-11-11,DST states,13,17,14,23,9,76,83,2010,242,4,3
2010-11-11,AZ+HI,0,1,1,0,2,4,4,2010,242,4,3
2010-11-12,DST states,7,15,22,43,16,103,111,2010,243,5,4
2010-11-12,AZ+HI,0,1,1,0,0,2,2,2010,243,5,4
2010-11-13,DST states,14,20,21,36,15,107,119,2010,244,6,5
2010-11-13,AZ+HI,0,1,0,0,0,1,1,2010,244,6,5
2010-11-14,DST states,20,10,16,27,16,89,97,2010,245,7,6
2010-11-14,AZ+HI,1,0,1,2,0,5,6,2010,245,7,6
2010-11-15,DST states,6,14,16,23,6,65,70,2010,246,8,0
2010-11-15,AZ+HI,1,0,0,1,1,3,3,2010,246,8,0
2010-11-16,DST states,5,21,22,28,6,82,92,2010,247,9,1
2010-11-16,AZ+HI,0,2,0,2,0,4,4,2010,247,9,1
2010-11-17,DST states,11,11,14,25,8,69,72,2010,248,10,2
2010-11-17,AZ+HI,0,1,0,2,0,3,3,2010,248,10,2
2010-11-18,DST states,7,6,15,22,5,57,62,2010,249,11,3
2010-11-18,AZ+HI,0,1,1,0,0,2,2,2010,249,11,3
2010-11-19,DST states,19,14,18,32,13,96,103,2010,250,12,4
2010-11-19,AZ+HI,1,1,0,0,0,2,2,2010,250,12,4
2010-11-20,DST states,20,22,14,34,19,112,129,2010,251,13,5
2010-11-20,AZ+HI,0,0,1,0,0,2,2,2010,251,13,5
2010-11-21,DST states,25,15,18,33,10,101,110,2010,252,14,6
2010-11-21,AZ+HI,1,0,0,1,2,4,5,2010,252,14,6
2010-11-22,DST states,8,15,23,32,9,88,93,2010,253,15,0
2010-11-22,AZ+HI,0,0,0,1,1,2,2,2010,253,15,0
2010-11-23,DST states,8,14,16,38,9,85,96,2010,254,16,1
2010-11-23,AZ+HI,0,0,0,2,1,3,3,2010,254,16,1
2010-11-24,DST states,11,19,18,23,13,84,91,2010,255,17,2
2010-11-24,AZ+HI,0,0,0,1,0,1,2,2010,255,17,2
2010-11-25,DST states,20,2,16,21,11,72,80,2010,256,18,3
2010-11-25,AZ+HI,1,1,0,2,0,4,4,2010,256,18,3
2010-11-26,DST states,13,14,11,25,12,75,88,2010,257,19,4
2010-11-26,AZ+HI,1,0,2,2,0,5,5,2010,257,19,4
2010-11-27,DST states,28,13,13,32,16,102,109,2010,258,20,5
2010-11-27,AZ+HI,0,1,0,0,0,1,1,2010,258,20,5
2010-11-28,DST states,30,12,13,30,6,91,97,2010,259,21,6
2010-11-28,AZ+HI,1,0,0,2,0,3,4,2010,259,21,6
2010-11-29,DST states,11,11,23,22,7,74,79,2010,260,22,0
2010-11-29,AZ+HI,0,0,1,1,1,3,3,2010,260,22,0
2010-11-30,DST states,5,21,19,25,6,77,79,2010,261,23,1
2010-11-30,AZ+HI,0,0,0,1,0,1,1,2010,261,23,1
2010-12-01,DST states,7,13,13,31,12,76,78,2010,262,24,2
2010-12-01,AZ+HI,0,1,0,1,0,2,2,2010,262,24,2
2010-12-02,DST states,12,11,8,26,11,68,72,2010,263,25,3
2010-12-02,AZ+HI,1,0,0,0,0,1,1,2010,263,25,3
2010-12-03,DST states,9,14,21,22,5,71,73,2010,264,26,4
2010-12-03,AZ+HI,0,0,1,3,0,4,4,2010,264,26,4
2010-12-04,DST states,22,15,21,27,13,98,102,2010,265,27,5
2010-12-04,AZ+HI,0,0,1,0,0,1,1,2010,265,27,5
2010-12-05,DST states,28,11,12,31,5,87,101,2010,266,28,6
2010-12-05,AZ+HI,0,0,0,1,0,1,1,2010,266,28,6
2010-12-06,DST states,5,9,13,24,4,55,59,2010,267,29,0
2010-12-06,AZ+HI,0,1,0,1,0,2,2,2010,267,29,0
2010-12-07,DST states,5,10,13,23,4,55,62,2010,268,30,1
2010-12-07,AZ+HI,0,1,1,0,0,2,2,2010,268,30,1
2010-12-08,DST states,12,12,18,20,7,69,73,2010,269,31,2
2010-12-08,AZ+HI,0,0,0,2,0,2,2,2010,269,31,2
2010-12-09,DST states,14,13,11,25,8,71,78,2010,270,32,3
2010-12-09,AZ+HI,0,0,0,1,0,1,2,2010,270,32,3
2010-12-10,DST states,14,16,14,41,14,100,102,2010,271,33,4
2010-12-10,AZ+HI,1,0,0,0,0,1,1,2010,271,33,4
2010-12-11,DST states,26,13,12,32,11,94,107,2010,272,34,5
2010-12-11,AZ+HI,3,0,1,1,0,5,5,2010,272,34,5
2010-12-12,DST states,17,9,20,26,5,78,85,2010,273,35,6
2010-12-12,AZ+HI,0,0,0,2,0,2,2,2010,273,35,6
2010-12-13,DST states,6,14,14,23,6,63,71,2010,274,36,0
2010-12-13,AZ+HI,0,0,0,1,0,1,1,2010,274,36,0
2010-12-14,DST states,5,18,12,23,9,67,73,2010,275,37,1
2010-12-14,AZ+HI,1,0,0,0,0,2,2,2010,275,37,1
2010-12-15,DST states,6,11,13,29,9,68,78,2010,276,38,2
2010-12-15,AZ+HI,0,0,0,2,1,5,5,2010,276,38,2
2010-12-16,DST states,12,21,18,23,5,79,81,2010,277,39,3
2010-12-16,AZ+HI,0,0,0,0,0,0,0,2010,277,39,3
2010-12-17,DST states,14,13,14,28,14,85,92,2010,278,40,4
2010-12-17,AZ+HI,1,0,0,1,1,3,4,2010,278,40,4
2010-12-18,DST states,26,19,18,22,13,99,108,2010,279,41,5
2010-12-18,AZ+HI,0,1,0,1,0,2,2,2010,279,41,5
2010-12-19,DST states,39,11,11,23,7,93,103,2010,280,42,6
2010-12-19,AZ+HI,0,0,0,3,0,3,3,2010,280,42,6
2010-12-20,DST states,10,16,20,28,9,83,89,2010,281,43,0
2010-12-20,AZ+HI,0,0,0,1,0,1,1,2010,281,43,0
2010-12-21,DST states,7,14,16,31,5,74,78,2010,282,44,1
2010-12-21,AZ+HI,0,0,0,0,0,0,0,2010,282,44,1
2010-12-22,DST states,9,8,25,22,11,75,80,2010,283,45,2
2010-12-22,AZ+HI,0,0,0,1,1,2,2,2010,283,45,2
2010-12-23,DST states,16,12,19,30,9,88,90,2010,284,46,3
2010-12-23,AZ+HI,0,0,1,1,0,2,2,2010,284,46,3
2010-12-24,DST states,18,10,16,35,8,87,94,2010,285,47,4
2010-12-24,AZ+HI,0,1,1,0,0,2,3,2010,285,47,4
2010-12-25,DST states,14,12,10,12,7,55,60,2010,286,48,5
2010-12-25,AZ+HI,2,0,0,2,0,4,4,2010,286,48,5
2010-12-26,DST states,14,7,11,21,7,61,64,2010,287,49,6
2010-12-26,AZ+HI,1,0,1,1,0,3,3,2010,287,49,6
2010-12-27,DST states,8,10,8,26,6,58,61,2010,288,50,0
2010-12-27,AZ+HI,0,0,0,0,0,1,1,2010,288,50,0
2010-12-28,DST states,4,10,18,27,7,66,72,2010,289,51,1
2010-12-28,AZ+HI,0,0,1,1,2,5,5,2010,289,51,1
2010-12-29,DST states,10,9,5,35,9,68,72,2010,290,52,2
2010-12-29,AZ+HI,0,0,0,0,0,0,0,2010,290,52,2
2010-12-30,DST states,10,14,21,33,13,92,99,2010,291,53,3
2010-12-30,AZ+HI,0,0,1,2,1,4,4,2010,291,53,3
2010-12-31,DST states,15,5,16,29,23,88,92,2010,292,54,4
2010-12-31,AZ+HI,0,0,0,0,2,2,2,2010,292,54,4
2011-01-01,DST states,46,27,15,14,10,113,120,2011,-71,-309,5
2011-01-01,AZ+HI,0,0,1,2,1,4,5,2011,-71,-309,5
2011-01-02,DST states,9,7,7,16,8,47,54,2011,-70,-308,6
2011-01-02,AZ+HI,1,0,0,0,0,1,1,2011,-70,-308,6
2011-01-03,DST states,10,9,23,25,6,73,77,2011,-69,-307,0
2011-01-03,AZ+HI,0,0,0,0,1,1,1,2011,-69,-307,0
2011-01-04,DST states,5,14,22,19,12,72,75,2011,-68,-306,1
2011-01-04,AZ+HI,0,0,0,0,0,0,0,2011,-68,-306,1
2011-01-05,DST states,9,14,13,18,4,58,65,2011,-67,-305,2
2011-01-05,AZ+HI,0,2,0,1,0,4,4,2011,-67,-305,2
2011-01-06,DST states,4,11,15,16,6,52,53,2011,-66,-304,3
2011-01-06,AZ+HI,0,1,0,0,0,2,2,2011,-66,-304,3
2011-01-07,DST states,6,8,12,25,17,70,72,2011,-65,-303,4
2011-01-07,AZ+HI,0,1,1,1,1,4,4,2011,-65,-303,4
2011-01-08,DST states,11,7,13,18,12,63,65,2011,-64,-302,5
2011-01-08,AZ+HI,0,0,0,0,0,0,0,2011,-64,-302,5
2011-01-09,DST states,20,7,20,20,3,71,81,2011,-63,-301,6
2011-01-09,AZ+HI,1,0,1,0,0,2,2,2011,-63,-301,6
2011-01-10,DST states,15,13,14,16,6,64,66,2011,-62,-300,0
2011-01-10,AZ+HI,0,0,0,0,0,0,0,2011,-62,-300,0
2011-01-11,DST states,6,14,12,19,6,57,61,2011,-61,-299,1
2011-01-11,AZ+HI,0,1,1,0,0,2,2,2011,-61,-299,1
2011-01-12,DST states,1,13,13,21,4,52,53,2011,-60,-298,2
2011-01-12,AZ+HI,1,0,0,0,1,2,2,2011,-60,-298,2
2011-01-13,DST states,9,5,10,15,4,44,48,2011,-59,-297,3
2011-01-13,AZ+HI,0,1,0,2,0,3,3,2011,-59,-297,3
2011-01-14,DST states,13,11,17,17,8,67,70,2011,-58,-296,4
2011-01-14,AZ+HI,0,0,0,0,1,1,1,2011,-58,-296,4
2011-01-15,DST states,20,16,20,21,12,90,100,2011,-57,-295,5
2011-01-15,AZ+HI,2,0,1,0,0,3,3,2011,-57,-295,5
2011-01-16,DST states,16,6,12,18,7,59,65,2011,-56,-294,6
2011-01-16,AZ+HI,0,0,0,1,1,2,2,2011,-56,-294,6
2011-01-17,DST states,6,11,9,22,7,55,58,2011,-55,-293,0
2011-01-17,AZ+HI,0,0,0,3,0,3,3,2011,-55,-293,0
2011-01-18,DST states,7,9,7,25,5,53,57,2011,-54,-292,1
2011-01-18,AZ+HI,0,1,1,2,0,4,4,2011,-54,-292,1
2011-01-19,DST states,8,21,8,20,4,61,68,2011,-53,-291,2
2011-01-19,AZ+HI,0,0,0,0,0,0,0,2011,-53,-291,2
2011-01-20,DST states,8,14,14,16,6,59,66,2011,-52,-290,3
2011-01-20,AZ+HI,0,1,0,0,0,1,1,2011,-52,-290,3
2011-01-21,DST states,14,16,19,21,16,86,93,2011,-51,-289,4
2011-01-21,AZ+HI,0,0,0,1,0,1,2,2011,-51,-289,4
2011-01-22,DST states,23,11,13,21,15,83,91,2011,-50,-288,5
2011-01-22,AZ+HI,2,0,0,1,0,3,3,2011,-50,-288,5
2011-01-23,DST states,20,8,7,19,6,61,65,2011,-49,-287,6
2011-01-23,AZ+HI,1,0,1,1,0,3,3,2011,-49,-287,6
2011-01-24,DST states,11,16,8,14,5,54,56,2011,-48,-286,0
2011-01-24,AZ+HI,0,0,0,0,0,0,0,2011,-48,-286,0
2011-01-25,DST states,4,9,11,20,4,48,51,2011,-47,-285,1
2011-01-25,AZ+HI,0,0,2,1,0,3,3,2011,-47,-285,1
2011-01-26,DST states,6,8,10,16,6,46,48,2011,-46,-284,2
2011-01-26,AZ+HI,0,1,0,2,0,3,5,2011,-46,-284,2
2011-01-27,DST states,9,11,12,36,9,77,85,2011,-45,-283,3
2011-01-27,AZ+HI,1,0,1,0,0,2,2,2011,-45,-283,3
2011-01-28,DST states,10,13,13,23,9,68,74,2011,-44,-282,4
2011-01-28,AZ+HI,0,0,0,0,0,0,0,2011,-44,-282,4
2011-01-29,DST states,24,11,10,26,11,83,90,2011,-43,-281,5
2011-01-29,AZ+HI,0,0,1,1,0,2,2,2011,-43,-281,5
2011-01-30,DST states,25,13,9,22,7,78,81,2011,-42,-280,6
2011-01-30,AZ+HI,1,0,3,0,0,4,5,2011,-42,-280,6
2011-01-31,DST states,3,12,18,23,7,63,66,2011,-41,-279,0
2011-01-31,AZ+HI,0,0,0,0,1,1,1,2011,-41,-279,0
2011-02-01,DST states,4,12,22,20,4,64,72,2011,-40,-278,1
2011-02-01,AZ+HI,1,0,2,2,0,5,5,2011,-40,-278,1
2011-02-02,DST states,5,5,11,6,4,31,34,2011,-39,-277,2
2011-02-02,AZ+HI,0,0,0,0,0,0,0,2011,-39,-277,2
2011-02-03,DST states,5,16,11,31,13,76,86,2011,-38,-276,3
2011-02-03,AZ+HI,0,0,0,1,0,1,1,2011,-38,-276,3
2011-02-04,DST states,12,14,10,24,13,74,78,2011,-37,-275,4
2011-02-04,AZ+HI,2,0,0,2,0,4,5,2011,-37,-275,4
2011-02-05,DST states,21,5,25,24,10,86,96,2011,-36,-274,5
2011-02-05,AZ+HI,0,0,1,0,1,2,2,2011,-36,-274,5
2011-02-06,DST states,19,5,15,22,17,78,87,2011,-35,-273,6
2011-02-06,AZ+HI,2,0,1,1,0,4,4,2011,-35,-273,6
2011-02-07,DST states,8,8,7,17,7,47,49,2011,-34,-272,0
2011-02-07,AZ+HI,0,0,2,1,0,3,3,2011,-34,-272,0
2011-02-08,DST states,2,15,11,22,7,57,63,2011,-33,-271,1
2011-02-08,AZ+HI,0,0,0,1,0,1,2,2011,-33,-271,1
2011-02-09,DST states,6,22,14,26,4,72,75,2011,-32,-270,2
2011-02-09,AZ+HI,0,0,0,0,1,1,1,2011,-32,-270,2
2011-02-10,DST states,7,12,9,20,6,54,56,2011,-31,-269,3
2011-02-10,AZ+HI,0,1,0,0,0,1,1,2011,-31,-269,3
2011-02-11,DST states,7,14,12,20,8,61,61,2011,-30,-268,4
2011-02-11,AZ+HI,0,0,0,0,0,0,0,2011,-30,-268,4
2011-02-12,DST states,22,14,6,21,15,78,88,2011,-29,-267,5
2011-02-12,AZ+HI,0,0,0,1,0,1,1,2011,-29,-267,5
2011-02-13,DST states,27,11,16,18,8,80,90,2011,-28,-266,6
2011-02-13,AZ+HI,0,0,0,1,0,1,1,2011,-28,-266,6
2011-02-14,DST states,7,15,13,17,7,59,62,2011,-27,-265,0
2011-02-14,AZ+HI,0,3,0,1,0,4,4,2011,-27,-265,0
2011-02-15,DST states,5,10,14,22,9,60,62,2011,-26,-264,1
2011-02-15,AZ+HI,0,0,0,1,0,1,1,2011,-26,-264,1
2011-02-16,DST states,8,15,8,19,4,54,58,2011,-25,-263,2
2011-02-16,AZ+HI,0,0,1,0,0,1,1,2011,-25,-263,2
2011-02-17,DST states,6,13,17,28,5,69,78,2011,-24,-262,3
2011-02-17,AZ+HI,0,0,0,0,0,0,0,2011,-24,-262,3
2011-02-18,DST states,10,11,9,27,13,70,78,2011,-23,-261,4
2011-02-18,AZ+HI,2,0,1,1,2,6,6,2011,-23,-261,4
2011-02-19,DST states,25,8,14,26,17,90,95,2011,-22,-260,5
2011-02-19,AZ+HI,1,1,0,2,0,4,4,2011,-22,-260,5
2011-02-20,DST states,20,18,10,18,7,73,83,2011,-21,-259,6
2011-02-20,AZ+HI,1,0,2,0,0,3,3,2011,-21,-259,6
2011-02-21,DST states,4,11,11,34,6,66,74,2011,-20,-258,0
2011-02-21,AZ+HI,1,2,1,0,0,4,4,2011,-20,-258,0
2011-02-22,DST states,4,10,8,18,7,47,48,2011,-19,-257,1
2011-02-22,AZ+HI,0,0,1,1,1,3,3,2011,-19,-257,1
2011-02-23,DST states,11,10,15,27,5,68,76,2011,-18,-256,2
2011-02-23,AZ+HI,0,0,0,0,1,1,1,2011,-18,-256,2
2011-02-24,DST states,3,6,9,27,7,52,60,2011,-17,-255,3
2011-02-24,AZ+HI,0,0,0,1,0,1,1,2011,-17,-255,3
2011-02-25,DST states,12,18,10,15,11,66,71,2011,-16,-254,4
2011-02-25,AZ+HI,0,0,1,1,0,2,2,2011,-16,-254,4
2011-02-26,DST states,21,10,15,21,9,76,83,2011,-15,-253,5
2011-02-26,AZ+HI,0,0,0,0,1,1,1,2011,-15,-253,5
2011-02-27,DST states,26,11,13,12,6,69,73,2011,-14,-252,6
2011-02-27,AZ+HI,0,1,0,1,0,2,2,2011,-14,-252,6
2011-02-28,DST states,6,8,10,15,3,43,47,2011,-13,-251,0
2011-02-28,AZ+HI,0,0,2,1,0,3,4,2011,-13,-251,0
2011-03-01,DST states,5,14,8,19,6,53,58,2011,-12,-250,1
2011-03-01,AZ+HI,0,0,0,0,0,0,0,2011,-12,-250,1
2011-03-02,DST states,5,7,11,26,11,60,65,2011,-11,-249,2
2011-03-02,AZ+HI,0,1,0,1,0,2,2,2011,-11,-249,2
2011-03-03,DST states,6,10,15,21,13,65,72,2011,-10,-248,3
2011-03-03,AZ+HI,2,0,0,0,2,4,4,2011,-10,-248,3
2011-03-04,DST states,10,16,18,20,16,80,90,2011,-9,-247,4
2011-03-04,AZ+HI,1,1,0,0,0,2,2,2011,-9,-247,4
2011-03-05,DST states,26,10,17,26,18,97,110,2011,-8,-246,5
2011-03-05,AZ+HI,0,0,1,0,0,1,2,2011,-8,-246,5
2011-03-06,DST states,34,10,10,22,10,88,99,2011,-7,-245,6
2011-03-06,AZ+HI,1,0,0,0,0,1,1,2011,-7,-245,6
2011-03-07,DST states,7,11,12,23,10,63,70,2011,-6,-244,0
2011-03-07,AZ+HI,2,1,0,2,0,5,6,2011,-6,-244,0
2011-03-08,DST states,7,8,15,12,4,46,55,2011,-5,-243,1
2011-03-08,AZ+HI,0,1,1,0,0,2,2,2011,-5,-243,1
2011-03-09,DST states,4,17,17,18,7,63,71,2011,-4,-242,2
2011-03-09,AZ+HI,0,0,1,0,0,1,1,2011,-4,-242,2
2011-03-10,DST states,11,15,10,18,5,59,62,2011,-3,-241,3
2011-03-10,AZ+HI,1,0,0,1,2,4,4,2011,-3,-241,3
2011-03-11,DST states,12,10,10,23,13,68,75,2011,-2,-240,4
2011-03-11,AZ+HI,0,1,0,0,1,2,3,2011,-2,-240,4
2011-03-12,DST states,16,22,18,25,12,93,112,2011,-1,-239,5
2011-03-12,AZ+HI,1,1,1,1,0,4,4,2011,-1,-239,5
2011-03-13,DST states,16,10,12,20,8,66,76,2011,0,-238,6
2011-03-13,AZ+HI,1,0,3,0,1,5,5,2011,0,-238,6
2011-03-14,DST states,10,10,14,21,7,62,70,2011,1,-237,0
2011-03-14,AZ+HI,0,1,0,1,1,3,3,2011,1,-237,0
2011-03-15,DST states,7,10,12,12,7,48,52,2011,2,-236,1
2011-03-15,AZ+HI,0,0,1,0,0,1,1,2011,2,-236,1
2011-03-16,DST states,5,11,15,21,6,59,65,2011,3,-235,2
2011-03-16,AZ+HI,0,0,0,1,0,1,2,2011,3,-235,2
2011-03-17,DST states,9,13,17,23,10,72,78,2011,4,-234,3
2011-03-17,AZ+HI,0,0,1,0,0,1,1,2011,4,-234,3
2011-03-18,DST states,25,18,21,31,9,104,109,2011,5,-233,4
2011-03-18,AZ+HI,0,0,0,0,0,0,0,2011,5,-233,4
2011-03-19,DST states,28,7,18,30,21,104,115,2011,6,-232,5
2011-03-19,AZ+HI,1,0,1,0,0,2,3,2011,6,-232,5
2011-03-20,DST states,36,4,10,29,8,87,91,2011,7,-231,6
2011-03-20,AZ+HI,1,1,1,0,1,4,4,2011,7,-231,6
2011-03-21,DST states,7,17,13,17,7,62,68,2011,8,-230,0
2011-03-21,AZ+HI,0,1,1,1,0,3,3,2011,8,-230,0
2011-03-22,DST states,7,12,14,23,13,70,78,2011,9,-229,1
2011-03-22,AZ+HI,0,0,1,1,0,2,2,2011,9,-229,1
2011-03-23,DST states,11,19,9,28,9,76,79,2011,10,-228,2
2011-03-23,AZ+HI,0,0,0,1,0,1,1,2011,10,-228,2
2011-03-24,DST states,10,15,13,14,8,60,63,2011,11,-227,3
2011-03-24,AZ+HI,0,0,0,0,0,0,0,2011,11,-227,3
2011-03-25,DST states,10,14,9,16,11,61,66,2011,12,-226,4
2011-03-25,AZ+HI,1,1,0,2,0,4,4,2011,12,-226,4
2011-03-26,DST states,35,10,17,20,10,92,103,2011,13,-225,5
2011-03-26,AZ+HI,1,0,1,2,0,4,4,2011,13,-225,5
2011-03-27,DST states,21,7,11,17,5,62,68,2011,14,-224,6
2011-03-27,AZ+HI,0,0,2,0,0,2,2,2011,14,-224,6
2011-03-28,DST states,8,13,10,17,5,53,53,2011,15,-223,0
2011-03-28,AZ+HI,1,0,0,1,0,3,3,2011,15,-223,0
2011-03-29,DST states,2,13,11,20,15,61,65,2011,16,-222,1
2011-03-29,AZ+HI,0,1,0,0,0,1,1,2011,16,-222,1
2011-03-30,DST states,8,12,17,12,6,55,63,2011,17,-221,2
2011-03-30,AZ+HI,0,0,0,3,1,4,4,2011,17,-221,2
2011-03-31,DST states,5,21,8,18,8,60,63,2011,18,-220,3
2011-03-31,AZ+HI,0,0,1,0,1,2,2,2011,18,-220,3
2011-04-01,DST states,10,22,16,30,12,90,101,2011,19,-219,4
2011-04-01,AZ+HI,0,0,1,2,1,4,5,2011,19,-219,4
2011-04-02,DST states,32,9,13,23,16,93,104,2011,20,-218,5
2011-04-02,AZ+HI,2,1,0,2,0,5,5,2011,20,-218,5
2011-04-03,DST states,27,9,19,22,9,86,95,2011,21,-217,6
2011-04-03,AZ+HI,1,0,0,0,2,3,3,2011,21,-217,6
2011-04-04,DST states,6,9,10,30,8,63,65,2011,22,-216,0
2011-04-04,AZ+HI,0,0,2,0,1,3,3,2011,22,-216,0
2011-04-05,DST states,8,13,14,12,8,55,59,2011,23,-215,1
2011-04-05,AZ+HI,0,0,0,0,0,0,0,2011,23,-215,1
2011-04-06,DST states,7,18,15,21,6,67,75,2011,24,-214,2
2011-04-06,AZ+HI,0,0,3,0,0,3,3,2011,24,-214,2
2011-04-07,DST states,9,14,13,17,12,65,72,2011,25,-213,3
2011-04-07,AZ+HI,1,0,0,1,0,2,2,2011,25,-213,3
2011-04-08,DST states,12,13,7,18,16,66,71,2011,26,-212,4
2011-04-08,AZ+HI,0,0,0,0,1,1,1,2011,26,-212,4
2011-04-09,DST states,31,14,17,41,9,112,122,2011,27,-211,5
2011-04-09,AZ+HI,4,0,1,0,0,5,7,2011,27,-211,5
2011-04-10,DST states,32,12,11,31,7,94,102,2011,28,-210,6
2011-04-10,AZ+HI,0,0,1,0,0,1,1,2011,28,-210,6
2011-04-11,DST states,10,19,20,13,5,68,71,2011,29,-209,0
2011-04-11,AZ+HI,0,0,0,0,0,0,0,2011,29,-209,0
2011-04-12,DST states,6,13,11,27,11,68,69,2011,30,-208,1
2011-04-12,AZ+HI,1,2,0,1,0,4,4,2011,30,-208,1
2011-04-13,DST states,4,14,14,25,7,64,67,2011,31,-207,2
2011-04-13,AZ+HI,0,0,0,0,0,0,0,2011,31,-207,2
2011-04-14,DST states,8,9,19,28,17,81,82,2011,32,-206,3
2011-04-14,AZ+HI,0,1,0,0,0,1,1,2011,32,-206,3
2011-04-15,DST states,9,10,14,22,16,72,78,2011,33,-205,4
2011-04-15,AZ+HI,0,0,0,1,2,3,4,2011,33,-205,4
2011-04-16,DST states,30,8,19,26,13,96,108,2011,34,-204,5
2011-04-16,AZ+HI,0,0,0,0,0,0,0,2011,34,-204,5
2011-04-17,DST states,25,10,14,28,13,90,105,2011,35,-203,6
2011-04-17,AZ+HI,1,0,1,0,0,2,2,2011,35,-203,6
2011-04-18,DST states,12,14,13,17,12,68,73,2011,36,-202,0
2011-04-18,AZ+HI,1,0,1,2,0,4,4,2011,36,-202,0
2011-04-19,DST states,6,11,17,34,8,76,82,2011,37,-201,1
2011-04-19,AZ+HI,0,0,0,1,0,1,1,2011,37,-201,1
2011-04-20,DST states,6,9,11,28,8,62,69,2011,38,-200,2
2011-04-20,AZ+HI,0,0,0,1,0,1,1,2011,38,-200,2
2011-04-21,DST states,9,9,24,22,11,75,77,2011,39,-199,3
2011-04-21,AZ+HI,0,1,1,2,1,5,5,2011,39,-199,3
2011-04-22,DST states,17,8,15,30,15,86,99,2011,40,-198,4
2011-04-22,AZ+HI,0,0,0,0,1,1,1,2011,40,-198,4
2011-04-23,DST states,19,7,22,32,21,103,107,2011,41,-197,5
2011-04-23,AZ+HI,0,0,0,2,0,2,3,2011,41,-197,5
2011-04-24,DST states,22,2,19,28,10,81,93,2011,42,-196,6
2011-04-24,AZ+HI,1,0,2,0,0,3,3,2011,42,-196,6
2011-04-25,DST states,6,7,17,17,9,57,63,2011,43,-195,0
2011-04-25,AZ+HI,0,0,1,0,0,1,1,2011,43,-195,0
2011-04-26,DST states,2,6,13,25,7,53,61,2011,44,-194,1
2011-04-26,AZ+HI,1,0,0,1,0,2,2,2011,44,-194,1
2011-04-27,DST states,9,6,16,16,3,51,57,2011,45,-193,2
2011-04-27,AZ+HI,0,0,1,1,0,2,2,2011,45,-193,2
2011-04-28,DST states,10,10,16,24,10,70,73,2011,46,-192,3
2011-04-28,AZ+HI,0,0,0,0,2,2,2,2011,46,-192,3
2011-04-29,DST states,11,7,17,15,17,68,72,2011,47,-191,4
2011-04-29,AZ+HI,0,0,1,3,0,5,5,2011,47,-191,4
2011-04-30,DST states,20,4,22,28,15,90,102,2011,48,-190,5
2011-04-30,AZ+HI,0,0,1,1,0,2,3,2011,48,-190,5
2011-05-01,DST states,25,9,16,18,8,77,81,2011,49,-189,6
2011-05-01,AZ+HI,2,0,1,1,0,4,4,2011,49,-189,6
2011-05-02,DST states,12,8,14,17,6,58,62,2011,50,-188,0
2011-05-02,AZ+HI,0,0,0,0,0,0,0,2011,50,-188,0
2011-05-03,DST states,5,11,12,33,12,73,74,2011,51,-187,1
2011-05-03,AZ+HI,0,1,0,0,0,1,1,2011,51,-187,1
2011-05-04,DST states,5,9,16,20,3,53,59,2011,52,-186,2
2011-05-04,AZ+HI,0,0,0,0,0,0,0,2011,52,-186,2
2011-05-05,DST states,8,13,19,17,10,67,71,2011,53,-185,3
2011-05-05,AZ+HI,0,0,2,0,2,4,4,2011,53,-185,3
2011-05-06,DST states,21,11,18,29,13,92,102,2011,54,-184,4
2011-05-06,AZ+HI,0,0,1,0,0,1,1,2011,54,-184,4
2011-05-07,DST states,31,10,16,37,21,115,128,2011,55,-183,5
2011-05-07,AZ+HI,1,0,0,0,1,2,2,2011,55,-183,5
2011-05-08,DST states,24,14,20,29,11,98,108,2011,56,-182,6
2011-05-08,AZ+HI,1,1,0,0,1,3,5,2011,56,-182,6
2011-05-09,DST states,13,11,26,23,11,84,88,2011,57,-181,0
2011-05-09,AZ+HI,0,0,0,0,0,0,0,2011,57,-181,0
2011-05-10,DST states,7,17,15,20,5,64,67,2011,58,-180,1
2011-05-10,AZ+HI,0,0,0,0,1,1,1,2011,58,-180,1
2011-05-11,DST states,10,8,17,30,6,72,75,2011,59,-179,2
2011-05-11,AZ+HI,0,0,0,0,1,1,1,2011,59,-179,2
2011-05-12,DST states,11,9,23,30,7,81,83,2011,60,-178,3
2011-05-12,AZ+HI,0,1,1,0,2,4,6,2011,60,-178,3
2011-05-13,DST states,16,13,19,27,19,95,102,2011,61,-177,4
2011-05-13,AZ+HI,0,1,1,0,1,3,3,2011,61,-177,4
2011-05-14,DST states,32,10,17,22,15,97,104,2011,62,-176,5
2011-05-14,AZ+HI,2,0,1,4,0,7,7,2011,62,-176,5
2011-05-15,DST states,23,10,9,23,7,73,84,2011,63,-175,6
2011-05-15,AZ+HI,0,0,1,0,1,2,3,2011,63,-175,6
2011-05-16,DST states,7,10,23,24,10,74,80,2011,64,-174,0
2011-05-16,AZ+HI,1,0,1,0,0,2,2,2011,64,-174,0
2011-05-17,DST states,8,12,15,20,11,66,69,2011,65,-173,1
2011-05-17,AZ+HI,0,0,0,1,0,1,1,2011,65,-173,1
2011-05-18,DST states,10,4,14,25,8,61,62,2011,66,-172,2
2011-05-18,AZ+HI,0,0,0,2,1,3,3,2011,66,-172,2
2011-05-19,DST states,8,9,9,18,10,55,59,2011,67,-171,3
2011-05-19,AZ+HI,1,0,1,0,0,2,2,2011,67,-171,3
2011-05-20,DST states,22,10,19,24,19,95,103,2011,68,-170,4
2011-05-20,AZ+HI,0,0,0,0,1,1,1,2011,68,-170,4
2011-05-21,DST states,26,14,27,34,21,122,137,2011,69,-169,5
2011-05-21,AZ+HI,0,0,0,0,0,0,0,2011,69,-169,5
2011-05-22,DST states,31,15,14,21,4,87,95,2011,70,-168,6
2011-05-22,AZ+HI,0,0,1,0,0,1,1,2011,70,-168,6
2011-05-23,DST states,7,12,16,26,9,71,73,2011,71,-167,0
2011-05-23,AZ+HI,1,0,1,0,0,2,2,2011,71,-167,0
2011-05-24,DST states,5,14,21,24,7,71,77,2011,72,-166,1
2011-05-24,AZ+HI,0,0,0,0,0,0,0,2011,72,-166,1
2011-05-25,DST states,7,10,15,21,11,64,72,2011,73,-165,2
2011-05-25,AZ+HI,0,1,1,0,0,2,2,2011,73,-165,2
2011-05-26,DST states,13,13,15,25,11,77,83,2011,74,-164,3
2011-05-26,AZ+HI,0,1,0,1,0,2,2,2011,74,-164,3
2011-05-27,DST states,17,13,18,29,16,94,98,2011,75,-163,4
2011-05-27,AZ+HI,0,0,1,0,1,2,4,2011,75,-163,4
2011-05-28,DST states,21,12,17,43,20,113,123,2011,76,-162,5
2011-05-28,AZ+HI,0,0,0,2,2,4,5,2011,76,-162,5
2011-05-29,DST states,24,17,20,28,15,105,114,2011,77,-161,6
2011-05-29,AZ+HI,0,0,0,0,1,1,1,2011,77,-161,6
2011-05-30,DST states,11,9,21,40,12,95,107,2011,78,-160,0
2011-05-30,AZ+HI,0,0,1,2,0,3,3,2011,78,-160,0
2011-05-31,DST states,11,12,15,18,13,69,78,2011,79,-159,1
2011-05-31,AZ+HI,0,0,1,0,0,1,1,2011,79,-159,1
2011-06-01,DST states,7,14,19,25,9,75,84,2011,80,-158,2
2011-06-01,AZ+HI,1,0,0,2,0,3,3,2011,80,-158,2
2011-06-02,DST states,9,12,16,28,8,73,75,2011,81,-157,3
2011-06-02,AZ+HI,0,2,1,0,0,3,3,2011,81,-157,3
2011-06-03,DST states,19,7,13,17,14,70,82,2011,82,-156,4
2011-06-03,AZ+HI,0,0,1,1,0,2,2,2011,82,-156,4
2011-06-04,DST states,23,15,19,29,14,102,112,2011,83,-155,5
2011-06-04,AZ+HI,0,0,1,3,0,4,4,2011,83,-155,5
2011-06-05,DST states,27,7,15,42,11,102,112,2011,84,-154,6
2011-06-05,AZ+HI,0,1,0,0,0,1,1,2011,84,-154,6
2011-06-06,DST states,6,13,16,16,9,61,67,2011,85,-153,0
2011-06-06,AZ+HI,0,0,1,0,0,1,1,2011,85,-153,0
2011-06-07,DST states,6,11,23,20,10,70,74,2011,86,-152,1
2011-06-07,AZ+HI,0,0,0,2,0,2,3,2011,86,-152,1
2011-06-08,DST states,14,10,23,21,12,82,89,2011,87,-151,2
2011-06-08,AZ+HI,0,0,0,1,0,1,1,2011,87,-151,2
2011-06-09,DST states,19,9,22,23,17,90,95,2011,88,-150,3
2011-06-09,AZ+HI,0,0,0,0,0,1,1,2011,88,-150,3
2011-06-10,DST states,14,10,24,41,19,108,118,2011,89,-149,4
2011-06-10,AZ+HI,0,0,1,1,0,2,2,2011,89,-149,4
2011-06-11,DST states,26,6,18,28,21,100,108,2011,90,-148,5
2011-06-11,AZ+HI,1,0,0,0,2,3,6,2011,90,-148,5
2011-06-12,DST states,24,11,16,23,19,93,103,2011,91,-147,6
2011-06-12,AZ+HI,0,1,0,0,0,1,1,2011,91,-147,6
2011-06-13,DST states,13,12,16,29,14,85,92,2011,92,-146,0
2011-06-13,AZ+HI,0,1,0,0,0,1,2,2011,92,-146,0
2011-06-14,DST states,10,9,10,25,7,63,73,2011,93,-145,1
2011-06-14,AZ+HI,0,0,0,0,1,1,2,2011,93,-145,1
2011-06-15,DST states,8,9,21,15,15,69,71,2011,94,-144,2
2011-06-15,AZ+HI,0,0,0,1,0,1,1,2011,94,-144,2
2011-06-16,DST states,11,8,16,26,11,72,80,2011,95,-143,3
2011-06-16,AZ+HI,0,2,0,0,1,3,3,2011,95,-143,3
2011-06-17,DST states,17,16,21,18,16,89,99,2011,96,-142,4
2011-06-17,AZ+HI,0,1,1,0,1,3,3,2011,96,-142,4
2011-06-18,DST states,22,15,10,34,12,94,97,2011,97,-141,5
2011-06-18,AZ+HI,0,0,0,3,1,4,4,2011,97,-141,5
2011-06-19,DST states,27,10,11,24,4,76,87,2011,98,-140,6
2011-06-19,AZ+HI,0,0,3,1,0,5,6,2011,98,-140,6
2011-06-20,DST states,13,15,19,27,11,85,92,2011,99,-139,0
2011-06-20,AZ+HI,0,0,0,0,0,0,0,2011,99,-139,0
2011-06-21,DST states,13,8,25,38,17,103,110,2011,100,-138,1
2011-06-21,AZ+HI,0,0,1,0,0,1,1,2011,100,-138,1
2011-06-22,DST states,12,10,18,29,19,88,106,2011,101,-137,2
2011-06-22,AZ+HI,0,0,1,1,0,2,2,2011,101,-137,2
2011-06-23,DST states,15,11,15,23,11,75,85,2011,102,-136,3
2011-06-23,AZ+HI,1,1,0,0,1,3,3,2011,102,-136,3
2011-06-24,DST states,14,10,12,25,19,81,91,2011,103,-135,4
2011-06-24,AZ+HI,1,0,1,2,1,5,5,2011,103,-135,4
2011-06-25,DST states,22,20,26,43,28,141,162,2011,104,-134,5
2011-06-25,AZ+HI,0,0,0,0,1,1,1,2011,104,-134,5
2011-06-26,DST states,28,12,19,24,14,97,112,2011,105,-133,6
2011-06-26,AZ+HI,0,0,1,0,0,1,2,2011,105,-133,6
2011-06-27,DST states,10,14,19,23,9,76,80,2011,106,-132,0
2011-06-27,AZ+HI,0,1,2,1,1,5,5,2011,106,-132,0
2011-06-28,DST states,15,8,18,30,18,89,98,2011,107,-131,1
2011-06-28,AZ+HI,0,0,0,0,0,0,0,2011,107,-131,1
2011-06-29,DST states,5,8,15,26,10,65,72,2011,108,-130,2
2011-06-29,AZ+HI,0,0,0,0,0,0,0,2011,108,-130,2
2011-06-30,DST states,5,14,20,32,14,86,94,2011,109,-129,3
2011-06-30,AZ+HI,2,0,0,1,1,4,5,2011,109,-129,3
2011-07-01,DST states,16,15,19,32,18,100,113,2011,110,-128,4
2011-07-01,AZ+HI,0,0,1,2,1,4,4,2011,110,-128,4
2011-07-02,DST states,18,13,24,29,21,106,119,2011,111,-127,5
2011-07-02,AZ+HI,0,0,0,3,0,4,6,2011,111,-127,5
2011-07-03,DST states,35,16,14,22,18,105,120,2011,112,-126,6
2011-07-03,AZ+HI,1,0,3,0,0,4,4,2011,112,-126,6
2011-07-04,DST states,18,13,18,34,19,103,113,2011,113,-125,0
2011-07-04,AZ+HI,0,1,1,1,0,3,4,2011,113,-125,0
2011-07-05,DST states,18,15,16,25,7,82,89,2011,114,-124,1
2011-07-05,AZ+HI,0,0,0,2,0,2,3,2011,114,-124,1
2011-07-06,DST states,8,7,18,24,13,70,73,2011,115,-123,2
2011-07-06,AZ+HI,0,0,0,0,0,0,0,2011,115,-123,2
2011-07-07,DST states,5,13,22,20,14,74,83,2011,116,-122,3
2011-07-07,AZ+HI,0,0,0,0,0,0,0,2011,116,-122,3
2011-07-08,DST states,10,12,24,33,15,95,102,2011,117,-121,4
2011-07-08,AZ+HI,0,0,0,0,1,1,1,2011,117,-121,4
2011-07-09,DST states,29,15,18,32,19,113,120,2011,118,-120,5
2011-07-09,AZ+HI,1,1,1,0,0,3,3,2011,118,-120,5
2011-07-10,DST states,29,11,16,25,11,94,104,2011,119,-119,6
2011-07-10,AZ+HI,1,0,1,0,0,3,3,2011,119,-119,6
2011-07-11,DST states,5,13,21,26,10,75,81,2011,120,-118,0
2011-07-11,AZ+HI,0,0,0,0,0,1,1,2011,120,-118,0
2011-07-12,DST states,7,11,16,26,7,68,69,2011,121,-117,1
2011-07-12,AZ+HI,0,2,1,1,0,4,4,2011,121,-117,1
2011-07-13,DST states,10,13,19,26,13,81,85,2011,122,-116,2
2011-07-13,AZ+HI,1,0,0,0,1,2,2,2011,122,-116,2
2011-07-14,DST states,10,8,25,31,17,91,100,2011,123,-115,3
2011-07-14,AZ+HI,0,0,0,1,0,1,1,2011,123,-115,3
2011-07-15,DST states,16,16,23,29,16,100,108,2011,124,-114,4
2011-07-15,AZ+HI,0,1,0,2,0,3,4,2011,124,-114,4
2011-07-16,DST states,25,10,22,34,19,111,119,2011,125,-113,5
2011-07-16,AZ+HI,1,0,1,0,1,3,3,2011,125,-113,5
2011-07-17,DST states,35,7,21,36,13,112,123,2011,126,-112,6
2011-07-17,AZ+HI,0,0,0,2,0,2,2,2011,126,-112,6
2011-07-18,DST states,9,12,10,29,10,72,75,2011,127,-111,0
2011-07-18,AZ+HI,1,0,0,0,0,1,1,2011,127,-111,0
2011-07-19,DST states,13,10,19,27,7,76,89,2011,128,-110,1
2011-07-19,AZ+HI,1,1,1,0,0,5,5,2011,128,-110,1
2011-07-20,DST states,4,15,20,21,11,71,73,2011,129,-109,2
2011-07-20,AZ+HI,0,1,0,0,0,1,1,2011,129,-109,2
2011-07-21,DST states,14,10,17,25,22,88,92,2011,130,-108,3
2011-07-21,AZ+HI,0,0,0,0,0,0,0,2011,130,-108,3
2011-07-22,DST states,15,7,14,26,13,75,79,2011,131,-107,4
2011-07-22,AZ+HI,1,0,0,1,1,3,3,2011,131,-107,4
2011-07-23,DST states,37,15,11,23,25,111,122,2011,132,-106,5
2011-07-23,AZ+HI,1,0,2,0,0,3,3,2011,132,-106,5
2011-07-24,DST states,32,11,23,37,10,114,118,2011,133,-105,6
2011-07-24,AZ+HI,1,0,0,0,1,2,2,2011,133,-105,6
2011-07-25,DST states,9,12,17,25,6,69,77,2011,134,-104,0
2011-07-25,AZ+HI,0,1,1,0,0,2,2,2011,134,-104,0
2011-07-26,DST states,10,10,18,19,13,70,76,2011,135,-103,1
2011-07-26,AZ+HI,0,0,0,0,0,0,0,2011,135,-103,1
2011-07-27,DST states,14,10,11,25,17,77,84,2011,136,-102,2
2011-07-27,AZ+HI,0,0,0,1,0,1,1,2011,136,-102,2
2011-07-28,DST states,9,15,20,26,16,86,94,2011,137,-101,3
2011-07-28,AZ+HI,0,0,1,3,0,4,5,2011,137,-101,3
2011-07-29,DST states,16,14,17,38,23,109,117,2011,138,-100,4
2011-07-29,AZ+HI,2,2,0,1,0,5,6,2011,138,-100,4
2011-07-30,DST states,37,13,13,31,22,117,128,2011,139,-99,5
2011-07-30,AZ+HI,1,0,0,0,2,3,3,2011,139,-99,5
2011-07-31,DST states,27,18,27,36,8,118,123,2011,140,-98,6
2011-07-31,AZ+HI,1,0,2,3,0,7,7,2011,140,-98,6
2011-08-01,DST states,12,18,14,26,13,83,92,2011,141,-97,0
2011-08-01,AZ+HI,0,0,0,0,0,0,0,2011,141,-97,0
2011-08-02,DST states,10,17,21,24,3,75,85,2011,142,-96,1
2011-08-02,AZ+HI,2,1,0,1,1,5,6,2011,142,-96,1
2011-08-03,DST states,15,13,17,29,10,85,94,2011,143,-95,2
2011-08-03,AZ+HI,1,0,0,0,0,1,1,2011,143,-95,2
2011-08-04,DST states,11,14,36,24,14,99,108,2011,144,-94,3
2011-08-04,AZ+HI,1,0,1,1,0,3,3,2011,144,-94,3
2011-08-05,DST states,13,15,25,25,21,99,104,2011,145,-93,4
2011-08-05,AZ+HI,0,2,1,0,1,4,6,2011,145,-93,4
2011-08-06,DST states,29,6,24,33,11,104,115,2011,146,-92,5
2011-08-06,AZ+HI,1,1,0,0,2,5,5,2011,146,-92,5
2011-08-07,DST states,23,14,16,28,6,87,93,2011,147,-91,6
2011-08-07,AZ+HI,0,0,0,1,0,1,1,2011,147,-91,6
2011-08-08,DST states,13,19,20,25,5,82,92,2011,148,-90,0
2011-08-08,AZ+HI,0,0,1,1,1,4,4,2011,148,-90,0
2011-08-09,DST states,6,11,9,23,10,59,63,2011,149,-89,1
2011-08-09,AZ+HI,1,2,1,4,1,10,10,2011,149,-89,1
2011-08-10,DST states,3,9,20,24,15,71,82,2011,150,-88,2
2011-08-10,AZ+HI,0,0,0,1,1,2,2,2011,150,-88,2
2011-08-11,DST states,12,6,14,23,10,65,68,2011,151,-87,3
2011-08-11,AZ+HI,0,0,0,0,0,0,0,2011,151,-87,3
2011-08-12,DST states,14,16,18,26,17,91,94,2011,152,-86,4
2011-08-12,AZ+HI,0,0,0,0,1,1,1,2011,152,-86,4
2011-08-13,DST states,24,10,21,29,20,109,119,2011,153,-85,5
2011-08-13,AZ+HI,2,0,0,1,1,4,8,2011,153,-85,5
2011-08-14,DST states,49,10,16,27,13,115,119,2011,154,-84,6
2011-08-14,AZ+HI,2,0,1,0,0,3,3,2011,154,-84,6
2011-08-15,DST states,12,11,10,29,3,65,68,2011,155,-83,0
2011-08-15,AZ+HI,0,1,2,2,0,5,7,2011,155,-83,0
2011-08-16,DST states,6,12,18,27,9,72,79,2011,156,-82,1
2011-08-16,AZ+HI,0,1,0,1,0,2,2,2011,156,-82,1
2011-08-17,DST states,15,18,19,28,7,87,90,2011,157,-81,2
2011-08-17,AZ+HI,0,0,0,0,0,0,0,2011,157,-81,2
2011-08-18,DST states,11,10,13,27,17,78,86,2011,158,-80,3
2011-08-18,AZ+HI,0,1,1,0,0,2,2,2011,158,-80,3
2011-08-19,DST states,16,12,16,31,16,91,102,2011,159,-79,4
2011-08-19,AZ+HI,0,0,0,1,1,2,2,2011,159,-79,4
2011-08-20,DST states,23,13,13,39,19,107,124,2011,160,-78,5
2011-08-20,AZ+HI,1,1,1,0,0,3,3,2011,160,-78,5
2011-08-21,DST states,30,10,13,28,13,96,107,2011,161,-77,6
2011-08-21,AZ+HI,0,1,0,2,0,4,4,2011,161,-77,6
2011-08-22,DST states,7,11,24,22,13,77,81,2011,162,-76,0
2011-08-22,AZ+HI,1,0,0,1,1,3,4,2011,162,-76,0
2011-08-23,DST states,8,17,18,34,17,95,100,2011,163,-75,1
2011-08-23,AZ+HI,0,0,0,1,0,1,1,2011,163,-75,1
2011-08-24,DST states,8,11,23,21,10,73,74,2011,164,-74,2
2011-08-24,AZ+HI,1,2,0,0,0,3,3,2011,164,-74,2
2011-08-25,DST states,11,23,14,28,7,83,90,2011,165,-73,3
2011-08-25,AZ+HI,1,0,0,1,0,2,2,2011,165,-73,3
2011-08-26,DST states,10,5,21,37,19,93,101,2011,166,-72,4
2011-08-26,AZ+HI,0,0,0,3,0,3,3,2011,166,-72,4
2011-08-27,DST states,30,12,20,35,24,121,132,2011,167,-71,5
2011-08-27,AZ+HI,1,1,0,2,0,4,5,2011,167,-71,5
2011-08-28,DST states,31,9,21,22,8,91,101,2011,168,-70,6
2011-08-28,AZ+HI,0,0,1,1,0,2,2,2011,168,-70,6
2011-08-29,DST states,3,8,13,20,7,52,53,2011,169,-69,0
2011-08-29,AZ+HI,1,0,1,1,1,4,4,2011,169,-69,0
2011-08-30,DST states,12,12,21,21,13,79,86,2011,170,-68,1
2011-08-30,AZ+HI,0,0,0,0,0,0,0,2011,170,-68,1
2011-08-31,DST states,13,16,8,32,11,81,92,2011,171,-67,2
2011-08-31,AZ+HI,1,0,0,0,0,1,1,2011,171,-67,2
2011-09-01,DST states,6,17,19,34,18,95,102,2011,172,-66,3
2011-09-01,AZ+HI,1,1,0,2,0,5,5,2011,172,-66,3
2011-09-02,DST states,18,23,17,43,25,126,136,2011,173,-65,4
2011-09-02,AZ+HI,1,0,0,0,0,1,1,2011,173,-65,4
2011-09-03,DST states,28,15,25,36,19,124,132,2011,174,-64,5
2011-09-03,AZ+HI,1,0,1,0,1,3,3,2011,174,-64,5
2011-09-04,DST states,26,11,13,24,13,88,93,2011,175,-63,6
2011-09-04,AZ+HI,0,1,0,1,0,2,2,2011,175,-63,6
2011-09-05,DST states,17,6,20,22,14,80,95,2011,176,-62,0
2011-09-05,AZ+HI,0,0,0,2,1,3,4,2011,176,-62,0
2011-09-06,DST states,5,14,21,25,6,71,78,2011,177,-61,1
2011-09-06,AZ+HI,1,0,0,0,0,1,1,2011,177,-61,1
2011-09-07,DST states,10,19,18,23,5,75,77,2011,178,-60,2
2011-09-07,AZ+HI,1,0,0,2,0,4,4,2011,178,-60,2
2011-09-08,DST states,10,19,22,19,8,78,83,2011,179,-59,3
2011-09-08,AZ+HI,0,1,1,2,0,4,7,2011,179,-59,3
2011-09-09,DST states,10,14,20,27,15,86,93,2011,180,-58,4
2011-09-09,AZ+HI,0,0,0,1,0,1,1,2011,180,-58,4
2011-09-10,DST states,31,15,25,37,18,126,133,2011,181,-57,5
2011-09-10,AZ+HI,1,0,0,2,0,3,3,2011,181,-57,5
2011-09-11,DST states,26,14,14,29,7,91,103,2011,182,-56,6
2011-09-11,AZ+HI,2,1,0,1,0,4,5,2011,182,-56,6
2011-09-12,DST states,6,6,16,27,7,63,64,2011,183,-55,0
2011-09-12,AZ+HI,0,0,0,0,0,0,0,2011,183,-55,0
2011-09-13,DST states,9,19,19,23,7,77,84,2011,184,-54,1
2011-09-13,AZ+HI,1,0,0,1,1,3,3,2011,184,-54,1
2011-09-14,DST states,11,5,21,17,11,67,70,2011,185,-53,2
2011-09-14,AZ+HI,0,1,0,2,0,3,3,2011,185,-53,2
2011-09-15,DST states,11,15,16,23,8,73,77,2011,186,-52,3
2011-09-15,AZ+HI,0,1,0,2,0,4,4,2011,186,-52,3
2011-09-16,DST states,19,16,20,26,16,98,102,2011,187,-51,4
2011-09-16,AZ+HI,0,0,0,1,1,2,2,2011,187,-51,4
2011-09-17,DST states,32,16,16,38,14,117,131,2011,188,-50,5
2011-09-17,AZ+HI,3,1,1,0,0,6,6,2011,188,-50,5
2011-09-18,DST states,35,13,18,37,13,116,127,2011,189,-49,6
2011-09-18,AZ+HI,0,1,1,0,0,2,2,2011,189,-49,6
2011-09-19,DST states,6,10,11,20,10,57,67,2011,190,-48,0
2011-09-19,AZ+HI,0,0,0,2,0,2,2,2011,190,-48,0
2011-09-20,DST states,5,7,18,22,4,56,61,2011,191,-47,1
2011-09-20,AZ+HI,1,3,0,1,0,5,7,2011,191,-47,1
2011-09-21,DST states,9,15,15,23,8,71,77,2011,192,-46,2
2011-09-21,AZ+HI,0,0,0,0,0,0,0,2011,192,-46,2
2011-09-22,DST states,14,14,9,24,10,72,81,2011,193,-45,3
2011-09-22,AZ+HI,0,0,0,1,1,2,2,2011,193,-45,3
2011-09-23,DST states,10,16,21,26,11,85,90,2011,194,-44,4
2011-09-23,AZ+HI,0,0,1,1,0,2,2,2011,194,-44,4
2011-09-24,DST states,22,14,17,32,20,107,116,2011,195,-43,5
2011-09-24,AZ+HI,2,0,2,1,0,5,5,2011,195,-43,5
2011-09-25,DST states,35,13,18,20,6,93,101,2011,196,-42,6
2011-09-25,AZ+HI,0,0,0,1,0,1,1,2011,196,-42,6
2011-09-26,DST states,8,20,12,10,11,62,62,2011,197,-41,0
2011-09-26,AZ+HI,0,0,0,0,1,1,1,2011,197,-41,0
2011-09-27,DST states,9,13,7,27,6,63,67,2011,198,-40,1
2011-09-27,AZ+HI,0,0,1,0,1,2,2,2011,198,-40,1
2011-09-28,DST states,10,11,14,25,7,67,72,2011,199,-39,2
2011-09-28,AZ+HI,0,0,1,2,0,3,5,2011,199,-39,2
2011-09-29,DST states,8,19,12,20,10,70,76,2011,200,-38,3
2011-09-29,AZ+HI,0,2,0,0,0,2,2,2011,200,-38,3
2011-09-30,DST states,17,24,17,29,14,101,106,2011,201,-37,4
2011-09-30,AZ+HI,0,0,1,1,0,2,2,2011,201,-37,4
2011-10-01,DST states,25,17,22,35,20,121,133,2011,202,-36,5
2011-10-01,AZ+HI,0,0,2,1,0,3,3,2011,202,-36,5
2011-10-02,DST states,33,13,15,34,6,101,108,2011,203,-35,6
2011-10-02,AZ+HI,0,0,2,3,0,5,5,2011,203,-35,6
2011-10-03,DST states,8,17,13,24,20,82,84,2011,204,-34,0
2011-10-03,AZ+HI,1,1,0,0,0,2,2,2011,204,-34,0
2011-10-04,DST states,10,13,23,35,13,95,98,2011,205,-33,1
2011-10-04,AZ+HI,0,0,2,1,0,3,3,2011,205,-33,1
2011-10-05,DST states,10,15,17,37,10,89,95,2011,206,-32,2
2011-10-05,AZ+HI,0,1,0,1,0,2,2,2011,206,-32,2
2011-10-06,DST states,15,12,20,27,12,87,96,2011,207,-31,3
2011-10-06,AZ+HI,0,0,0,1,0,1,1,2011,207,-31,3
2011-10-07,DST states,7,25,20,33,16,101,112,2011,208,-30,4
2011-10-07,AZ+HI,1,0,0,1,0,2,3,2011,208,-30,4
2011-10-08,DST states,32,25,24,48,26,155,175,2011,209,-29,5
2011-10-08,AZ+HI,2,0,0,1,1,5,5,2011,209,-29,5
2011-10-09,DST states,20,15,16,34,11,97,110,2011,210,-28,6
2011-10-09,AZ+HI,1,0,0,0,1,2,2,2011,210,-28,6
2011-10-10,DST states,13,15,26,28,18,100,110,2011,211,-27,0
2011-10-10,AZ+HI,0,0,0,0,0,0,0,2011,211,-27,0
2011-10-11,DST states,6,20,16,33,9,84,90,2011,212,-26,1
2011-10-11,AZ+HI,0,2,0,2,0,4,4,2011,212,-26,1
2011-10-12,DST states,11,14,9,18,12,65,73,2011,213,-25,2
2011-10-12,AZ+HI,0,0,0,6,0,6,6,2011,213,-25,2
2011-10-13,DST states,10,18,9,37,13,88,97,2011,214,-24,3
2011-10-13,AZ+HI,0,0,1,1,1,3,3,2011,214,-24,3
2011-10-14,DST states,9,10,14,29,9,73,80,2011,215,-23,4
2011-10-14,AZ+HI,0,2,0,1,0,3,3,2011,215,-23,4
2011-10-15,DST states,27,16,16,34,17,110,116,2011,216,-22,5
2011-10-15,AZ+HI,2,0,0,1,0,4,4,2011,216,-22,5
2011-10-16,DST states,35,10,22,30,12,110,120,2011,217,-21,6
2011-10-16,AZ+HI,1,0,0,2,0,3,3,2011,217,-21,6
2011-10-17,DST states,9,12,10,33,16,80,83,2011,218,-20,0
2011-10-17,AZ+HI,0,0,1,1,0,3,3,2011,218,-20,0
2011-10-18,DST states,5,14,15,18,9,63,66,2011,219,-19,1
2011-10-18,AZ+HI,0,0,0,2,0,2,3,2011,219,-19,1
2011-10-19,DST states,4,11,18,18,13,65,69,2011,220,-18,2
2011-10-19,AZ+HI,0,0,0,2,0,2,2,2011,220,-18,2
2011-10-20,DST states,8,10,16,26,9,69,83,2011,221,-17,3
2011-10-20,AZ+HI,0,1,0,0,0,2,3,2011,221,-17,3
2011-10-21,DST states,14,13,14,28,19,89,96,2011,222,-16,4
2011-10-21,AZ+HI,1,1,0,0,1,3,3,2011,222,-16,4
2011-10-22,DST states,24,13,18,25,16,96,101,2011,223,-15,5
2011-10-22,AZ+HI,0,0,1,0,1,2,3,2011,223,-15,5
2011-10-23,DST states,29,10,19,30,11,99,112,2011,224,-14,6
2011-10-23,AZ+HI,1,0,1,0,0,2,2,2011,224,-14,6
2011-10-24,DST states,8,12,13,20,10,63,64,2011,225,-13,0
2011-10-24,AZ+HI,0,1,0,2,0,4,5,2011,225,-13,0
2011-10-25,DST states,5,14,13,21,10,63,65,2011,226,-12,1
2011-10-25,AZ+HI,1,2,0,0,0,3,3,2011,226,-12,1
2011-10-26,DST states,9,19,13,28,12,81,89,2011,227,-11,2
2011-10-26,AZ+HI,0,0,0,0,0,0,0,2011,227,-11,2
2011-10-27,DST states,6,14,17,26,10,74,83,2011,228,-10,3
2011-10-27,AZ+HI,0,0,0,1,0,1,1,2011,228,-10,3
2011-10-28,DST states,14,15,8,35,11,83,92,2011,229,-9,4
2011-10-28,AZ+HI,1,0,0,1,2,4,4,2011,229,-9,4
2011-10-29,DST states,26,15,28,26,17,113,125,2011,230,-8,5
2011-10-29,AZ+HI,0,0,0,1,0,1,1,2011,230,-8,5
2011-10-30,DST states,37,11,12,26,9,97,106,2011,231,-7,6
2011-10-30,AZ+HI,1,1,0,0,0,2,2,2011,231,-7,6
2011-10-31,DST states,8,23,15,26,9,81,88,2011,232,-6,0
2011-10-31,AZ+HI,2,0,1,0,0,3,3,2011,232,-6,0
2011-11-01,DST states,10,17,22,27,9,85,90,2011,233,-5,1
2011-11-01,AZ+HI,0,1,0,1,0,2,2,2011,233,-5,1
2011-11-02,DST states,2,12,14,19,8,55,60,2011,234,-4,2
2011-11-02,AZ+HI,0,0,0,2,0,2,2,2011,234,-4,2
2011-11-03,DST states,11,12,14,20,6,64,70,2011,235,-3,3
2011-11-03,AZ+HI,0,0,1,0,1,2,2,2011,235,-3,3
2011-11-04,DST states,14,21,25,22,17,99,104,2011,236,-2,4
2011-11-04,AZ+HI,0,0,2,1,0,3,3,2011,236,-2,4
2011-11-05,DST states,26,17,17,37,13,112,129,2011,237,-1,5
2011-11-05,AZ+HI,0,0,2,0,0,2,2,2011,237,-1,5
2011-11-06,DST states,35,13,16,30,6,100,112,2011,238,0,6
2011-11-06,AZ+HI,2,0,1,0,0,3,3,2011,238,0,6
2011-11-07,DST states,13,26,13,28,12,92,101,2011,239,1,0
2011-11-07,AZ+HI,0,0,0,0,0,0,0,2011,239,1,0
2011-11-08,DST states,7,13,18,26,8,72,77,2011,240,2,1
2011-11-08,AZ+HI,0,0,1,2,1,5,5,2011,240,2,1
2011-11-09,DST states,4,13,22,28,7,75,85,2011,241,3,2
2011-11-09,AZ+HI,0,1,0,0,0,2,2,2011,241,3,2
2011-11-10,DST states,6,11,16,38,12,83,85,2011,242,4,3
2011-11-10,AZ+HI,0,0,0,2,0,2,2,2011,242,4,3
2011-11-11,DST states,16,17,15,26,16,91,105,2011,243,5,4
2011-11-11,AZ+HI,1,0,0,1,0,2,2,2011,243,5,4
2011-11-12,DST states,22,12,23,16,13,86,103,2011,244,6,5
2011-11-12,AZ+HI,0,0,1,1,0,2,2,2011,244,6,5
2011-11-13,DST states,35,9,16,31,6,98,108,2011,245,7,6
2011-11-13,AZ+HI,0,0,0,0,0,1,1,2011,245,7,6
2011-11-14,DST states,7,6,17,38,5,73,83,2011,246,8,0
2011-11-14,AZ+HI,0,0,0,0,0,1,1,2011,246,8,0
2011-11-15,DST states,5,18,15,28,6,72,83,2011,247,9,1
2011-11-15,AZ+HI,0,0,1,0,0,1,1,2011,247,9,1
2011-11-16,DST states,8,13,8,29,8,68,73,2011,248,10,2
2011-11-16,AZ+HI,0,0,1,0,1,2,2,2011,248,10,2
2011-11-17,DST states,9,12,16,31,8,76,80,2011,249,11,3
2011-11-17,AZ+HI,1,0,0,1,0,2,2,2011,249,11,3
2011-11-18,DST states,17,11,14,27,19,89,102,2011,250,12,4
2011-11-18,AZ+HI,0,1,0,1,0,2,2,2011,250,12,4
2011-11-19,DST states,29,12,19,22,14,97,105,2011,251,13,5
2011-11-19,AZ+HI,1,1,1,3,0,6,6,2011,251,13,5
2011-11-20,DST states,27,10,15,23,6,81,93,2011,252,14,6
2011-11-20,AZ+HI,0,0,0,2,0,2,2,2011,252,14,6
2011-11-21,DST states,11,19,15,30,4,80,81,2011,253,15,0
2011-11-21,AZ+HI,0,0,1,1,2,4,4,2011,253,15,0
2011-11-22,DST states,5,15,18,29,4,71,74,2011,254,16,1
2011-11-22,AZ+HI,0,0,0,2,1,4,4,2011,254,16,1
2011-11-23,DST states,10,11,18,32,13,84,88,2011,255,17,2
2011-11-23,AZ+HI,0,0,1,3,0,4,4,2011,255,17,2
2011-11-24,DST states,21,9,16,24,5,75,79,2011,256,18,3
2011-11-24,AZ+HI,1,0,0,1,1,4,5,2011,256,18,3
2011-11-25,DST states,13,12,11,23,11,71,75,2011,257,19,4
2011-11-25,AZ+HI,0,0,1,0,0,1,1,2011,257,19,4
2011-11-26,DST states,29,6,14,26,10,85,92,2011,258,20,5
2011-11-26,AZ+HI,0,0,2,1,1,4,5,2011,258,20,5
2011-11-27,DST states,18,8,22,17,6,71,82,2011,259,21,6
2011-11-27,AZ+HI,0,0,0,1,0,1,1,2011,259,21,6
2011-11-28,DST states,8,16,9,31,8,72,77,2011,260,22,0
2011-11-28,AZ+HI,0,0,2,1,0,3,3,2011,260,22,0
2011-11-29,DST states,9,9,16,27,9,70,75,2011,261,23,1
2011-11-29,AZ+HI,0,1,0,2,0,3,3,2011,261,23,1
2011-11-30,DST states,6,17,12,29,9,73,76,2011,262,24,2
2011-11-30,AZ+HI,0,0,1,1,0,2,2,2011,262,24,2
2011-12-01,DST states,8,17,16,30,12,83,86,2011,263,25,3
2011-12-01,AZ+HI,1,0,0,0,0,1,1,2011,263,25,3
2011-12-02,DST states,15,12,12,26,18,85,89,2011,264,26,4
2011-12-02,AZ+HI,1,1,0,0,0,2,2,2011,264,26,4
2011-12-03,DST states,22,16,20,33,16,107,117,2011,265,27,5
2011-12-03,AZ+HI,1,1,0,0,0,2,2,2011,265,27,5
2011-12-04,DST states,26,10,10,16,4,69,72,2011,266,28,6
2011-12-04,AZ+HI,1,2,1,0,1,5,6,2011,266,28,6
2011-12-05,DST states,6,14,18,26,4,68,75,2011,267,29,0
2011-12-05,AZ+HI,1,1,2,1,0,5,6,2011,267,29,0
2011-12-06,DST states,4,13,13,30,9,70,76,2011,268,30,1
2011-12-06,AZ+HI,0,1,1,1,0,5,5,2011,268,30,1
2011-12-07,DST states,3,15,17,28,8,72,73,2011,269,31,2
2011-12-07,AZ+HI,0,0,0,1,1,3,3,2011,269,31,2
2011-12-08,DST states,7,17,10,18,9,61,67,2011,270,32,3
2011-12-08,AZ+HI,0,0,0,1,1,2,2,2011,270,32,3
2011-12-09,DST states,13,17,15,29,12,87,97,2011,271,33,4
2011-12-09,AZ+HI,0,0,0,0,0,0,0,2011,271,33,4
2011-12-10,DST states,25,13,14,26,21,99,110,2011,272,34,5
2011-12-10,AZ+HI,0,0,0,0,0,0,0,2011,272,34,5
2011-12-11,DST states,17,9,10,23,8,68,73,2011,273,35,6
2011-12-11,AZ+HI,0,0,0,2,0,3,4,2011,273,35,6
2011-12-12,DST states,11,17,14,26,7,75,82,2011,274,36,0
2011-12-12,AZ+HI,0,1,0,0,0,1,1,2011,274,36,0
2011-12-13,DST states,6,10,18,23,7,65,68,2011,275,37,1
2011-12-13,AZ+HI,0,1,0,0,0,1,1,2011,275,37,1
2011-12-14,DST states,14,10,23,29,7,84,89,2011,276,38,2
2011-12-14,AZ+HI,0,0,0,2,0,2,3,2011,276,38,2
2011-12-15,DST states,15,12,19,23,10,80,84,2011,277,39,3
2011-12-15,AZ+HI,0,1,1,0,0,2,2,2011,277,39,3
2011-12-16,DST states,21,10,22,28,13,95,103,2011,278,40,4
2011-12-16,AZ+HI,0,0,1,0,0,1,1,2011,278,40,4
2011-12-17,DST states,25,12,13,31,21,102,112,2011,279,41,5
2011-12-17,AZ+HI,0,0,0,0,1,1,1,2011,279,41,5
2011-12-18,DST states,33,14,7,27,7,88,98,2011,280,42,6
2011-12-18,AZ+HI,1,0,1,0,0,2,2,2011,280,42,6
2011-12-19,DST states,10,11,17,33,8,80,84,2011,281,43,0
2011-12-19,AZ+HI,0,0,1,1,0,2,2,2011,281,43,0
2011-12-20,DST states,8,8,10,25,7,58,67,2011,282,44,1
2011-12-20,AZ+HI,0,0,0,0,0,0,0,2011,282,44,1
2011-12-21,DST states,9,16,20,35,7,87,88,2011,283,45,2
2011-12-21,AZ+HI,1,0,1,0,0,2,2,2011,283,45,2
2011-12-22,DST states,9,13,14,24,6,66,69,2011,284,46,3
2011-12-22,AZ+HI,0,0,0,3,0,3,3,2011,284,46,3
2011-12-23,DST states,21,5,10,21,9,67,72,2011,285,47,4
2011-12-23,AZ+HI,1,0,0,1,1,3,3,2011,285,47,4
2011-12-24,DST states,20,12,5,29,13,80,89,2011,286,48,5
2011-12-24,AZ+HI,1,0,1,0,0,2,2,2011,286,48,5
2011-12-25,DST states,7,6,13,20,12,58,71,2011,287,49,6
2011-12-25,AZ+HI,1,0,1,1,0,3,3,2011,287,49,6
2011-12-26,DST states,11,8,16,23,6,64,69,2011,288,50,0
2011-12-26,AZ+HI,1,0,1,0,0,2,2,2011,288,50,0
2011-12-27,DST states,7,16,20,25,5,73,81,2011,289,51,1
2011-12-27,AZ+HI,0,1,0,0,0,1,1,2011,289,51,1
2011-12-28,DST states,6,14,6,26,9,61,68,2011,290,52,2
2011-12-28,AZ+HI,0,1,0,3,0,4,4,2011,290,52,2
2011-12-29,DST states,13,11,20,28,7,79,90,2011,291,53,3
2011-12-29,AZ+HI,0,0,1,1,1,3,3,2011,291,53,3
2011-12-30,DST states,18,14,20,37,15,104,119,2011,292,54,4
2011-12-30,AZ+HI,0,0,1,3,0,4,4,2011,292,54,4
2011-12-31,DST states,19,7,22,31,9,89,98,2011,293,55,5
2011-12-31,AZ+HI,1,1,0,3,0,6,6,2011,293,55,5
2012-01-01,DST states,43,16,17,31,4,113,130,2012,-70,-308,6
2012-01-01,AZ+HI,1,0,0,3,0,4,4,2012,-70,-308,6
2012-01-02,DST states,7,8,18,20,8,61,69,2012,-69,-307,0
2012-01-02,AZ+HI,1,1,0,0,0,2,2,2012,-69,-307,0
2012-01-03,DST states,7,9,11,28,5,61,64,2012,-68,-306,1
2012-01-03,AZ+HI,0,1,0,2,0,4,4,2012,-68,-306,1
2012-01-04,DST states,8,13,18,33,3,76,86,2012,-67,-305,2
2012-01-04,AZ+HI,1,2,0,0,1,4,4,2012,-67,-305,2
2012-01-05,DST states,8,6,15,31,7,68,70,2012,-66,-304,3
2012-01-05,AZ+HI,0,1,0,2,0,3,3,2012,-66,-304,3
2012-01-06,DST states,13,16,19,37,18,104,113,2012,-65,-303,4
2012-01-06,AZ+HI,0,0,1,1,0,2,2,2012,-65,-303,4
2012-01-07,DST states,22,11,16,28,16,94,110,2012,-64,-302,5
2012-01-07,AZ+HI,0,0,0,0,1,1,1,2012,-64,-302,5
2012-01-08,DST states,24,8,7,29,10,79,86,2012,-63,-301,6
2012-01-08,AZ+HI,0,0,0,0,0,0,0,2012,-63,-301,6
2012-01-09,DST states,6,12,12,29,7,67,73,2012,-62,-300,0
2012-01-09,AZ+HI,0,1,0,2,0,3,3,2012,-62,-300,0
2012-01-10,DST states,5,7,13,27,5,57,59,2012,-61,-299,1
2012-01-10,AZ+HI,0,0,1,1,0,2,3,2012,-61,-299,1
2012-01-11,DST states,4,12,18,20,11,65,72,2012,-60,-298,2
2012-01-11,AZ+HI,0,1,0,0,1,2,2,2012,-60,-298,2
2012-01-12,DST states,10,20,22,22,9,83,89,2012,-59,-297,3
2012-01-12,AZ+HI,0,1,0,1,0,2,2,2012,-59,-297,3
2012-01-13,DST states,5,11,19,26,11,74,83,2012,-58,-296,4
2012-01-13,AZ+HI,0,0,0,1,0,1,1,2012,-58,-296,4
2012-01-14,DST states,23,16,7,28,8,82,93,2012,-57,-295,5
2012-01-14,AZ+HI,1,0,0,3,0,4,4,2012,-57,-295,5
2012-01-15,DST states,19,13,9,21,6,68,74,2012,-56,-294,6
2012-01-15,AZ+HI,1,0,2,1,0,4,4,2012,-56,-294,6
2012-01-16,DST states,5,6,7,22,10,52,56,2012,-55,-293,0
2012-01-16,AZ+HI,1,1,0,1,0,3,3,2012,-55,-293,0
2012-01-17,DST states,4,19,14,28,5,70,71,2012,-54,-292,1
2012-01-17,AZ+HI,0,0,0,0,1,1,1,2012,-54,-292,1
2012-01-18,DST states,8,13,15,21,5,62,71,2012,-53,-291,2
2012-01-18,AZ+HI,0,1,0,1,0,2,2,2012,-53,-291,2
2012-01-19,DST states,7,16,14,12,11,60,62,2012,-52,-290,3
2012-01-19,AZ+HI,0,0,0,1,0,1,1,2012,-52,-290,3
2012-01-20,DST states,9,12,11,31,8,71,72,2012,-51,-289,4
2012-01-20,AZ+HI,0,0,0,3,0,4,4,2012,-51,-289,4
2012-01-21,DST states,27,5,16,20,9,77,87,2012,-50,-288,5
2012-01-21,AZ+HI,0,1,0,2,1,4,4,2012,-50,-288,5
2012-01-22,DST states,16,9,13,32,3,74,79,2012,-49,-287,6
2012-01-22,AZ+HI,0,0,0,2,0,3,3,2012,-49,-287,6
2012-01-23,DST states,5,9,14,21,7,56,59,2012,-48,-286,0
2012-01-23,AZ+HI,2,0,0,0,0,2,2,2012,-48,-286,0
2012-01-24,DST states,7,10,10,25,6,58,64,2012,-47,-285,1
2012-01-24,AZ+HI,0,0,2,2,0,4,4,2012,-47,-285,1
2012-01-25,DST states,8,10,13,23,7,61,62,2012,-46,-284,2
2012-01-25,AZ+HI,0,0,1,0,0,1,1,2012,-46,-284,2
2012-01-26,DST states,4,11,8,21,13,57,58,2012,-45,-283,3
2012-01-26,AZ+HI,0,0,0,2,0,2,2,2012,-45,-283,3
2012-01-27,DST states,8,12,17,32,5,74,81,2012,-44,-282,4
2012-01-27,AZ+HI,0,0,1,0,0,1,1,2012,-44,-282,4
2012-01-28,DST states,20,13,9,33,9,86,102,2012,-43,-281,5
2012-01-28,AZ+HI,1,0,1,1,0,3,3,2012,-43,-281,5
2012-01-29,DST states,27,5,12,9,10,63,86,2012,-42,-280,6
2012-01-29,AZ+HI,1,0,0,1,0,2,2,2012,-42,-280,6
2012-01-30,DST states,7,10,12,30,2,62,63,2012,-41,-279,0
2012-01-30,AZ+HI,0,0,0,1,0,1,1,2012,-41,-279,0
2012-01-31,DST states,11,11,16,27,10,75,81,2012,-40,-278,1
2012-01-31,AZ+HI,0,0,0,0,1,1,1,2012,-40,-278,1
2012-02-01,DST states,6,15,10,31,9,71,76,2012,-39,-277,2
2012-02-01,AZ+HI,0,0,0,1,0,1,1,2012,-39,-277,2
2012-02-02,DST states,8,9,14,20,12,63,67,2012,-38,-276,3
2012-02-02,AZ+HI,0,0,1,2,0,3,3,2012,-38,-276,3
2012-02-03,DST states,7,9,13,22,9,61,68,2012,-37,-275,4
2012-02-03,AZ+HI,1,0,1,2,0,4,4,2012,-37,-275,4
2012-02-04,DST states,28,5,9,23,13,79,89,2012,-36,-274,5
2012-02-04,AZ+HI,0,0,0,1,1,2,3,2012,-36,-274,5
2012-02-05,DST states,19,10,17,22,12,82,93,2012,-35,-273,6
2012-02-05,AZ+HI,0,0,0,1,0,1,1,2012,-35,-273,6
2012-02-06,DST states,7,11,16,20,6,61,67,2012,-34,-272,0
2012-02-06,AZ+HI,0,0,0,0,0,0,0,2012,-34,-272,0
2012-02-07,DST states,6,9,8,25,6,54,57,2012,-33,-271,1
2012-02-07,AZ+HI,0,1,0,0,0,2,2,2012,-33,-271,1
2012-02-08,DST states,2,7,7,30,7,53,59,2012,-32,-270,2
2012-02-08,AZ+HI,0,0,0,1,1,2,2,2012,-32,-270,2
2012-02-09,DST states,6,17,12,17,4,56,58,2012,-31,-269,3
2012-02-09,AZ+HI,0,1,0,1,0,2,3,2012,-31,-269,3
2012-02-10,DST states,8,20,16,30,5,80,93,2012,-30,-268,4
2012-02-10,AZ+HI,3,0,0,1,0,4,4,2012,-30,-268,4
2012-02-11,DST states,21,11,17,17,12,81,88,2012,-29,-267,5
2012-02-11,AZ+HI,0,0,0,1,0,2,2,2012,-29,-267,5
2012-02-12,DST states,21,15,14,29,5,84,92,2012,-28,-266,6
2012-02-12,AZ+HI,1,0,0,1,0,3,3,2012,-28,-266,6
2012-02-13,DST states,7,19,12,22,5,65,75,2012,-27,-265,0
2012-02-13,AZ+HI,1,1,0,0,0,2,3,2012,-27,-265,0
2012-02-14,DST states,6,13,9,28,9,65,76,2012,-26,-264,1
2012-02-14,AZ+HI,0,0,0,0,1,1,1,2012,-26,-264,1
2012-02-15,DST states,11,19,12,21,10,73,80,2012,-25,-263,2
2012-02-15,AZ+HI,0,0,1,0,0,1,1,2012,-25,-263,2
2012-02-16,DST states,12,10,15,28,8,73,75,2012,-24,-262,3
2012-02-16,AZ+HI,0,0,1,0,0,1,1,2012,-24,-262,3
2012-02-17,DST states,15,13,11,22,17,78,78,2012,-23,-261,4
2012-02-17,AZ+HI,0,0,1,0,0,1,1,2012,-23,-261,4
2012-02-18,DST states,29,8,17,31,13,99,112,2012,-22,-260,5
2012-02-18,AZ+HI,0,0,0,1,1,2,2,2012,-22,-260,5
2012-02-19,DST states,30,8,11,13,6,68,79,2012,-21,-259,6
2012-02-19,AZ+HI,1,2,0,2,0,5,6,2012,-21,-259,6
2012-02-20,DST states,8,6,12,29,8,63,68,2012,-20,-258,0
2012-02-20,AZ+HI,0,0,0,0,2,2,2,2012,-20,-258,0
2012-02-21,DST states,7,7,18,19,3,54,57,2012,-19,-257,1
2012-02-21,AZ+HI,0,0,0,1,0,1,1,2012,-19,-257,1
2012-02-22,DST states,8,14,12,28,10,72,85,2012,-18,-256,2
2012-02-22,AZ+HI,0,1,0,1,0,2,2,2012,-18,-256,2
2012-02-23,DST states,15,11,12,31,11,82,88,2012,-17,-255,3
2012-02-23,AZ+HI,0,0,0,1,0,2,2,2012,-17,-255,3
2012-02-24,DST states,11,15,16,25,14,81,89,2012,-16,-254,4
2012-02-24,AZ+HI,0,2,0,3,0,5,6,2012,-16,-254,4
2012-02-25,DST states,26,13,12,26,9,86,93,2012,-15,-253,5
2012-02-25,AZ+HI,2,1,1,2,0,6,6,2012,-15,-253,5
2012-02-26,DST states,28,12,8,21,4,74,86,2012,-14,-252,6
2012-02-26,AZ+HI,0,0,0,2,0,2,2,2012,-14,-252,6
2012-02-27,DST states,8,13,17,24,7,69,71,2012,-13,-251,0
2012-02-27,AZ+HI,1,0,1,1,0,3,3,2012,-13,-251,0
2012-02-28,DST states,8,8,12,22,7,58,61,2012,-12,-250,1
2012-02-28,AZ+HI,0,1,1,1,0,3,3,2012,-12,-250,1
2012-02-29,DST states,4,13,21,30,6,74,77,2012,-11,-249,2
2012-02-29,AZ+HI,0,1,0,2,0,3,3,2012,-11,-249,2
2012-03-01,DST states,5,14,11,28,12,72,79,2012,-10,-248,3
2012-03-01,AZ+HI,0,0,0,1,0,1,1,2012,-10,-248,3
2012-03-02,DST states,20,9,18,21,9,78,83,2012,-9,-247,4
2012-03-02,AZ+HI,1,1,0,0,0,2,2,2012,-9,-247,4
2012-03-03,DST states,24,7,12,23,21,87,91,2012,-8,-246,5
2012-03-03,AZ+HI,1,0,1,0,1,3,3,2012,-8,-246,5
2012-03-04,DST states,27,10,12,26,7,84,94,2012,-7,-245,6
2012-03-04,AZ+HI,0,0,0,1,0,1,1,2012,-7,-245,6
2012-03-05,DST states,13,12,13,26,7,71,76,2012,-6,-244,0
2012-03-05,AZ+HI,0,0,0,0,0,0,0,2012,-6,-244,0
2012-03-06,DST states,11,10,9,28,8,66,70,2012,-5,-243,1
2012-03-06,AZ+HI,0,0,1,0,1,2,6,2012,-5,-243,1
2012-03-07,DST states,11,11,17,34,9,82,87,2012,-4,-242,2
2012-03-07,AZ+HI,0,2,0,0,0,2,2,2012,-4,-242,2
2012-03-08,DST states,8,6,15,22,8,59,63,2012,-3,-241,3
2012-03-08,AZ+HI,0,0,1,1,0,2,2,2012,-3,-241,3
2012-03-09,DST states,13,14,18,18,15,78,84,2012,-2,-240,4
2012-03-09,AZ+HI,0,0,1,1,2,4,4,2012,-2,-240,4
2012-03-10,DST states,21,9,19,25,15,90,94,2012,-1,-239,5
2012-03-10,AZ+HI,1,1,0,2,0,4,4,2012,-1,-239,5
2012-03-11,DST states,21,10,7,28,13,82,91,2012,0,-238,6
2012-03-11,AZ+HI,0,0,0,1,0,1,1,2012,0,-238,6
2012-03-12,DST states,6,10,12,27,8,63,70,2012,1,-237,0
2012-03-12,AZ+HI,0,0,1,1,0,2,3,2012,1,-237,0
2012-03-13,DST states,7,8,14,28,6,64,66,2012,2,-236,1
2012-03-13,AZ+HI,1,1,0,2,0,4,5,2012,2,-236,1
2012-03-14,DST states,8,15,19,26,7,75,79,2012,3,-235,2
2012-03-14,AZ+HI,0,0,0,1,0,2,2,2012,3,-235,2
2012-03-15,DST states,7,15,19,26,12,79,84,2012,4,-234,3
2012-03-15,AZ+HI,1,0,0,0,0,1,1,2012,4,-234,3
2012-03-16,DST states,15,18,19,40,14,106,113,2012,5,-233,4
2012-03-16,AZ+HI,0,0,1,1,0,2,2,2012,5,-233,4
2012-03-17,DST states,23,15,13,34,25,110,123,2012,6,-232,5
2012-03-17,AZ+HI,1,0,0,0,0,1,1,2012,6,-232,5
2012-03-18,DST states,31,12,20,30,11,104,115,2012,7,-231,6
2012-03-18,AZ+HI,2,0,0,3,0,5,7,2012,7,-231,6
2012-03-19,DST states,7,10,14,21,9,62,68,2012,8,-230,0
2012-03-19,AZ+HI,0,1,0,0,0,1,1,2012,8,-230,0
2012-03-20,DST states,5,4,17,16,14,56,57,2012,9,-229,1
2012-03-20,AZ+HI,1,0,1,0,0,2,3,2012,9,-229,1
2012-03-21,DST states,7,10,20,24,12,73,78,2012,10,-228,2
2012-03-21,AZ+HI,0,0,0,1,0,1,1,2012,10,-228,2
2012-03-22,DST states,4,6,14,27,11,62,67,2012,11,-227,3
2012-03-22,AZ+HI,0,0,0,2,0,2,2,2012,11,-227,3
2012-03-23,DST states,15,13,11,26,17,82,91,2012,12,-226,4
2012-03-23,AZ+HI,1,0,0,4,0,5,5,2012,12,-226,4
2012-03-24,DST states,19,11,11,39,18,99,106,2012,13,-225,5
2012-03-24,AZ+HI,0,0,1,1,0,2,2,2012,13,-225,5
2012-03-25,DST states,30,6,13,27,8,86,89,2012,14,-224,6
2012-03-25,AZ+HI,1,1,2,1,0,6,12,2012,14,-224,6
2012-03-26,DST states,3,18,13,16,6,56,60,2012,15,-223,0
2012-03-26,AZ+HI,1,0,0,0,0,1,2,2012,15,-223,0
2012-03-27,DST states,3,8,11,18,11,52,53,2012,16,-222,1
2012-03-27,AZ+HI,0,0,0,3,1,4,4,2012,16,-222,1
2012-03-28,DST states,10,9,13,19,6,57,63,2012,17,-221,2
2012-03-28,AZ+HI,0,0,1,2,1,4,4,2012,17,-221,2
2012-03-29,DST states,9,15,22,15,12,74,82,2012,18,-220,3
2012-03-29,AZ+HI,0,0,2,0,1,3,3,2012,18,-220,3
2012-03-30,DST states,16,8,16,36,18,94,99,2012,19,-219,4
2012-03-30,AZ+HI,0,1,0,1,1,3,4,2012,19,-219,4
2012-03-31,DST states,21,15,19,32,15,103,119,2012,20,-218,5
2012-03-31,AZ+HI,2,1,2,1,1,8,8,2012,20,-218,5
2012-04-01,DST states,26,7,15,24,8,81,92,2012,21,-217,6
2012-04-01,AZ+HI,0,1,0,1,0,2,2,2012,21,-217,6
2012-04-02,DST states,8,14,21,32,3,78,79,2012,22,-216,0
2012-04-02,AZ+HI,0,2,1,0,0,3,3,2012,22,-216,0
2012-04-03,DST states,11,13,18,18,9,70,73,2012,23,-215,1
2012-04-03,AZ+HI,0,0,0,0,0,0,0,2012,23,-215,1
2012-04-04,DST states,10,6,15,19,10,60,66,2012,24,-214,2
2012-04-04,AZ+HI,0,0,1,0,0,1,1,2012,24,-214,2
2012-04-05,DST states,17,11,14,23,11,76,82,2012,25,-213,3
2012-04-05,AZ+HI,0,0,0,0,0,0,0,2012,25,-213,3
2012-04-06,DST states,8,10,16,25,10,70,74,2012,26,-212,4
2012-04-06,AZ+HI,2,0,1,0,0,3,3,2012,26,-212,4
2012-04-07,DST states,28,14,24,32,9,107,117,2012,27,-211,5
2012-04-07,AZ+HI,2,2,0,1,0,5,6,2012,27,-211,5
2012-04-08,DST states,29,15,15,21,13,94,101,2012,28,-210,6
2012-04-08,AZ+HI,0,0,1,1,0,2,2,2012,28,-210,6
2012-04-09,DST states,6,15,15,21,7,64,72,2012,29,-209,0
2012-04-09,AZ+HI,0,0,0,0,1,1,1,2012,29,-209,0
2012-04-10,DST states,10,4,14,17,14,59,69,2012,30,-208,1
2012-04-10,AZ+HI,0,0,0,0,0,0,0,2012,30,-208,1
2012-04-11,DST states,7,12,12,17,6,54,57,2012,31,-207,2
2012-04-11,AZ+HI,0,1,0,1,1,3,3,2012,31,-207,2
2012-04-12,DST states,7,14,9,25,12,68,73,2012,32,-206,3
2012-04-12,AZ+HI,0,0,0,1,0,1,1,2012,32,-206,3
2012-04-13,DST states,14,14,16,22,19,85,89,2012,33,-205,4
2012-04-13,AZ+HI,0,1,1,0,0,2,2,2012,33,-205,4
2012-04-14,DST states,26,9,17,26,13,91,98,2012,34,-204,5
2012-04-14,AZ+HI,1,0,0,1,0,2,2,2012,34,-204,5
2012-04-15,DST states,33,11,29,34,5,112,121,2012,35,-203,6
2012-04-15,AZ+HI,1,0,1,0,0,2,3,2012,35,-203,6
2012-04-16,DST states,14,6,21,29,13,85,98,2012,36,-202,0
2012-04-16,AZ+HI,1,1,0,2,0,4,4,2012,36,-202,0
2012-04-17,DST states,8,14,16,25,11,74,83,2012,37,-201,1
2012-04-17,AZ+HI,0,0,0,0,0,0,0,2012,37,-201,1
2012-04-18,DST states,8,10,15,21,13,67,70,2012,38,-200,2
2012-04-18,AZ+HI,0,0,2,0,0,3,4,2012,38,-200,2
2012-04-19,DST states,5,14,6,23,16,64,66,2012,39,-199,3
2012-04-19,AZ+HI,0,0,0,2,1,3,3,2012,39,-199,3
2012-04-20,DST states,19,11,7,27,11,76,80,2012,40,-198,4
2012-04-20,AZ+HI,1,0,1,2,0,4,5,2012,40,-198,4
2012-04-21,DST states,27,5,19,28,18,97,106,2012,41,-197,5
2012-04-21,AZ+HI,1,1,0,2,2,7,7,2012,41,-197,5
2012-04-22,DST states,27,13,14,24,12,90,98,2012,42,-196,6
2012-04-22,AZ+HI,0,0,1,3,0,4,7,2012,42,-196,6
2012-04-23,DST states,12,18,23,19,3,75,78,2012,43,-195,0
2012-04-23,AZ+HI,0,0,0,0,0,0,0,2012,43,-195,0
2012-04-24,DST states,3,15,18,23,13,72,73,2012,44,-194,1
2012-04-24,AZ+HI,0,0,0,1,2,3,3,2012,44,-194,1
2012-04-25,DST states,10,17,18,28,9,82,86,2012,45,-193,2
2012-04-25,AZ+HI,0,0,1,2,0,3,4,2012,45,-193,2
2012-04-26,DST states,11,5,18,23,10,68,76,2012,46,-192,3
2012-04-26,AZ+HI,0,1,1,0,0,2,3,2012,46,-192,3
2012-04-27,DST states,11,16,14,25,15,81,89,2012,47,-191,4
2012-04-27,AZ+HI,0,0,1,0,1,2,2,2012,47,-191,4
2012-04-28,DST states,28,5,25,28,14,102,118,2012,48,-190,5
2012-04-28,AZ+HI,2,0,0,0,0,2,2,2012,48,-190,5
2012-04-29,DST states,34,9,8,34,13,98,112,2012,49,-189,6
2012-04-29,AZ+HI,0,1,0,0,0,1,1,2012,49,-189,6
2012-04-30,DST states,7,15,20,16,7,66,71,2012,50,-188,0
2012-04-30,AZ+HI,0,2,0,1,0,3,3,2012,50,-188,0
2012-05-01,DST states,5,12,16,20,10,63,68,2012,51,-187,1
2012-05-01,AZ+HI,0,1,1,0,0,2,2,2012,51,-187,1
2012-05-02,DST states,13,16,13,24,9,75,81,2012,52,-186,2
2012-05-02,AZ+HI,1,0,0,2,0,3,6,2012,52,-186,2
2012-05-03,DST states,6,12,19,31,14,84,90,2012,53,-185,3
2012-05-03,AZ+HI,0,0,0,0,1,1,1,2012,53,-185,3
2012-05-04,DST states,16,14,20,23,16,92,101,2012,54,-184,4
2012-05-04,AZ+HI,0,0,0,0,0,0,0,2012,54,-184,4
2012-05-05,DST states,23,9,19,37,31,120,130,2012,55,-183,5
2012-05-05,AZ+HI,1,0,0,1,0,2,2,2012,55,-183,5
2012-05-06,DST states,28,9,24,41,5,109,122,2012,56,-182,6
2012-05-06,AZ+HI,2,0,2,0,0,4,5,2012,56,-182,6
2012-05-07,DST states,7,13,17,25,1,63,67,2012,57,-181,0
2012-05-07,AZ+HI,0,0,1,0,0,1,1,2012,57,-181,0
2012-05-08,DST states,7,16,14,31,15,83,88,2012,58,-180,1
2012-05-08,AZ+HI,0,0,2,0,1,3,3,2012,58,-180,1
2012-05-09,DST states,10,12,14,17,13,66,71,2012,59,-179,2
2012-05-09,AZ+HI,0,1,1,0,1,3,4,2012,59,-179,2
2012-05-10,DST states,11,12,20,12,8,65,70,2012,60,-178,3
2012-05-10,AZ+HI,0,0,0,1,0,1,1,2012,60,-178,3
2012-05-11,DST states,7,9,14,26,12,68,78,2012,61,-177,4
2012-05-11,AZ+HI,0,0,0,0,0,0,0,2012,61,-177,4
2012-05-12,DST states,17,10,17,24,21,91,102,2012,62,-176,5
2012-05-12,AZ+HI,0,0,2,1,1,4,5,2012,62,-176,5
2012-05-13,DST states,28,22,15,27,14,107,118,2012,63,-175,6
2012-05-13,AZ+HI,1,1,2,1,1,6,6,2012,63,-175,6
2012-05-14,DST states,5,10,13,14,13,55,59,2012,64,-174,0
2012-05-14,AZ+HI,0,2,0,1,0,3,4,2012,64,-174,0
2012-05-15,DST states,15,10,18,22,8,73,75,2012,65,-173,1
2012-05-15,AZ+HI,0,0,0,1,0,1,1,2012,65,-173,1
2012-05-16,DST states,17,20,21,22,8,88,96,2012,66,-172,2
2012-05-16,AZ+HI,0,1,0,1,0,2,2,2012,66,-172,2
2012-05-17,DST states,10,11,15,23,15,74,81,2012,67,-171,3
2012-05-17,AZ+HI,0,0,0,0,1,1,1,2012,67,-171,3
2012-05-18,DST states,17,5,20,25,23,90,93,2012,68,-170,4
2012-05-18,AZ+HI,1,0,2,1,0,4,6,2012,68,-170,4
2012-05-19,DST states,34,12,28,38,18,131,147,2012,69,-169,5
2012-05-19,AZ+HI,3,0,0,2,0,5,5,2012,69,-169,5
2012-05-20,DST states,33,7,17,37,14,111,125,2012,70,-168,6
2012-05-20,AZ+HI,0,0,2,0,0,2,2,2012,70,-168,6
2012-05-21,DST states,8,10,15,23,11,68,69,2012,71,-167,0
2012-05-21,AZ+HI,1,1,2,0,0,4,6,2012,71,-167,0
2012-05-22,DST states,8,15,16,18,10,67,71,2012,72,-166,1
2012-05-22,AZ+HI,0,0,0,1,0,1,1,2012,72,-166,1
2012-05-23,DST states,5,10,13,17,8,53,58,2012,73,-165,2
2012-05-23,AZ+HI,0,0,1,2,2,5,6,2012,73,-165,2
2012-05-24,DST states,10,15,23,23,10,82,90,2012,74,-164,3
2012-05-24,AZ+HI,0,1,0,1,1,3,3,2012,74,-164,3
2012-05-25,DST states,16,11,17,27,18,89,99,2012,75,-163,4
2012-05-25,AZ+HI,0,0,1,1,0,2,2,2012,75,-163,4
2012-05-26,DST states,15,16,20,40,26,118,128,2012,76,-162,5
2012-05-26,AZ+HI,0,1,0,0,0,1,1,2012,76,-162,5
2012-05-27,DST states,17,8,19,21,22,88,98,2012,77,-161,6
2012-05-27,AZ+HI,0,0,1,0,0,1,1,2012,77,-161,6
2012-05-28,DST states,13,11,14,32,19,90,99,2012,78,-160,0
2012-05-28,AZ+HI,0,0,1,1,1,3,4,2012,78,-160,0
2012-05-29,DST states,8,12,25,30,12,87,97,2012,79,-159,1
2012-05-29,AZ+HI,1,0,0,1,1,3,3,2012,79,-159,1
2012-05-30,DST states,12,16,16,24,12,80,99,2012,80,-158,2
2012-05-30,AZ+HI,0,0,0,0,0,0,0,2012,80,-158,2
2012-05-31,DST states,10,9,21,24,6,70,76,2012,81,-157,3
2012-05-31,AZ+HI,0,0,0,0,1,1,1,2012,81,-157,3
2012-06-01,DST states,12,13,19,25,23,93,103,2012,82,-156,4
2012-06-01,AZ+HI,0,0,0,0,0,0,0,2012,82,-156,4
2012-06-02,DST states,32,15,20,27,17,111,121,2012,83,-155,5
2012-06-02,AZ+HI,2,0,2,1,0,5,8,2012,83,-155,5
2012-06-03,DST states,34,11,19,27,12,105,117,2012,84,-154,6
2012-06-03,AZ+HI,1,1,1,0,2,5,5,2012,84,-154,6
2012-06-04,DST states,10,9,27,21,10,78,87,2012,85,-153,0
2012-06-04,AZ+HI,0,0,0,1,0,1,1,2012,85,-153,0
2012-06-05,DST states,8,8,15,28,6,65,73,2012,86,-152,1
2012-06-05,AZ+HI,0,0,0,2,0,3,3,2012,86,-152,1
2012-06-06,DST states,11,16,12,29,11,79,85,2012,87,-151,2
2012-06-06,AZ+HI,0,0,1,0,0,1,1,2012,87,-151,2
2012-06-07,DST states,13,15,18,24,16,86,90,2012,88,-150,3
2012-06-07,AZ+HI,1,0,0,1,1,3,3,2012,88,-150,3
2012-06-08,DST states,9,15,19,20,18,82,85,2012,89,-149,4
2012-06-08,AZ+HI,1,1,0,2,1,5,5,2012,89,-149,4
2012-06-09,DST states,32,13,31,38,25,139,149,2012,90,-148,5
2012-06-09,AZ+HI,0,0,1,0,1,2,2,2012,90,-148,5
2012-06-10,DST states,36,11,19,34,18,118,125,2012,91,-147,6
2012-06-10,AZ+HI,2,0,1,0,0,3,3,2012,91,-147,6
2012-06-11,DST states,11,16,12,22,12,75,78,2012,92,-146,0
2012-06-11,AZ+HI,0,0,0,0,0,0,0,2012,92,-146,0
2012-06-12,DST states,10,7,14,21,17,69,71,2012,93,-145,1
2012-06-12,AZ+HI,0,0,0,0,0,0,0,2012,93,-145,1
2012-06-13,DST states,6,17,15,33,20,92,98,2012,94,-144,2
2012-06-13,AZ+HI,0,0,0,2,0,2,2,2012,94,-144,2
2012-06-14,DST states,12,14,17,18,13,74,76,2012,95,-143,3
2012-06-14,AZ+HI,1,0,0,0,0,1,1,2012,95,-143,3
2012-06-15,DST states,15,12,21,26,15,89,96,2012,96,-142,4
2012-06-15,AZ+HI,0,0,0,0,0,0,0,2012,96,-142,4
2012-06-16,DST states,33,16,21,44,23,137,151,2012,97,-141,5
2012-06-16,AZ+HI,2,0,2,0,0,5,8,2012,97,-141,5
2012-06-17,DST states,32,10,11,24,11,88,98,2012,98,-140,6
2012-06-17,AZ+HI,1,2,1,0,0,4,5,2012,98,-140,6
2012-06-18,DST states,7,11,9,18,12,57,65,2012,99,-139,0
2012-06-18,AZ+HI,0,0,0,0,0,0,0,2012,99,-139,0
2012-06-19,DST states,6,9,24,19,10,69,77,2012,100,-138,1
2012-06-19,AZ+HI,1,0,0,1,0,2,3,2012,100,-138,1
2012-06-20,DST states,13,18,13,24,7,75,83,2012,101,-137,2
2012-06-20,AZ+HI,1,1,0,1,1,4,4,2012,101,-137,2
2012-06-21,DST states,16,14,11,30,18,91,98,2012,102,-136,3
2012-06-21,AZ+HI,0,0,0,0,0,0,0,2012,102,-136,3
2012-06-22,DST states,17,14,19,27,9,87,95,2012,103,-135,4
2012-06-22,AZ+HI,0,1,0,1,0,2,2,2012,103,-135,4
2012-06-23,DST states,38,14,31,30,21,135,148,2012,104,-134,5
2012-06-23,AZ+HI,0,0,0,1,0,1,1,2012,104,-134,5
2012-06-24,DST states,24,7,25,25,12,94,105,2012,105,-133,6
2012-06-24,AZ+HI,0,0,0,1,0,1,1,2012,105,-133,6
2012-06-25,DST states,11,16,14,20,15,76,82,2012,106,-132,0
2012-06-25,AZ+HI,0,1,1,1,0,3,4,2012,106,-132,0
2012-06-26,DST states,6,7,14,26,8,62,64,2012,107,-131,1
2012-06-26,AZ+HI,0,1,0,1,0,3,3,2012,107,-131,1
2012-06-27,DST states,8,17,19,24,16,84,92,2012,108,-130,2
2012-06-27,AZ+HI,0,0,0,2,1,3,3,2012,108,-130,2
2012-06-28,DST states,16,11,21,28,12,88,97,2012,109,-129,3
2012-06-28,AZ+HI,0,0,1,1,1,3,3,2012,109,-129,3
2012-06-29,DST states,11,13,28,20,24,96,111,2012,110,-128,4
2012-06-29,AZ+HI,0,0,1,0,1,3,3,2012,110,-128,4
2012-06-30,DST states,37,13,20,33,21,125,138,2012,111,-127,5
2012-06-30,AZ+HI,2,1,1,1,0,5,5,2012,111,-127,5
2012-07-01,DST states,39,18,20,28,16,122,138,2012,112,-126,6
2012-07-01,AZ+HI,0,0,1,0,0,1,1,2012,112,-126,6
2012-07-02,DST states,9,12,20,15,12,68,77,2012,113,-125,0
2012-07-02,AZ+HI,1,0,0,2,0,4,4,2012,113,-125,0
2012-07-03,DST states,10,8,12,36,20,87,97,2012,114,-124,1
2012-07-03,AZ+HI,1,0,0,0,1,2,2,2012,114,-124,1
2012-07-04,DST states,22,7,18,34,24,106,111,2012,115,-123,2
2012-07-04,AZ+HI,0,0,0,0,2,2,3,2012,115,-123,2
2012-07-05,DST states,18,7,26,17,9,77,84,2012,116,-122,3
2012-07-05,AZ+HI,2,0,0,1,1,4,4,2012,116,-122,3
2012-07-06,DST states,13,12,20,34,17,96,107,2012,117,-121,4
2012-07-06,AZ+HI,0,0,0,0,1,1,1,2012,117,-121,4
2012-07-07,DST states,27,19,24,34,25,129,140,2012,118,-120,5
2012-07-07,AZ+HI,0,0,0,0,0,1,1,2012,118,-120,5
2012-07-08,DST states,28,13,26,28,14,111,126,2012,119,-119,6
2012-07-08,AZ+HI,0,0,0,1,0,1,1,2012,119,-119,6
2012-07-09,DST states,10,8,20,18,8,64,72,2012,120,-118,0
2012-07-09,AZ+HI,0,0,0,0,0,0,0,2012,120,-118,0
2012-07-10,DST states,11,21,16,18,10,76,86,2012,121,-117,1
2012-07-10,AZ+HI,1,0,0,0,0,1,1,2012,121,-117,1
2012-07-11,DST states,11,8,12,24,11,66,72,2012,122,-116,2
2012-07-11,AZ+HI,0,0,2,0,0,2,2,2012,122,-116,2
2012-07-12,DST states,16,11,12,26,19,84,85,2012,123,-115,3
2012-07-12,AZ+HI,0,0,1,2,1,4,4,2012,123,-115,3
2012-07-13,DST states,13,13,19,24,15,85,90,2012,124,-114,4
2012-07-13,AZ+HI,0,1,0,0,2,3,4,2012,124,-114,4
2012-07-14,DST states,34,18,15,34,18,119,127,2012,125,-113,5
2012-07-14,AZ+HI,1,0,0,1,0,2,2,2012,125,-113,5
2012-07-15,DST states,30,8,21,23,14,96,108,2012,126,-112,6
2012-07-15,AZ+HI,2,0,0,0,1,3,4,2012,126,-112,6
2012-07-16,DST states,13,13,18,24,14,82,93,2012,127,-111,0
2012-07-16,AZ+HI,0,0,0,1,0,1,1,2012,127,-111,0
2012-07-17,DST states,9,12,19,29,9,78,80,2012,128,-110,1
2012-07-17,AZ+HI,0,1,0,0,0,1,1,2012,128,-110,1
2012-07-18,DST states,6,16,10,32,10,74,82,2012,129,-109,2
2012-07-18,AZ+HI,0,1,0,1,0,2,2,2012,129,-109,2
2012-07-19,DST states,8,11,15,18,8,61,72,2012,130,-108,3
2012-07-19,AZ+HI,0,0,1,0,0,1,1,2012,130,-108,3
2012-07-20,DST states,13,4,21,38,20,96,99,2012,131,-107,4
2012-07-20,AZ+HI,0,0,0,0,1,1,1,2012,131,-107,4
2012-07-21,DST states,28,11,13,35,19,106,119,2012,132,-106,5
2012-07-21,AZ+HI,1,1,1,3,0,6,7,2012,132,-106,5
2012-07-22,DST states,33,11,17,27,14,102,134,2012,133,-105,6
2012-07-22,AZ+HI,2,0,0,3,0,5,7,2012,133,-105,6
2012-07-23,DST states,10,11,14,31,10,76,80,2012,134,-104,0
2012-07-23,AZ+HI,0,2,1,0,1,4,4,2012,134,-104,0
2012-07-24,DST states,13,12,20,23,10,78,85,2012,135,-103,1
2012-07-24,AZ+HI,1,0,1,0,2,4,4,2012,135,-103,1
2012-07-25,DST states,11,19,11,22,13,78,82,2012,136,-102,2
2012-07-25,AZ+HI,0,0,0,0,0,0,0,2012,136,-102,2
2012-07-26,DST states,14,14,29,25,13,95,107,2012,137,-101,3
2012-07-26,AZ+HI,2,0,0,1,0,3,3,2012,137,-101,3
2012-07-27,DST states,9,8,17,19,22,75,77,2012,138,-100,4
2012-07-27,AZ+HI,0,0,0,0,1,1,1,2012,138,-100,4
2012-07-28,DST states,32,20,16,34,28,131,147,2012,139,-99,5
2012-07-28,AZ+HI,0,4,0,0,0,4,4,2012,139,-99,5
2012-07-29,DST states,18,15,12,28,12,85,95,2012,140,-98,6
2012-07-29,AZ+HI,1,0,3,0,1,5,11,2012,140,-98,6
2012-07-30,DST states,13,18,17,21,11,84,102,2012,141,-97,0
2012-07-30,AZ+HI,1,0,2,2,0,5,6,2012,141,-97,0
2012-07-31,DST states,9,11,17,22,13,72,76,2012,142,-96,1
2012-07-31,AZ+HI,0,0,0,0,0,0,0,2012,142,-96,1
2012-08-01,DST states,15,11,14,27,14,82,89,2012,143,-95,2
2012-08-01,AZ+HI,0,0,0,3,0,3,3,2012,143,-95,2
2012-08-02,DST states,19,15,20,37,11,102,105,2012,144,-94,3
2012-08-02,AZ+HI,2,0,0,1,0,3,3,2012,144,-94,3
2012-08-03,DST states,9,13,24,21,17,85,94,2012,145,-93,4
2012-08-03,AZ+HI,0,3,0,0,0,3,3,2012,145,-93,4
2012-08-04,DST states,29,20,13,39,18,119,132,2012,146,-92,5
2012-08-04,AZ+HI,1,1,1,1,1,5,6,2012,146,-92,5
2012-08-05,DST states,36,13,19,34,12,116,130,2012,147,-91,6
2012-08-05,AZ+HI,0,0,0,0,0,0,0,2012,147,-91,6
2012-08-06,DST states,7,24,17,29,17,94,97,2012,148,-90,0
2012-08-06,AZ+HI,0,0,0,1,0,1,1,2012,148,-90,0
2012-08-07,DST states,9,13,22,21,17,82,87,2012,149,-89,1
2012-08-07,AZ+HI,1,0,0,1,2,4,4,2012,149,-89,1
2012-08-08,DST states,12,7,19,22,13,74,80,2012,150,-88,2
2012-08-08,AZ+HI,0,1,1,1,0,3,3,2012,150,-88,2
2012-08-09,DST states,12,19,22,30,18,101,109,2012,151,-87,3
2012-08-09,AZ+HI,2,0,0,0,1,3,3,2012,151,-87,3
2012-08-10,DST states,16,16,23,35,13,103,114,2012,152,-86,4
2012-08-10,AZ+HI,0,0,1,0,0,1,1,2012,152,-86,4
2012-08-11,DST states,17,14,26,32,20,109,113,2012,153,-85,5
2012-08-11,AZ+HI,3,0,0,1,0,4,4,2012,153,-85,5
2012-08-12,DST states,25,9,25,37,12,109,118,2012,154,-84,6
2012-08-12,AZ+HI,1,1,0,0,0,2,2,2012,154,-84,6
2012-08-13,DST states,10,8,16,23,12,70,77,2012,155,-83,0
2012-08-13,AZ+HI,0,0,0,0,1,1,1,2012,155,-83,0
2012-08-14,DST states,7,11,13,24,13,68,76,2012,156,-82,1
2012-08-14,AZ+HI,0,0,0,0,0,0,0,2012,156,-82,1
2012-08-15,DST states,10,7,18,23,13,72,76,2012,157,-81,2
2012-08-15,AZ+HI,0,0,1,2,2,5,5,2012,157,-81,2
2012-08-16,DST states,9,11,16,16,6,58,64,2012,158,-80,3
2012-08-16,AZ+HI,0,1,1,0,0,2,2,2012,158,-80,3
2012-08-17,DST states,11,17,21,36,21,108,119,2012,159,-79,4
2012-08-17,AZ+HI,0,1,1,0,0,3,5,2012,159,-79,4
2012-08-18,DST states,36,19,16,23,10,105,115,2012,160,-78,5
2012-08-18,AZ+HI,1,0,0,1,0,2,2,2012,160,-78,5
2012-08-19,DST states,34,11,17,23,15,102,110,2012,161,-77,6
2012-08-19,AZ+HI,0,0,0,1,0,1,1,2012,161,-77,6
2012-08-20,DST states,14,13,17,31,14,89,95,2012,162,-76,0
2012-08-20,AZ+HI,1,0,0,1,1,3,4,2012,162,-76,0
2012-08-21,DST states,14,5,18,21,15,74,84,2012,163,-75,1
2012-08-21,AZ+HI,0,1,1,1,1,4,5,2012,163,-75,1
2012-08-22,DST states,8,9,14,24,13,69,73,2012,164,-74,2
2012-08-22,AZ+HI,0,1,0,1,0,2,2,2012,164,-74,2
2012-08-23,DST states,9,13,15,18,13,69,73,2012,165,-73,3
2012-08-23,AZ+HI,0,1,0,0,0,2,2,2012,165,-73,3
2012-08-24,DST states,13,16,18,28,22,98,101,2012,166,-72,4
2012-08-24,AZ+HI,0,0,0,1,0,1,1,2012,166,-72,4
2012-08-25,DST states,33,15,25,33,21,127,142,2012,167,-71,5
2012-08-25,AZ+HI,0,0,0,0,1,1,1,2012,167,-71,5
2012-08-26,DST states,32,7,12,25,8,84,88,2012,168,-70,6
2012-08-26,AZ+HI,0,0,1,1,2,4,5,2012,168,-70,6
2012-08-27,DST states,12,12,20,32,14,91,99,2012,169,-69,0
2012-08-27,AZ+HI,1,0,1,3,0,5,5,2012,169,-69,0
2012-08-28,DST states,3,9,18,23,11,64,70,2012,170,-68,1
2012-08-28,AZ+HI,0,0,0,1,0,1,1,2012,170,-68,1
2012-08-29,DST states,11,9,12,20,10,62,68,2012,171,-67,2
2012-08-29,AZ+HI,0,0,2,0,0,2,2,2012,171,-67,2
2012-08-30,DST states,9,15,9,29,12,74,79,2012,172,-66,3
2012-08-30,AZ+HI,0,0,2,1,1,4,4,2012,172,-66,3
2012-08-31,DST states,14,20,17,36,20,107,118,2012,173,-65,4
2012-08-31,AZ+HI,0,0,0,0,2,2,3,2012,173,-65,4
2012-09-01,DST states,21,8,15,35,16,97,102,2012,174,-64,5
2012-09-01,AZ+HI,1,0,3,1,1,7,9,2012,174,-64,5
2012-09-02,DST states,30,14,12,33,20,109,125,2012,175,-63,6
2012-09-02,AZ+HI,1,0,0,1,1,5,5,2012,175,-63,6
2012-09-03,DST states,9,15,18,33,13,89,94,2012,176,-62,0
2012-09-03,AZ+HI,0,0,1,0,0,2,2,2012,176,-62,0
2012-09-04,DST states,8,15,18,21,4,66,70,2012,177,-61,1
2012-09-04,AZ+HI,0,0,1,1,0,2,2,2012,177,-61,1
2012-09-05,DST states,3,15,19,23,8,69,74,2012,178,-60,2
2012-09-05,AZ+HI,0,0,0,2,0,2,2,2012,178,-60,2
2012-09-06,DST states,9,21,16,20,8,74,79,2012,179,-59,3
2012-09-06,AZ+HI,0,0,1,0,0,1,1,2012,179,-59,3
2012-09-07,DST states,15,17,15,32,11,90,94,2012,180,-58,4
2012-09-07,AZ+HI,1,0,0,1,0,2,2,2012,180,-58,4
2012-09-08,DST states,24,13,13,30,18,98,108,2012,181,-57,5
2012-09-08,AZ+HI,0,0,0,1,1,5,8,2012,181,-57,5
2012-09-09,DST states,23,15,16,34,8,96,107,2012,182,-56,6
2012-09-09,AZ+HI,0,2,1,0,1,4,4,2012,182,-56,6
2012-09-10,DST states,6,18,15,30,10,79,85,2012,183,-55,0
2012-09-10,AZ+HI,0,0,0,1,0,1,2,2012,183,-55,0
2012-09-11,DST states,7,11,19,32,7,77,85,2012,184,-54,1
2012-09-11,AZ+HI,0,0,1,0,0,1,2,2012,184,-54,1
2012-09-12,DST states,9,20,17,14,12,73,80,2012,185,-53,2
2012-09-12,AZ+HI,0,0,1,0,0,1,1,2012,185,-53,2
2012-09-13,DST states,7,18,18,24,9,76,82,2012,186,-52,3
2012-09-13,AZ+HI,0,1,0,0,0,1,1,2012,186,-52,3
2012-09-14,DST states,14,27,27,31,15,116,122,2012,187,-51,4
2012-09-14,AZ+HI,0,0,0,3,0,3,3,2012,187,-51,4
2012-09-15,DST states,26,10,21,40,19,116,124,2012,188,-50,5
2012-09-15,AZ+HI,0,1,0,0,0,1,1,2012,188,-50,5
2012-09-16,DST states,32,11,20,26,17,106,117,2012,189,-49,6
2012-09-16,AZ+HI,0,0,0,2,0,2,2,2012,189,-49,6
2012-09-17,DST states,3,15,16,28,7,69,73,2012,190,-48,0
2012-09-17,AZ+HI,0,0,1,0,0,1,1,2012,190,-48,0
2012-09-18,DST states,7,17,18,30,12,85,90,2012,191,-47,1
2012-09-18,AZ+HI,1,0,1,2,0,4,4,2012,191,-47,1
2012-09-19,DST states,7,8,12,32,16,75,83,2012,192,-46,2
2012-09-19,AZ+HI,0,2,0,1,0,4,4,2012,192,-46,2
2012-09-20,DST states,20,13,17,23,9,82,88,2012,193,-45,3
2012-09-20,AZ+HI,0,0,0,1,0,1,1,2012,193,-45,3
2012-09-21,DST states,14,14,10,42,19,99,105,2012,194,-44,4
2012-09-21,AZ+HI,0,0,0,0,1,1,1,2012,194,-44,4
2012-09-22,DST states,25,17,18,34,11,105,112,2012,195,-43,5
2012-09-22,AZ+HI,1,1,1,2,1,6,6,2012,195,-43,5
2012-09-23,DST states,33,9,14,22,8,86,96,2012,196,-42,6
2012-09-23,AZ+HI,1,0,1,1,1,4,4,2012,196,-42,6
2012-09-24,DST states,13,25,13,24,8,84,90,2012,197,-41,0
2012-09-24,AZ+HI,0,0,0,1,0,1,1,2012,197,-41,0
2012-09-25,DST states,6,17,14,25,8,71,76,2012,198,-40,1
2012-09-25,AZ+HI,0,0,0,1,0,1,1,2012,198,-40,1
2012-09-26,DST states,7,16,21,32,6,84,93,2012,199,-39,2
2012-09-26,AZ+HI,0,0,0,0,0,0,0,2012,199,-39,2
2012-09-27,DST states,6,20,19,30,7,84,89,2012,200,-38,3
2012-09-27,AZ+HI,0,0,0,2,0,2,3,2012,200,-38,3
2012-09-28,DST states,18,18,17,34,17,106,110,2012,201,-37,4
2012-09-28,AZ+HI,0,1,0,0,0,1,1,2012,201,-37,4
2012-09-29,DST states,22,11,24,30,20,107,119,2012,202,-36,5
2012-09-29,AZ+HI,0,0,0,1,0,1,4,2012,202,-36,5
2012-09-30,DST states,33,12,14,26,11,97,102,2012,203,-35,6
2012-09-30,AZ+HI,1,0,2,0,0,3,3,2012,203,-35,6
2012-10-01,DST states,10,21,13,24,7,75,80,2012,204,-34,0
2012-10-01,AZ+HI,0,0,0,0,0,1,1,2012,204,-34,0
2012-10-02,DST states,8,17,24,32,13,94,106,2012,205,-33,1
2012-10-02,AZ+HI,0,1,1,1,0,3,3,2012,205,-33,1
2012-10-03,DST states,10,14,19,28,7,79,86,2012,206,-32,2
2012-10-03,AZ+HI,0,0,0,0,0,0,0,2012,206,-32,2
2012-10-04,DST states,10,15,19,32,8,84,90,2012,207,-31,3
2012-10-04,AZ+HI,0,0,1,0,0,1,1,2012,207,-31,3
2012-10-05,DST states,14,12,20,22,18,87,93,2012,208,-30,4
2012-10-05,AZ+HI,0,1,0,0,1,2,3,2012,208,-30,4
2012-10-06,DST states,34,14,17,28,14,108,119,2012,209,-29,5
2012-10-06,AZ+HI,0,0,0,0,0,0,0,2012,209,-29,5
2012-10-07,DST states,28,13,12,19,8,80,85,2012,210,-28,6
2012-10-07,AZ+HI,1,0,1,1,0,3,3,2012,210,-28,6
2012-10-08,DST states,12,14,12,22,5,66,72,2012,211,-27,0
2012-10-08,AZ+HI,0,0,1,1,0,2,2,2012,211,-27,0
2012-10-09,DST states,7,10,8,30,5,60,64,2012,212,-26,1
2012-10-09,AZ+HI,0,0,1,0,0,1,1,2012,212,-26,1
2012-10-10,DST states,10,14,18,19,6,67,69,2012,213,-25,2
2012-10-10,AZ+HI,0,0,1,0,0,1,1,2012,213,-25,2
2012-10-11,DST states,6,17,19,18,14,74,78,2012,214,-24,3
2012-10-11,AZ+HI,1,0,0,1,0,2,2,2012,214,-24,3
2012-10-12,DST states,16,21,14,23,19,93,101,2012,215,-23,4
2012-10-12,AZ+HI,0,1,1,3,2,7,7,2012,215,-23,4
2012-10-13,DST states,24,12,22,34,8,100,111,2012,216,-22,5
2012-10-13,AZ+HI,1,1,0,2,0,4,4,2012,216,-22,5
2012-10-14,DST states,33,8,18,33,12,107,117,2012,217,-21,6
2012-10-14,AZ+HI,0,0,2,0,1,3,3,2012,217,-21,6
2012-10-15,DST states,10,11,11,24,12,68,78,2012,218,-20,0
2012-10-15,AZ+HI,0,1,1,0,0,2,2,2012,218,-20,0
2012-10-16,DST states,11,15,18,25,8,77,81,2012,219,-19,1
2012-10-16,AZ+HI,0,0,0,0,0,1,1,2012,219,-19,1
2012-10-17,DST states,6,15,11,23,10,65,68,2012,220,-18,2
2012-10-17,AZ+HI,0,0,0,1,0,1,1,2012,220,-18,2
2012-10-18,DST states,9,16,16,19,12,72,75,2012,221,-17,3
2012-10-18,AZ+HI,0,0,0,0,0,0,0,2012,221,-17,3
2012-10-19,DST states,8,7,17,34,19,85,94,2012,222,-16,4
2012-10-19,AZ+HI,1,1,1,1,0,4,4,2012,222,-16,4
2012-10-20,DST states,30,11,18,31,22,114,132,2012,223,-15,5
2012-10-20,AZ+HI,1,0,2,1,0,4,4,2012,223,-15,5
2012-10-21,DST states,27,13,15,47,7,109,115,2012,224,-14,6
2012-10-21,AZ+HI,0,1,0,1,0,2,3,2012,224,-14,6
2012-10-22,DST states,9,13,17,23,10,72,74,2012,225,-13,0
2012-10-22,AZ+HI,0,0,0,1,0,1,1,2012,225,-13,0
2012-10-23,DST states,5,14,16,30,11,77,82,2012,226,-12,1
2012-10-23,AZ+HI,1,0,0,2,0,3,3,2012,226,-12,1
2012-10-24,DST states,5,13,12,30,11,72,75,2012,227,-11,2
2012-10-24,AZ+HI,0,1,1,1,1,4,4,2012,227,-11,2
2012-10-25,DST states,9,19,19,24,14,86,92,2012,228,-10,3
2012-10-25,AZ+HI,0,0,1,4,0,5,6,2012,228,-10,3
2012-10-26,DST states,14,17,18,31,17,97,111,2012,229,-9,4
2012-10-26,AZ+HI,1,1,0,0,0,2,2,2012,229,-9,4
2012-10-27,DST states,24,20,13,34,16,107,121,2012,230,-8,5
2012-10-27,AZ+HI,0,1,0,0,1,2,2,2012,230,-8,5
2012-10-28,DST states,41,6,12,23,4,86,92,2012,231,-7,6
2012-10-28,AZ+HI,1,0,2,1,1,5,5,2012,231,-7,6
2012-10-29,DST states,6,16,18,28,9,77,88,2012,232,-6,0
2012-10-29,AZ+HI,0,1,0,0,1,2,2,2012,232,-6,0
2012-10-30,DST states,5,22,11,26,5,69,74,2012,233,-5,1
2012-10-30,AZ+HI,1,0,0,2,0,3,3,2012,233,-5,1
2012-10-31,DST states,8,11,13,30,12,74,80,2012,234,-4,2
2012-10-31,AZ+HI,0,2,3,0,0,6,6,2012,234,-4,2
2012-11-01,DST states,22,9,18,29,9,87,95,2012,235,-3,3
2012-11-01,AZ+HI,0,0,1,1,0,2,2,2012,235,-3,3
2012-11-02,DST states,6,14,20,38,11,89,96,2012,236,-2,4
2012-11-02,AZ+HI,0,0,0,1,0,1,1,2012,236,-2,4
2012-11-03,DST states,28,9,19,39,22,118,124,2012,237,-1,5
2012-11-03,AZ+HI,0,0,0,0,0,0,0,2012,237,-1,5
2012-11-04,DST states,39,11,13,27,12,104,115,2012,238,0,6
2012-11-04,AZ+HI,0,0,1,1,0,2,2,2012,238,0,6
2012-11-05,DST states,8,14,10,33,8,73,77,2012,239,1,0
2012-11-05,AZ+HI,0,0,0,2,0,2,2,2012,239,1,0
2012-11-06,DST states,6,22,21,21,5,75,80,2012,240,2,1
2012-11-06,AZ+HI,0,1,0,0,1,2,2,2012,240,2,1
2012-11-07,DST states,1,15,22,29,9,76,83,2012,241,3,2
2012-11-07,AZ+HI,0,0,0,0,0,0,0,2012,241,3,2
2012-11-08,DST states,8,20,17,28,7,81,85,2012,242,4,3
2012-11-08,AZ+HI,0,0,0,0,0,0,0,2012,242,4,3
2012-11-09,DST states,11,16,20,15,13,75,83,2012,243,5,4
2012-11-09,AZ+HI,0,0,0,2,0,2,2,2012,243,5,4
2012-11-10,DST states,28,13,29,38,15,124,134,2012,244,6,5
2012-11-10,AZ+HI,0,1,0,0,0,1,1,2012,244,6,5
2012-11-11,DST states,32,14,23,35,5,111,124,2012,245,7,6
2012-11-11,AZ+HI,1,0,0,1,0,2,2,2012,245,7,6
2012-11-12,DST states,11,13,15,30,10,79,85,2012,246,8,0
2012-11-12,AZ+HI,0,1,0,2,0,4,4,2012,246,8,0
2012-11-13,DST states,7,16,16,25,6,71,79,2012,247,9,1
2012-11-13,AZ+HI,0,0,0,0,1,1,1,2012,247,9,1
2012-11-14,DST states,3,15,14,27,9,68,77,2012,248,10,2
2012-11-14,AZ+HI,1,0,1,0,0,2,2,2012,248,10,2
2012-11-15,DST states,12,12,10,32,5,71,81,2012,249,11,3
2012-11-15,AZ+HI,2,0,0,1,0,3,3,2012,249,11,3
2012-11-16,DST states,14,14,19,43,11,101,111,2012,250,12,4
2012-11-16,AZ+HI,0,0,0,1,0,1,1,2012,250,12,4
2012-11-17,DST states,29,12,21,34,14,111,118,2012,251,13,5
2012-11-17,AZ+HI,0,0,0,2,0,2,2,2012,251,13,5
2012-11-18,DST states,18,5,14,30,4,73,82,2012,252,14,6
2012-11-18,AZ+HI,0,1,0,1,0,2,2,2012,252,14,6
2012-11-19,DST states,15,11,12,19,5,62,67,2012,253,15,0
2012-11-19,AZ+HI,0,0,0,1,0,2,2,2012,253,15,0
2012-11-20,DST states,6,12,28,29,4,81,93,2012,254,16,1
2012-11-20,AZ+HI,1,0,2,0,1,4,4,2012,254,16,1
2012-11-21,DST states,11,19,16,39,16,102,111,2012,255,17,2
2012-11-21,AZ+HI,0,1,0,0,0,3,3,2012,255,17,2
2012-11-22,DST states,28,8,11,30,5,82,88,2012,256,18,3
2012-11-22,AZ+HI,0,0,0,2,0,2,2,2012,256,18,3
2012-11-23,DST states,11,13,8,25,8,65,68,2012,257,19,4
2012-11-23,AZ+HI,0,1,1,2,1,5,5,2012,257,19,4
2012-11-24,DST states,29,14,12,39,9,104,120,2012,258,20,5
2012-11-24,AZ+HI,0,0,1,1,0,2,2,2012,258,20,5
2012-11-25,DST states,27,9,14,27,4,82,86,2012,259,21,6
2012-11-25,AZ+HI,0,0,0,1,0,1,1,2012,259,21,6
2012-11-26,DST states,6,15,12,35,8,78,82,2012,260,22,0
2012-11-26,AZ+HI,1,0,0,0,0,1,1,2012,260,22,0
2012-11-27,DST states,8,16,15,28,5,72,79,2012,261,23,1
2012-11-27,AZ+HI,0,0,1,0,1,2,3,2012,261,23,1
2012-11-28,DST states,7,20,15,26,6,75,81,2012,262,24,2
2012-11-28,AZ+HI,0,0,1,0,0,1,1,2012,262,24,2
2012-11-29,DST states,5,10,13,33,6,67,70,2012,263,25,3
2012-11-29,AZ+HI,0,0,1,1,0,2,2,2012,263,25,3
2012-11-30,DST states,10,11,12,38,18,89,96,2012,264,26,4
2012-11-30,AZ+HI,1,0,0,0,1,2,2,2012,264,26,4
2012-12-01,DST states,30,16,16,32,16,111,122,2012,265,27,5
2012-12-01,AZ+HI,1,1,2,0,0,4,4,2012,265,27,5
2012-12-02,DST states,29,14,10,31,11,96,99,2012,266,28,6
2012-12-02,AZ+HI,1,0,0,1,1,3,3,2012,266,28,6
2012-12-03,DST states,9,17,20,28,8,84,88,2012,267,29,0
2012-12-03,AZ+HI,0,0,0,2,0,2,2,2012,267,29,0
2012-12-04,DST states,10,13,22,28,15,88,89,2012,268,30,1
2012-12-04,AZ+HI,2,2,0,1,0,5,7,2012,268,30,1
2012-12-05,DST states,8,12,14,26,5,66,70,2012,269,31,2
2012-12-05,AZ+HI,0,0,0,1,0,1,1,2012,269,31,2
2012-12-06,DST states,7,14,16,37,11,86,92,2012,270,32,3
2012-12-06,AZ+HI,0,0,1,1,0,2,3,2012,270,32,3
2012-12-07,DST states,16,12,16,45,14,105,113,2012,271,33,4
2012-12-07,AZ+HI,0,0,0,0,0,0,0,2012,271,33,4
2012-12-08,DST states,24,16,18,31,11,101,110,2012,272,34,5
2012-12-08,AZ+HI,1,1,1,0,0,5,5,2012,272,34,5
2012-12-09,DST states,22,15,10,22,3,73,77,2012,273,35,6
2012-12-09,AZ+HI,0,2,1,0,0,3,4,2012,273,35,6
2012-12-10,DST states,10,11,16,27,7,72,75,2012,274,36,0
2012-12-10,AZ+HI,0,0,1,1,0,2,2,2012,274,36,0
2012-12-11,DST states,7,18,8,13,8,54,59,2012,275,37,1
2012-12-11,AZ+HI,0,0,0,1,0,1,1,2012,275,37,1
2012-12-12,DST states,13,14,9,22,6,64,68,2012,276,38,2
2012-12-12,AZ+HI,2,1,0,0,0,3,3,2012,276,38,2
2012-12-13,DST states,8,14,12,18,7,59,64,2012,277,39,3
2012-12-13,AZ+HI,0,0,0,1,0,1,1,2012,277,39,3
2012-12-14,DST states,15,14,21,32,14,96,106,2012,278,40,4
2012-12-14,AZ+HI,1,0,0,1,0,2,2,2012,278,40,4
2012-12-15,DST states,39,19,16,23,12,110,120,2012,279,41,5
2012-12-15,AZ+HI,4,0,2,0,0,6,6,2012,279,41,5
2012-12-16,DST states,20,8,8,27,9,73,86,2012,280,42,6
2012-12-16,AZ+HI,3,0,0,0,0,3,3,2012,280,42,6
2012-12-17,DST states,10,11,12,36,14,83,87,2012,281,43,0
2012-12-17,AZ+HI,0,0,0,1,0,1,1,2012,281,43,0
2012-12-18,DST states,9,18,14,24,8,74,76,2012,282,44,1
2012-12-18,AZ+HI,0,2,1,0,0,3,3,2012,282,44,1
2012-12-19,DST states,13,7,18,25,9,72,78,2012,283,45,2
2012-12-19,AZ+HI,0,1,1,1,0,3,3,2012,283,45,2
2012-12-20,DST states,9,18,16,33,10,89,96,2012,284,46,3
2012-12-20,AZ+HI,0,0,0,0,0,0,0,2012,284,46,3
2012-12-21,DST states,15,20,25,29,16,105,114,2012,285,47,4
2012-12-21,AZ+HI,0,0,2,0,0,2,2,2012,285,47,4
2012-12-22,DST states,16,11,15,27,10,80,82,2012,286,48,5
2012-12-22,AZ+HI,0,0,1,1,0,2,2,2012,286,48,5
2012-12-23,DST states,19,9,13,26,8,75,81,2012,287,49,6
2012-12-23,AZ+HI,1,0,0,0,0,1,1,2012,287,49,6
2012-12-24,DST states,12,8,11,28,12,71,84,2012,288,50,0
2012-12-24,AZ+HI,0,0,0,0,0,0,0,2012,288,50,0
2012-12-25,DST states,15,6,8,25,7,61,73,2012,289,51,1
2012-12-25,AZ+HI,0,0,1,0,0,1,1,2012,289,51,1
2012-12-26,DST states,9,7,29,30,10,88,97,2012,290,52,2
2012-12-26,AZ+HI,0,0,1,3,0,5,5,2012,290,52,2
2012-12-27,DST states,6,17,13,16,6,58,64,2012,291,53,3
2012-12-27,AZ+HI,0,0,1,0,0,1,1,2012,291,53,3
2012-12-28,DST states,10,10,20,16,8,65,73,2012,292,54,4
2012-12-28,AZ+HI,0,1,0,0,0,1,1,2012,292,54,4
2012-12-29,DST states,19,9,14,20,12,74,89,2012,293,55,5
2012-12-29,AZ+HI,0,0,0,1,0,1,1,2012,293,55,5
2012-12-30,DST states,26,11,8,13,8,67,81,2012,294,56,6
2012-12-30,AZ+HI,0,0,0,0,1,1,2,2012,294,56,6
2012-12-31,DST states,10,16,9,29,11,76,84,2012,295,57,0
2012-12-31,AZ+HI,0,0,0,1,0,1,1,2012,295,57,0
2013-01-01,DST states,30,8,8,20,9,75,84,2013,-68,-306,1
2013-01-01,AZ+HI,0,0,0,1,0,1,1,2013,-68,-306,1
2013-01-02,DST states,5,6,13,22,5,51,53,2013,-67,-305,2
2013-01-02,AZ+HI,0,0,1,1,0,2,2,2013,-67,-305,2
2013-01-03,DST states,9,14,9,30,15,77,83,2013,-66,-304,3
2013-01-03,AZ+HI,1,0,0,2,1,4,4,2013,-66,-304,3
2013-01-04,DST states,3,10,18,18,13,62,71,2013,-65,-303,4
2013-01-04,AZ+HI,0,1,1,2,0,4,4,2013,-65,-303,4
2013-01-05,DST states,8,9,16,17,5,56,60,2013,-64,-302,5
2013-01-05,AZ+HI,0,1,0,1,0,2,2,2013,-64,-302,5
2013-01-06,DST states,13,10,16,21,5,65,74,2013,-63,-301,6
2013-01-06,AZ+HI,0,0,0,1,0,1,1,2013,-63,-301,6
2013-01-07,DST states,2,15,15,22,5,59,62,2013,-62,-300,0
2013-01-07,AZ+HI,0,1,1,0,0,2,2,2013,-62,-300,0
2013-01-08,DST states,7,10,23,24,7,72,82,2013,-61,-299,1
2013-01-08,AZ+HI,0,0,1,0,0,1,1,2013,-61,-299,1
2013-01-09,DST states,6,24,19,30,8,87,99,2013,-60,-298,2
2013-01-09,AZ+HI,0,0,0,2,0,2,2,2013,-60,-298,2
2013-01-10,DST states,7,13,8,29,4,61,64,2013,-59,-297,3
2013-01-10,AZ+HI,1,1,0,0,0,2,2,2013,-59,-297,3
2013-01-11,DST states,9,11,14,30,6,70,76,2013,-58,-296,4
2013-01-11,AZ+HI,0,1,2,2,1,6,7,2013,-58,-296,4
2013-01-12,DST states,21,10,8,30,12,81,96,2013,-57,-295,5
2013-01-12,AZ+HI,0,1,0,1,0,2,2,2013,-57,-295,5
2013-01-13,DST states,22,4,15,13,11,67,77,2013,-56,-294,6
2013-01-13,AZ+HI,0,0,1,0,0,1,1,2013,-56,-294,6
2013-01-14,DST states,7,12,17,16,9,61,64,2013,-55,-293,0
2013-01-14,AZ+HI,0,0,0,0,0,0,0,2013,-55,-293,0
2013-01-15,DST states,9,12,18,22,9,71,77,2013,-54,-292,1
2013-01-15,AZ+HI,1,2,0,1,0,4,4,2013,-54,-292,1
2013-01-16,DST states,7,18,19,22,10,76,76,2013,-53,-291,2
2013-01-16,AZ+HI,0,1,0,0,1,2,2,2013,-53,-291,2
2013-01-17,DST states,11,13,11,13,8,56,61,2013,-52,-290,3
2013-01-17,AZ+HI,0,0,0,1,0,1,1,2013,-52,-290,3
2013-01-18,DST states,11,12,18,22,12,76,91,2013,-51,-289,4
2013-01-18,AZ+HI,0,0,0,0,0,0,0,2013,-51,-289,4
2013-01-19,DST states,25,9,19,34,13,101,108,2013,-50,-288,5
2013-01-19,AZ+HI,0,1,1,2,0,4,4,2013,-50,-288,5
2013-01-20,DST states,27,8,12,24,4,75,82,2013,-49,-287,6
2013-01-20,AZ+HI,1,0,0,5,0,6,7,2013,-49,-287,6
2013-01-21,DST states,5,11,10,24,7,57,61,2013,-48,-286,0
2013-01-21,AZ+HI,0,0,0,0,1,1,1,2013,-48,-286,0
2013-01-22,DST states,4,13,16,20,6,59,61,2013,-47,-285,1
2013-01-22,AZ+HI,0,0,0,2,0,2,2,2013,-47,-285,1
2013-01-23,DST states,7,12,11,26,10,67,71,2013,-46,-284,2
2013-01-23,AZ+HI,0,0,2,1,0,3,6,2013,-46,-284,2
2013-01-24,DST states,10,14,10,20,10,65,68,2013,-45,-283,3
2013-01-24,AZ+HI,0,0,1,0,0,1,1,2013,-45,-283,3
2013-01-25,DST states,11,9,24,33,12,89,100,2013,-44,-282,4
2013-01-25,AZ+HI,0,0,0,1,0,1,1,2013,-44,-282,4
2013-01-26,DST states,20,11,12,22,14,79,83,2013,-43,-281,5
2013-01-26,AZ+HI,0,0,1,1,1,3,4,2013,-43,-281,5
2013-01-27,DST states,24,12,15,19,8,78,88,2013,-42,-280,6
2013-01-27,AZ+HI,0,0,2,2,1,5,7,2013,-42,-280,6
2013-01-28,DST states,8,18,20,31,5,82,92,2013,-41,-279,0
2013-01-28,AZ+HI,1,1,0,1,0,3,3,2013,-41,-279,0
2013-01-29,DST states,8,10,17,20,12,67,69,2013,-40,-278,1
2013-01-29,AZ+HI,0,1,0,0,0,1,1,2013,-40,-278,1
2013-01-30,DST states,7,10,16,27,3,63,66,2013,-39,-277,2
2013-01-30,AZ+HI,0,1,0,1,0,2,2,2013,-39,-277,2
2013-01-31,DST states,6,4,15,23,7,55,63,2013,-38,-276,3
2013-01-31,AZ+HI,0,0,0,0,1,1,1,2013,-38,-276,3
2013-02-01,DST states,14,11,18,20,14,77,85,2013,-37,-275,4
2013-02-01,AZ+HI,0,1,2,4,0,7,7,2013,-37,-275,4
2013-02-02,DST states,22,10,12,21,13,79,88,2013,-36,-274,5
2013-02-02,AZ+HI,2,0,1,2,3,8,8,2013,-36,-274,5
2013-02-03,DST states,28,15,16,19,10,88,104,2013,-35,-273,6
2013-02-03,AZ+HI,0,0,1,2,0,3,3,2013,-35,-273,6
2013-02-04,DST states,13,14,19,20,12,78,90,2013,-34,-272,0
2013-02-04,AZ+HI,0,1,1,0,0,2,2,2013,-34,-272,0
2013-02-05,DST states,3,15,13,29,5,65,70,2013,-33,-271,1
2013-02-05,AZ+HI,0,0,0,0,0,0,0,2013,-33,-271,1
2013-02-06,DST states,9,18,13,23,6,70,75,2013,-32,-270,2
2013-02-06,AZ+HI,0,2,1,3,0,6,6,2013,-32,-270,2
2013-02-07,DST states,6,7,12,21,6,52,53,2013,-31,-269,3
2013-02-07,AZ+HI,0,0,1,1,0,2,2,2013,-31,-269,3
2013-02-08,DST states,5,10,18,23,7,64,74,2013,-30,-268,4
2013-02-08,AZ+HI,0,0,0,0,0,0,0,2013,-30,-268,4
2013-02-09,DST states,16,6,9,21,12,66,71,2013,-29,-267,5
2013-02-09,AZ+HI,0,0,1,1,0,2,2,2013,-29,-267,5
2013-02-10,DST states,23,13,9,19,10,74,81,2013,-28,-266,6
2013-02-10,AZ+HI,0,0,0,1,0,1,1,2013,-28,-266,6
2013-02-11,DST states,5,11,6,14,3,40,44,2013,-27,-265,0
2013-02-11,AZ+HI,0,1,1,2,0,4,4,2013,-27,-265,0
2013-02-12,DST states,9,16,15,14,8,62,64,2013,-26,-264,1
2013-02-12,AZ+HI,0,0,0,0,0,0,0,2013,-26,-264,1
2013-02-13,DST states,5,13,13,23,9,64,65,2013,-25,-263,2
2013-02-13,AZ+HI,0,1,0,0,0,1,1,2013,-25,-263,2
2013-02-14,DST states,10,13,12,28,7,70,77,2013,-24,-262,3
2013-02-14,AZ+HI,0,0,0,1,0,1,1,2013,-24,-262,3
2013-02-15,DST states,18,8,6,15,11,58,62,2013,-23,-261,4
2013-02-15,AZ+HI,0,1,1,0,1,3,3,2013,-23,-261,4
2013-02-16,DST states,23,9,5,28,16,82,90,2013,-22,-260,5
2013-02-16,AZ+HI,1,0,0,1,1,3,3,2013,-22,-260,5
2013-02-17,DST states,23,8,9,23,8,74,81,2013,-21,-259,6
2013-02-17,AZ+HI,0,0,2,2,0,5,5,2013,-21,-259,6
2013-02-18,DST states,9,6,16,19,7,57,65,2013,-20,-258,0
2013-02-18,AZ+HI,0,0,0,0,1,1,1,2013,-20,-258,0
2013-02-19,DST states,7,13,11,24,6,61,63,2013,-19,-257,1
2013-02-19,AZ+HI,0,0,1,1,0,2,2,2013,-19,-257,1
2013-02-20,DST states,10,13,13,21,13,71,77,2013,-18,-256,2
2013-02-20,AZ+HI,0,0,0,0,0,0,0,2013,-18,-256,2
2013-02-21,DST states,11,10,9,17,7,54,57,2013,-17,-255,3
2013-02-21,AZ+HI,0,0,0,0,0,0,0,2013,-17,-255,3
2013-02-22,DST states,10,18,17,23,11,80,89,2013,-16,-254,4
2013-02-22,AZ+HI,1,0,0,0,0,1,1,2013,-16,-254,4
2013-02-23,DST states,21,19,10,22,5,79,86,2013,-15,-253,5
2013-02-23,AZ+HI,1,0,1,0,0,2,2,2013,-15,-253,5
2013-02-24,DST states,22,7,15,13,8,65,67,2013,-14,-252,6
2013-02-24,AZ+HI,1,1,0,0,0,3,3,2013,-14,-252,6
2013-02-25,DST states,4,11,12,26,6,59,67,2013,-13,-251,0
2013-02-25,AZ+HI,0,1,0,0,0,1,1,2013,-13,-251,0
2013-02-26,DST states,9,13,9,17,9,57,60,2013,-12,-250,1
2013-02-26,AZ+HI,0,0,0,0,0,1,1,2013,-12,-250,1
2013-02-27,DST states,7,10,10,29,11,68,72,2013,-11,-249,2
2013-02-27,AZ+HI,2,0,1,3,0,6,6,2013,-11,-249,2
2013-02-28,DST states,8,17,14,28,2,70,77,2013,-10,-248,3
2013-02-28,AZ+HI,2,1,0,0,0,3,3,2013,-10,-248,3
2013-03-01,DST states,6,18,15,22,9,70,83,2013,-9,-247,4
2013-03-01,AZ+HI,1,0,0,0,0,1,1,2013,-9,-247,4
2013-03-02,DST states,21,11,15,22,15,84,95,2013,-8,-246,5
2013-03-02,AZ+HI,0,0,0,1,0,1,1,2013,-8,-246,5
2013-03-03,DST states,26,9,13,30,9,87,97,2013,-7,-245,6
2013-03-03,AZ+HI,0,1,1,3,0,5,5,2013,-7,-245,6
2013-03-04,DST states,7,16,13,22,6,64,65,2013,-6,-244,0
2013-03-04,AZ+HI,0,1,0,4,0,5,5,2013,-6,-244,0
2013-03-05,DST states,5,13,15,22,12,68,74,2013,-5,-243,1
2013-03-05,AZ+HI,0,1,0,0,0,1,1,2013,-5,-243,1
2013-03-06,DST states,2,12,10,23,10,57,60,2013,-4,-242,2
2013-03-06,AZ+HI,0,0,0,2,0,2,2,2013,-4,-242,2
2013-03-07,DST states,7,19,13,22,9,70,74,2013,-3,-241,3
2013-03-07,AZ+HI,0,0,0,0,0,1,1,2013,-3,-241,3
2013-03-08,DST states,16,6,13,25,9,70,78,2013,-2,-240,4
2013-03-08,AZ+HI,0,1,0,1,0,2,2,2013,-2,-240,4
2013-03-09,DST states,23,9,12,23,8,76,82,2013,-1,-239,5
2013-03-09,AZ+HI,0,0,0,2,0,2,2,2013,-1,-239,5
2013-03-10,DST states,24,7,15,36,9,91,109,2013,0,-238,6
2013-03-10,AZ+HI,0,0,1,2,0,3,3,2013,0,-238,6
2013-03-11,DST states,8,13,23,19,9,73,81,2013,1,-237,0
2013-03-11,AZ+HI,0,0,2,1,0,3,3,2013,1,-237,0
2013-03-12,DST states,10,14,17,22,10,73,80,2013,2,-236,1
2013-03-12,AZ+HI,0,1,0,1,0,2,2,2013,2,-236,1
2013-03-13,DST states,7,22,12,25,5,72,79,2013,3,-235,2
2013-03-13,AZ+HI,0,0,2,1,0,3,3,2013,3,-235,2
2013-03-14,DST states,7,11,12,23,6,59,61,2013,4,-234,3
2013-03-14,AZ+HI,1,0,1,0,0,2,2,2013,4,-234,3
2013-03-15,DST states,13,13,11,30,17,84,89,2013,5,-233,4
2013-03-15,AZ+HI,0,1,1,0,0,2,2,2013,5,-233,4
2013-03-16,DST states,20,8,25,33,12,99,114,2013,6,-232,5
2013-03-16,AZ+HI,0,1,0,0,1,2,2,2013,6,-232,5
2013-03-17,DST states,18,11,15,19,13,76,85,2013,7,-231,6
2013-03-17,AZ+HI,0,1,0,0,1,2,2,2013,7,-231,6
2013-03-18,DST states,9,19,10,23,8,69,77,2013,8,-230,0
2013-03-18,AZ+HI,1,1,0,1,0,3,4,2013,8,-230,0
2013-03-19,DST states,6,12,13,24,16,71,74,2013,9,-229,1
2013-03-19,AZ+HI,1,0,0,0,0,1,1,2013,9,-229,1
2013-03-20,DST states,6,13,12,20,7,59,65,2013,10,-228,2
2013-03-20,AZ+HI,0,0,0,1,0,1,1,2013,10,-228,2
2013-03-21,DST states,7,16,18,16,6,63,73,2013,11,-227,3
2013-03-21,AZ+HI,0,0,1,1,1,3,3,2013,11,-227,3
2013-03-22,DST states,11,14,11,21,15,72,81,2013,12,-226,4
2013-03-22,AZ+HI,0,0,1,0,0,1,1,2013,12,-226,4
2013-03-23,DST states,33,14,16,30,14,107,117,2013,13,-225,5
2013-03-23,AZ+HI,1,0,1,2,1,5,5,2013,13,-225,5
2013-03-24,DST states,15,10,6,17,11,60,65,2013,14,-224,6
2013-03-24,AZ+HI,2,0,0,2,0,4,4,2013,14,-224,6
2013-03-25,DST states,7,19,11,12,4,53,58,2013,15,-223,0
2013-03-25,AZ+HI,0,0,2,1,1,5,6,2013,15,-223,0
2013-03-26,DST states,8,8,16,13,7,52,61,2013,16,-222,1
2013-03-26,AZ+HI,0,1,1,0,1,3,4,2013,16,-222,1
2013-03-27,DST states,5,8,9,22,6,50,54,2013,17,-221,2
2013-03-27,AZ+HI,0,0,1,2,0,3,3,2013,17,-221,2
2013-03-28,DST states,6,8,8,15,16,53,60,2013,18,-220,3
2013-03-28,AZ+HI,1,1,0,1,0,3,3,2013,18,-220,3
2013-03-29,DST states,9,12,17,27,17,82,91,2013,19,-219,4
2013-03-29,AZ+HI,0,0,1,3,0,4,4,2013,19,-219,4
2013-03-30,DST states,36,9,24,39,17,125,139,2013,20,-218,5
2013-03-30,AZ+HI,0,0,0,1,0,1,1,2013,20,-218,5
2013-03-31,DST states,24,11,12,28,8,83,95,2013,21,-217,6
2013-03-31,AZ+HI,2,2,1,2,1,8,9,2013,21,-217,6
2013-04-01,DST states,7,13,18,30,6,74,83,2013,22,-216,0
2013-04-01,AZ+HI,0,0,0,0,0,0,0,2013,22,-216,0
2013-04-02,DST states,2,20,5,23,6,56,65,2013,23,-215,1
2013-04-02,AZ+HI,1,0,0,2,0,3,4,2013,23,-215,1
2013-04-03,DST states,6,17,13,16,12,64,71,2013,24,-214,2
2013-04-03,AZ+HI,0,4,0,2,0,6,7,2013,24,-214,2
2013-04-04,DST states,7,17,20,26,16,86,95,2013,25,-213,3
2013-04-04,AZ+HI,0,1,2,0,1,4,4,2013,25,-213,3
2013-04-05,DST states,13,8,16,20,17,75,79,2013,26,-212,4
2013-04-05,AZ+HI,0,0,2,0,1,3,3,2013,26,-212,4
2013-04-06,DST states,26,10,28,26,22,113,130,2013,27,-211,5
2013-04-06,AZ+HI,0,0,3,0,0,3,3,2013,27,-211,5
2013-04-07,DST states,25,8,19,27,10,90,97,2013,28,-210,6
2013-04-07,AZ+HI,0,0,0,1,1,2,2,2013,28,-210,6
2013-04-08,DST states,12,11,21,22,11,78,78,2013,29,-209,0
2013-04-08,AZ+HI,0,0,0,1,1,2,2,2013,29,-209,0
2013-04-09,DST states,6,14,22,29,10,82,86,2013,30,-208,1
2013-04-09,AZ+HI,0,0,0,1,1,2,2,2013,30,-208,1
2013-04-10,DST states,10,11,16,24,5,67,79,2013,31,-207,2
2013-04-10,AZ+HI,0,0,0,2,1,3,3,2013,31,-207,2
2013-04-11,DST states,13,20,10,18,7,68,74,2013,32,-206,3
2013-04-11,AZ+HI,0,0,1,0,0,1,1,2013,32,-206,3
2013-04-12,DST states,8,7,17,13,8,53,57,2013,33,-205,4
2013-04-12,AZ+HI,2,0,0,0,0,2,2,2013,33,-205,4
2013-04-13,DST states,13,11,16,28,17,85,95,2013,34,-204,5
2013-04-13,AZ+HI,0,2,1,1,0,4,4,2013,34,-204,5
2013-04-14,DST states,29,7,19,33,10,100,112,2013,35,-203,6
2013-04-14,AZ+HI,1,0,1,1,0,3,4,2013,35,-203,6
2013-04-15,DST states,9,11,10,20,11,62,67,2013,36,-202,0
2013-04-15,AZ+HI,0,0,0,1,0,2,2,2013,36,-202,0
2013-04-16,DST states,4,13,12,17,14,60,66,2013,37,-201,1
2013-04-16,AZ+HI,1,0,0,0,0,1,1,2013,37,-201,1
2013-04-17,DST states,5,11,6,25,8,55,59,2013,38,-200,2
2013-04-17,AZ+HI,1,0,0,1,0,2,2,2013,38,-200,2
2013-04-18,DST states,13,9,13,19,9,64,71,2013,39,-199,3
2013-04-18,AZ+HI,0,0,0,2,0,2,2,2013,39,-199,3
2013-04-19,DST states,10,10,10,23,17,72,79,2013,40,-198,4
2013-04-19,AZ+HI,0,0,0,0,0,0,0,2013,40,-198,4
2013-04-20,DST states,20,8,18,16,18,81,85,2013,41,-197,5
2013-04-20,AZ+HI,1,1,1,1,1,5,9,2013,41,-197,5
2013-04-21,DST states,26,9,8,29,11,83,94,2013,42,-196,6
2013-04-21,AZ+HI,0,0,0,1,0,1,1,2013,42,-196,6
2013-04-22,DST states,7,11,6,15,6,45,49,2013,43,-195,0
2013-04-22,AZ+HI,0,0,1,2,1,4,6,2013,43,-195,0
2013-04-23,DST states,12,11,14,24,9,70,74,2013,44,-194,1
2013-04-23,AZ+HI,0,0,0,0,0,0,0,2013,44,-194,1
2013-04-24,DST states,7,6,14,19,9,55,57,2013,45,-193,2
2013-04-24,AZ+HI,1,0,0,0,0,1,1,2013,45,-193,2
2013-04-25,DST states,9,9,14,20,14,66,68,2013,46,-192,3
2013-04-25,AZ+HI,0,0,0,0,0,0,0,2013,46,-192,3
2013-04-26,DST states,11,12,18,25,22,89,96,2013,47,-191,4
2013-04-26,AZ+HI,0,1,0,2,0,3,4,2013,47,-191,4
2013-04-27,DST states,24,12,23,31,19,109,115,2013,48,-190,5
2013-04-27,AZ+HI,2,0,3,1,1,7,7,2013,48,-190,5
2013-04-28,DST states,24,8,15,33,9,89,104,2013,49,-189,6
2013-04-28,AZ+HI,0,1,2,1,0,4,4,2013,49,-189,6
2013-04-29,DST states,12,15,15,20,8,70,75,2013,50,-188,0
2013-04-29,AZ+HI,0,1,0,1,0,2,2,2013,50,-188,0
2013-04-30,DST states,10,11,16,24,5,66,70,2013,51,-187,1
2013-04-30,AZ+HI,0,1,0,0,0,1,1,2013,51,-187,1
2013-05-01,DST states,10,9,12,22,20,73,79,2013,52,-186,2
2013-05-01,AZ+HI,0,1,2,0,0,3,4,2013,52,-186,2
2013-05-02,DST states,11,12,12,16,14,65,72,2013,53,-185,3
2013-05-02,AZ+HI,1,0,2,0,0,3,3,2013,53,-185,3
2013-05-03,DST states,19,9,20,24,19,91,103,2013,54,-184,4
2013-05-03,AZ+HI,0,0,1,3,0,4,4,2013,54,-184,4
2013-05-04,DST states,21,13,21,17,16,90,114,2013,55,-183,5
2013-05-04,AZ+HI,1,1,2,2,0,6,6,2013,55,-183,5
2013-05-05,DST states,26,12,14,32,8,93,106,2013,56,-182,6
2013-05-05,AZ+HI,1,1,1,0,2,5,6,2013,56,-182,6
2013-05-06,DST states,8,12,14,17,5,56,64,2013,57,-181,0
2013-05-06,AZ+HI,0,0,0,1,0,1,1,2013,57,-181,0
2013-05-07,DST states,5,11,12,24,10,63,64,2013,58,-180,1
2013-05-07,AZ+HI,0,1,0,1,0,3,3,2013,58,-180,1
2013-05-08,DST states,5,14,16,24,6,65,70,2013,59,-179,2
2013-05-08,AZ+HI,0,2,0,1,0,3,3,2013,59,-179,2
2013-05-09,DST states,16,10,9,28,17,81,87,2013,60,-178,3
2013-05-09,AZ+HI,1,0,3,3,0,7,8,2013,60,-178,3
2013-05-10,DST states,18,13,15,21,15,84,93,2013,61,-177,4
2013-05-10,AZ+HI,0,2,0,1,0,3,3,2013,61,-177,4
2013-05-11,DST states,19,9,15,28,20,93,101,2013,62,-176,5
2013-05-11,AZ+HI,0,0,2,2,1,5,5,2013,62,-176,5
2013-05-12,DST states,22,10,13,20,7,72,77,2013,63,-175,6
2013-05-12,AZ+HI,0,1,0,4,0,5,6,2013,63,-175,6
2013-05-13,DST states,4,8,17,18,11,58,60,2013,64,-174,0
2013-05-13,AZ+HI,1,0,0,2,0,3,3,2013,64,-174,0
2013-05-14,DST states,10,11,15,22,7,65,67,2013,65,-173,1
2013-05-14,AZ+HI,0,1,0,0,0,1,1,2013,65,-173,1
2013-05-15,DST states,12,14,19,19,18,82,87,2013,66,-172,2
2013-05-15,AZ+HI,0,0,0,0,1,1,1,2013,66,-172,2
2013-05-16,DST states,6,16,14,21,10,67,69,2013,67,-171,3
2013-05-16,AZ+HI,0,1,1,1,1,4,5,2013,67,-171,3
2013-05-17,DST states,12,12,18,26,24,93,99,2013,68,-170,4
2013-05-17,AZ+HI,0,0,0,0,0,0,0,2013,68,-170,4
2013-05-18,DST states,18,16,30,30,18,115,118,2013,69,-169,5
2013-05-18,AZ+HI,0,0,0,1,0,1,1,2013,69,-169,5
2013-05-19,DST states,29,8,19,21,14,91,102,2013,70,-168,6
2013-05-19,AZ+HI,3,0,1,1,1,6,6,2013,70,-168,6
2013-05-20,DST states,5,13,17,32,9,77,86,2013,71,-167,0
2013-05-20,AZ+HI,1,0,0,1,0,2,2,2013,71,-167,0
2013-05-21,DST states,3,11,14,15,12,55,56,2013,72,-166,1
2013-05-21,AZ+HI,2,0,0,0,0,2,2,2013,72,-166,1
2013-05-22,DST states,4,11,9,17,9,52,57,2013,73,-165,2
2013-05-22,AZ+HI,0,0,2,0,0,2,2,2013,73,-165,2
2013-05-23,DST states,7,9,15,23,16,71,76,2013,74,-164,3
2013-05-23,AZ+HI,1,0,0,0,1,2,2,2013,74,-164,3
2013-05-24,DST states,16,5,16,38,15,91,101,2013,75,-163,4
2013-05-24,AZ+HI,0,0,0,1,1,2,2,2013,75,-163,4
2013-05-25,DST states,26,19,14,34,17,111,119,2013,76,-162,5
2013-05-25,AZ+HI,0,1,3,0,0,4,5,2013,76,-162,5
2013-05-26,DST states,27,11,18,44,11,113,127,2013,77,-161,6
2013-05-26,AZ+HI,0,1,0,1,1,3,3,2013,77,-161,6
2013-05-27,DST states,11,8,18,16,17,70,85,2013,78,-160,0
2013-05-27,AZ+HI,0,0,0,0,1,1,1,2013,78,-160,0
2013-05-28,DST states,9,14,10,23,8,64,71,2013,79,-159,1
2013-05-28,AZ+HI,0,0,1,0,0,1,2,2013,79,-159,1
2013-05-29,DST states,9,10,16,19,8,62,71,2013,80,-158,2
2013-05-29,AZ+HI,0,0,1,1,0,2,2,2013,80,-158,2
2013-05-30,DST states,6,18,23,19,7,73,75,2013,81,-157,3
2013-05-30,AZ+HI,1,0,0,0,0,1,4,2013,81,-157,3
2013-05-31,DST states,6,17,24,37,23,108,113,2013,82,-156,4
2013-05-31,AZ+HI,0,1,0,1,0,2,2,2013,82,-156,4
2013-06-01,DST states,20,15,23,34,20,112,118,2013,83,-155,5
2013-06-01,AZ+HI,1,0,1,0,1,3,3,2013,83,-155,5
2013-06-02,DST states,30,15,13,24,12,94,102,2013,84,-154,6
2013-06-02,AZ+HI,1,1,1,1,0,4,5,2013,84,-154,6
2013-06-03,DST states,6,13,28,30,7,85,91,2013,85,-153,0
2013-06-03,AZ+HI,1,0,1,1,0,3,3,2013,85,-153,0
2013-06-04,DST states,6,8,27,17,9,67,75,2013,86,-152,1
2013-06-04,AZ+HI,1,0,0,1,0,2,2,2013,86,-152,1
2013-06-05,DST states,13,12,16,19,13,74,80,2013,87,-151,2
2013-06-05,AZ+HI,1,0,1,1,0,3,3,2013,87,-151,2
2013-06-06,DST states,11,14,19,23,17,84,93,2013,88,-150,3
2013-06-06,AZ+HI,0,0,0,0,1,1,2,2013,88,-150,3
2013-06-07,DST states,12,12,23,34,9,90,96,2013,89,-149,4
2013-06-07,AZ+HI,0,0,0,0,0,0,0,2013,89,-149,4
2013-06-08,DST states,27,13,22,41,16,121,127,2013,90,-148,5
2013-06-08,AZ+HI,4,1,0,2,0,7,7,2013,90,-148,5
2013-06-09,DST states,21,14,18,29,14,97,105,2013,91,-147,6
2013-06-09,AZ+HI,1,1,0,0,0,2,2,2013,91,-147,6
2013-06-10,DST states,7,17,19,20,9,73,78,2013,92,-146,0
2013-06-10,AZ+HI,0,0,1,0,1,2,2,2013,92,-146,0
2013-06-11,DST states,9,14,20,29,10,82,85,2013,93,-145,1
2013-06-11,AZ+HI,0,0,0,2,0,2,2,2013,93,-145,1
2013-06-12,DST states,10,22,14,26,15,87,95,2013,94,-144,2
2013-06-12,AZ+HI,0,0,1,1,0,2,2,2013,94,-144,2
2013-06-13,DST states,12,13,25,25,10,85,94,2013,95,-143,3
2013-06-13,AZ+HI,0,0,0,1,3,4,4,2013,95,-143,3
2013-06-14,DST states,12,12,22,20,22,88,99,2013,96,-142,4
2013-06-14,AZ+HI,1,0,0,0,0,1,1,2013,96,-142,4
2013-06-15,DST states,32,8,20,31,29,120,140,2013,97,-141,5
2013-06-15,AZ+HI,1,0,0,0,1,2,2,2013,97,-141,5
2013-06-16,DST states,27,11,17,34,20,110,123,2013,98,-140,6
2013-06-16,AZ+HI,0,1,0,1,0,2,2,2013,98,-140,6
2013-06-17,DST states,11,12,23,20,13,79,83,2013,99,-139,0
2013-06-17,AZ+HI,0,1,1,1,2,5,5,2013,99,-139,0
2013-06-18,DST states,2,7,17,24,12,62,64,2013,100,-138,1
2013-06-18,AZ+HI,0,0,0,0,0,0,0,2013,100,-138,1
2013-06-19,DST states,8,10,21,19,11,69,75,2013,101,-137,2
2013-06-19,AZ+HI,0,0,0,1,0,1,1,2013,101,-137,2
2013-06-20,DST states,7,13,11,20,20,71,76,2013,102,-136,3
2013-06-20,AZ+HI,0,0,1,1,0,2,2,2013,102,-136,3
2013-06-21,DST states,9,4,28,24,9,74,87,2013,103,-135,4
2013-06-21,AZ+HI,0,0,0,0,2,2,2,2013,103,-135,4
2013-06-22,DST states,20,18,17,31,25,112,129,2013,104,-134,5
2013-06-22,AZ+HI,0,0,0,2,0,2,2,2013,104,-134,5
2013-06-23,DST states,28,16,10,28,16,99,109,2013,105,-133,6
2013-06-23,AZ+HI,1,0,0,0,1,2,2,2013,105,-133,6
2013-06-24,DST states,8,16,14,16,12,68,73,2013,106,-132,0
2013-06-24,AZ+HI,0,0,0,0,0,0,0,2013,106,-132,0
2013-06-25,DST states,9,10,25,26,17,88,91,2013,107,-131,1
2013-06-25,AZ+HI,0,0,0,0,0,0,0,2013,107,-131,1
2013-06-26,DST states,7,8,19,24,9,68,71,2013,108,-130,2
2013-06-26,AZ+HI,0,0,1,1,0,2,4,2013,108,-130,2
2013-06-27,DST states,8,10,21,25,9,74,78,2013,109,-129,3
2013-06-27,AZ+HI,0,0,0,0,1,1,1,2013,109,-129,3
2013-06-28,DST states,24,11,16,22,15,88,95,2013,110,-128,4
2013-06-28,AZ+HI,2,0,1,1,0,4,5,2013,110,-128,4
2013-06-29,DST states,23,15,19,31,18,108,116,2013,111,-127,5
2013-06-29,AZ+HI,0,0,2,0,0,2,2,2013,111,-127,5
2013-06-30,DST states,25,11,28,21,11,97,107,2013,112,-126,6
2013-06-30,AZ+HI,1,0,1,0,0,3,4,2013,112,-126,6
2013-07-01,DST states,7,11,18,23,13,73,79,2013,113,-125,0
2013-07-01,AZ+HI,1,0,1,0,0,2,2,2013,113,-125,0
2013-07-02,DST states,9,6,9,29,7,60,63,2013,114,-124,1
2013-07-02,AZ+HI,0,0,1,0,0,1,1,2013,114,-124,1
2013-07-03,DST states,12,9,15,30,12,78,83,2013,115,-123,2
2013-07-03,AZ+HI,1,1,0,1,1,4,4,2013,115,-123,2
2013-07-04,DST states,17,11,18,29,22,97,109,2013,116,-122,3
2013-07-04,AZ+HI,0,2,1,0,1,4,4,2013,116,-122,3
2013-07-05,DST states,29,17,23,38,9,118,130,2013,117,-121,4
2013-07-05,AZ+HI,0,1,0,2,0,3,3,2013,117,-121,4
2013-07-06,DST states,26,11,22,26,26,111,117,2013,118,-120,5
2013-07-06,AZ+HI,0,1,2,1,1,5,6,2013,118,-120,5
2013-07-07,DST states,28,8,22,25,12,96,106,2013,119,-119,6
2013-07-07,AZ+HI,0,3,0,0,0,3,3,2013,119,-119,6
2013-07-08,DST states,6,13,17,25,12,73,79,2013,120,-118,0
2013-07-08,AZ+HI,0,1,0,1,0,2,2,2013,120,-118,0
2013-07-09,DST states,8,6,16,15,9,55,63,2013,121,-117,1
2013-07-09,AZ+HI,1,0,0,1,1,3,3,2013,121,-117,1
2013-07-10,DST states,9,13,14,27,13,76,82,2013,122,-116,2
2013-07-10,AZ+HI,0,0,0,1,0,1,1,2013,122,-116,2
2013-07-11,DST states,10,22,14,19,14,81,87,2013,123,-115,3
2013-07-11,AZ+HI,0,0,0,1,0,1,1,2013,123,-115,3
2013-07-12,DST states,9,15,16,27,13,81,91,2013,124,-114,4
2013-07-12,AZ+HI,0,0,0,0,1,1,1,2013,124,-114,4
2013-07-13,DST states,25,8,17,30,22,103,107,2013,125,-113,5
2013-07-13,AZ+HI,0,1,0,1,0,2,2,2013,125,-113,5
2013-07-14,DST states,27,18,22,32,8,107,127,2013,126,-112,6
2013-07-14,AZ+HI,0,1,0,1,0,3,3,2013,126,-112,6
2013-07-15,DST states,10,11,17,27,5,73,76,2013,127,-111,0
2013-07-15,AZ+HI,0,0,0,1,0,1,1,2013,127,-111,0
2013-07-16,DST states,6,12,20,22,10,72,82,2013,128,-110,1
2013-07-16,AZ+HI,1,1,0,0,0,2,2,2013,128,-110,1
2013-07-17,DST states,10,16,16,24,11,77,81,2013,129,-109,2
2013-07-17,AZ+HI,1,0,2,2,0,5,5,2013,129,-109,2
2013-07-18,DST states,17,11,13,32,19,92,100,2013,130,-108,3
2013-07-18,AZ+HI,0,0,1,1,1,3,3,2013,130,-108,3
2013-07-19,DST states,7,10,20,24,18,81,89,2013,131,-107,4
2013-07-19,AZ+HI,0,0,0,0,0,0,0,2013,131,-107,4
2013-07-20,DST states,28,14,19,28,16,105,112,2013,132,-106,5
2013-07-20,AZ+HI,1,0,0,1,0,2,2,2013,132,-106,5
2013-07-21,DST states,31,11,16,25,14,97,103,2013,133,-105,6
2013-07-21,AZ+HI,0,0,1,0,1,3,3,2013,133,-105,6
2013-07-22,DST states,11,6,22,19,13,71,75,2013,134,-104,0
2013-07-22,AZ+HI,0,2,1,1,0,4,4,2013,134,-104,0
2013-07-23,DST states,7,8,10,16,18,59,70,2013,135,-103,1
2013-07-23,AZ+HI,0,1,0,1,0,2,2,2013,135,-103,1
2013-07-24,DST states,9,16,19,18,12,74,79,2013,136,-102,2
2013-07-24,AZ+HI,0,0,0,0,0,0,0,2013,136,-102,2
2013-07-25,DST states,10,16,10,29,20,85,89,2013,137,-101,3
2013-07-25,AZ+HI,0,0,1,2,0,3,3,2013,137,-101,3
2013-07-26,DST states,18,9,15,23,22,87,94,2013,138,-100,4
2013-07-26,AZ+HI,0,0,0,0,1,1,1,2013,138,-100,4
2013-07-27,DST states,28,7,23,34,20,112,127,2013,139,-99,5
2013-07-27,AZ+HI,2,0,0,1,2,5,5,2013,139,-99,5
2013-07-28,DST states,27,14,15,21,15,93,99,2013,140,-98,6
2013-07-28,AZ+HI,0,1,1,0,0,2,2,2013,140,-98,6
2013-07-29,DST states,11,12,15,18,7,63,69,2013,141,-97,0
2013-07-29,AZ+HI,2,0,0,1,0,3,3,2013,141,-97,0
2013-07-30,DST states,7,12,18,18,14,70,74,2013,142,-96,1
2013-07-30,AZ+HI,1,0,1,0,0,2,2,2013,142,-96,1
2013-07-31,DST states,9,15,17,18,8,67,70,2013,143,-95,2
2013-07-31,AZ+HI,0,0,0,0,0,0,0,2013,143,-95,2
2013-08-01,DST states,12,14,18,26,9,79,82,2013,144,-94,3
2013-08-01,AZ+HI,2,2,0,0,0,4,4,2013,144,-94,3
2013-08-02,DST states,14,14,24,35,13,100,108,2013,145,-93,4
2013-08-02,AZ+HI,0,0,0,1,0,1,1,2013,145,-93,4
2013-08-03,DST states,26,18,18,40,14,116,125,2013,146,-92,5
2013-08-03,AZ+HI,0,0,0,2,2,4,4,2013,146,-92,5
2013-08-04,DST states,33,15,14,29,8,101,110,2013,147,-91,6
2013-08-04,AZ+HI,0,0,2,0,0,2,2,2013,147,-91,6
2013-08-05,DST states,8,15,15,28,11,78,81,2013,148,-90,0
2013-08-05,AZ+HI,0,1,0,1,0,3,6,2013,148,-90,0
2013-08-06,DST states,10,16,21,30,14,92,101,2013,149,-89,1
2013-08-06,AZ+HI,0,0,0,1,0,1,1,2013,149,-89,1
2013-08-07,DST states,12,13,20,26,8,79,87,2013,150,-88,2
2013-08-07,AZ+HI,0,0,1,2,1,4,5,2013,150,-88,2
2013-08-08,DST states,8,10,13,32,13,77,80,2013,151,-87,3
2013-08-08,AZ+HI,0,0,0,0,1,1,2,2013,151,-87,3
2013-08-09,DST states,17,13,13,30,18,91,94,2013,152,-86,4
2013-08-09,AZ+HI,0,0,0,1,1,3,3,2013,152,-86,4
2013-08-10,DST states,31,12,14,41,23,122,138,2013,153,-85,5
2013-08-10,AZ+HI,0,1,1,0,1,3,3,2013,153,-85,5
2013-08-11,DST states,34,7,20,25,11,97,111,2013,154,-84,6
2013-08-11,AZ+HI,0,0,1,1,1,3,3,2013,154,-84,6
2013-08-12,DST states,9,10,14,26,12,71,88,2013,155,-83,0
2013-08-12,AZ+HI,0,0,0,0,2,2,2,2013,155,-83,0
2013-08-13,DST states,8,9,13,22,10,62,67,2013,156,-82,1
2013-08-13,AZ+HI,0,1,1,4,0,6,7,2013,156,-82,1
2013-08-14,DST states,9,17,12,24,14,76,81,2013,157,-81,2
2013-08-14,AZ+HI,0,0,0,0,0,0,0,2013,157,-81,2
2013-08-15,DST states,10,14,10,13,19,66,79,2013,158,-80,3
2013-08-15,AZ+HI,0,0,1,2,0,3,3,2013,158,-80,3
2013-08-16,DST states,17,14,22,31,9,93,102,2013,159,-79,4
2013-08-16,AZ+HI,0,0,0,2,1,3,3,2013,159,-79,4
2013-08-17,DST states,28,16,20,33,25,123,136,2013,160,-78,5
2013-08-17,AZ+HI,2,0,1,0,0,3,4,2013,160,-78,5
2013-08-18,DST states,31,10,19,31,15,106,117,2013,161,-77,6
2013-08-18,AZ+HI,1,0,0,0,0,1,1,2013,161,-77,6
2013-08-19,DST states,7,19,23,33,14,97,103,2013,162,-76,0
2013-08-19,AZ+HI,0,1,0,1,0,2,2,2013,162,-76,0
2013-08-20,DST states,12,14,20,19,9,74,78,2013,163,-75,1
2013-08-20,AZ+HI,1,1,1,0,1,4,4,2013,163,-75,1
2013-08-21,DST states,10,12,13,25,8,68,73,2013,164,-74,2
2013-08-21,AZ+HI,0,0,0,0,0,0,0,2013,164,-74,2
2013-08-22,DST states,9,17,21,24,17,88,93,2013,165,-73,3
2013-08-22,AZ+HI,1,0,1,0,0,2,2,2013,165,-73,3
2013-08-23,DST states,14,16,18,33,26,107,121,2013,166,-72,4
2013-08-23,AZ+HI,0,0,0,0,1,2,2,2013,166,-72,4
2013-08-24,DST states,24,12,21,38,17,112,120,2013,167,-71,5
2013-08-24,AZ+HI,0,0,0,2,1,3,3,2013,167,-71,5
2013-08-25,DST states,31,17,19,24,19,112,117,2013,168,-70,6
2013-08-25,AZ+HI,1,1,1,0,1,4,4,2013,168,-70,6
2013-08-26,DST states,5,9,17,26,12,69,74,2013,169,-69,0
2013-08-26,AZ+HI,0,0,0,1,0,1,1,2013,169,-69,0
2013-08-27,DST states,7,11,22,25,11,77,82,2013,170,-68,1
2013-08-27,AZ+HI,0,1,0,0,0,1,1,2013,170,-68,1
2013-08-28,DST states,6,18,14,28,10,76,81,2013,171,-67,2
2013-08-28,AZ+HI,0,0,0,0,1,1,1,2013,171,-67,2
2013-08-29,DST states,6,13,16,26,7,68,76,2013,172,-66,3
2013-08-29,AZ+HI,0,0,1,1,0,2,3,2013,172,-66,3
2013-08-30,DST states,19,15,25,45,22,127,136,2013,173,-65,4
2013-08-30,AZ+HI,1,0,0,0,2,3,3,2013,173,-65,4
2013-08-31,DST states,34,5,24,40,15,120,136,2013,174,-64,5
2013-08-31,AZ+HI,1,0,2,0,0,3,3,2013,174,-64,5
2013-09-01,DST states,30,14,16,29,29,119,132,2013,175,-63,6
2013-09-01,AZ+HI,0,0,0,1,1,2,2,2013,175,-63,6
2013-09-02,DST states,17,13,14,32,9,85,92,2013,176,-62,0
2013-09-02,AZ+HI,0,0,0,0,0,1,1,2013,176,-62,0
2013-09-03,DST states,12,18,19,31,12,93,99,2013,177,-61,1
2013-09-03,AZ+HI,0,1,0,0,0,1,1,2013,177,-61,1
2013-09-04,DST states,8,16,16,34,7,81,85,2013,178,-60,2
2013-09-04,AZ+HI,0,2,0,0,1,4,6,2013,178,-60,2
2013-09-05,DST states,13,15,21,29,9,87,90,2013,179,-59,3
2013-09-05,AZ+HI,0,1,0,0,0,1,1,2013,179,-59,3
2013-09-06,DST states,10,14,21,36,16,97,108,2013,180,-58,4
2013-09-06,AZ+HI,0,1,0,0,1,2,2,2013,180,-58,4
2013-09-07,DST states,23,17,21,26,36,126,137,2013,181,-57,5
2013-09-07,AZ+HI,1,0,2,2,1,6,6,2013,181,-57,5
2013-09-08,DST states,27,12,23,22,13,97,107,2013,182,-56,6
2013-09-08,AZ+HI,1,0,2,1,1,5,5,2013,182,-56,6
2013-09-09,DST states,10,13,17,25,9,75,82,2013,183,-55,0
2013-09-09,AZ+HI,0,1,1,0,0,2,2,2013,183,-55,0
2013-09-10,DST states,8,17,26,16,9,76,80,2013,184,-54,1
2013-09-10,AZ+HI,0,0,0,2,0,2,3,2013,184,-54,1
2013-09-11,DST states,7,13,12,33,11,77,81,2013,185,-53,2
2013-09-11,AZ+HI,0,1,0,3,0,4,5,2013,185,-53,2
2013-09-12,DST states,8,19,19,23,20,91,97,2013,186,-52,3
2013-09-12,AZ+HI,0,1,0,1,0,2,2,2013,186,-52,3
2013-09-13,DST states,15,11,19,32,14,91,98,2013,187,-51,4
2013-09-13,AZ+HI,0,0,1,2,1,4,4,2013,187,-51,4
2013-09-14,DST states,25,12,17,36,20,110,122,2013,188,-50,5
2013-09-14,AZ+HI,0,1,0,1,1,3,4,2013,188,-50,5
2013-09-15,DST states,33,11,18,29,9,101,106,2013,189,-49,6
2013-09-15,AZ+HI,1,1,2,1,0,5,5,2013,189,-49,6
2013-09-16,DST states,4,17,14,23,6,64,69,2013,190,-48,0
2013-09-16,AZ+HI,0,1,1,1,0,3,3,2013,190,-48,0
2013-09-17,DST states,4,16,25,23,12,80,82,2013,191,-47,1
2013-09-17,AZ+HI,0,1,0,0,0,1,1,2013,191,-47,1
2013-09-18,DST states,6,13,15,26,6,67,72,2013,192,-46,2
2013-09-18,AZ+HI,1,0,0,1,0,2,2,2013,192,-46,2
2013-09-19,DST states,8,9,14,24,18,73,84,2013,193,-45,3
2013-09-19,AZ+HI,1,0,0,1,2,4,4,2013,193,-45,3
2013-09-20,DST states,11,12,17,38,21,99,101,2013,194,-44,4
2013-09-20,AZ+HI,0,1,0,1,0,2,2,2013,194,-44,4
2013-09-21,DST states,22,19,33,31,21,126,140,2013,195,-43,5
2013-09-21,AZ+HI,0,2,1,2,0,5,5,2013,195,-43,5
2013-09-22,DST states,30,7,17,31,10,95,106,2013,196,-42,6
2013-09-22,AZ+HI,1,0,0,1,0,2,2,2013,196,-42,6
2013-09-23,DST states,11,12,17,23,12,75,77,2013,197,-41,0
2013-09-23,AZ+HI,0,1,1,0,0,2,2,2013,197,-41,0
2013-09-24,DST states,15,12,12,26,9,74,83,2013,198,-40,1
2013-09-24,AZ+HI,0,0,0,0,0,0,0,2013,198,-40,1
2013-09-25,DST states,8,14,16,22,11,71,78,2013,199,-39,2
2013-09-25,AZ+HI,0,0,0,0,0,0,0,2013,199,-39,2
2013-09-26,DST states,6,17,12,27,10,72,81,2013,200,-38,3
2013-09-26,AZ+HI,1,0,0,0,0,1,1,2013,200,-38,3
2013-09-27,DST states,12,14,18,26,20,90,104,2013,201,-37,4
2013-09-27,AZ+HI,1,0,1,0,0,2,2,2013,201,-37,4
2013-09-28,DST states,22,15,25,26,19,107,119,2013,202,-36,5
2013-09-28,AZ+HI,0,0,0,1,0,1,1,2013,202,-36,5
2013-09-29,DST states,30,9,17,32,10,98,114,2013,203,-35,6
2013-09-29,AZ+HI,1,1,0,1,1,4,5,2013,203,-35,6
2013-09-30,DST states,6,12,17,24,10,70,72,2013,204,-34,0
2013-09-30,AZ+HI,0,0,0,1,0,1,1,2013,204,-34,0
2013-10-01,DST states,6,15,18,28,10,77,80,2013,205,-33,1
2013-10-01,AZ+HI,0,0,0,1,0,1,1,2013,205,-33,1
2013-10-02,DST states,7,21,21,22,7,79,91,2013,206,-32,2
2013-10-02,AZ+HI,0,0,1,1,0,2,2,2013,206,-32,2
2013-10-03,DST states,7,21,10,26,14,79,84,2013,207,-31,3
2013-10-03,AZ+HI,0,0,0,1,1,2,2,2013,207,-31,3
2013-10-04,DST states,12,19,20,43,16,110,118,2013,208,-30,4
2013-10-04,AZ+HI,0,0,0,0,0,0,0,2013,208,-30,4
2013-10-05,DST states,19,10,22,40,16,109,112,2013,209,-29,5
2013-10-05,AZ+HI,1,0,0,3,0,5,5,2013,209,-29,5
2013-10-06,DST states,37,15,13,24,17,107,126,2013,210,-28,6
2013-10-06,AZ+HI,1,0,0,0,0,1,1,2013,210,-28,6
2013-10-07,DST states,10,9,16,28,15,79,84,2013,211,-27,0
2013-10-07,AZ+HI,0,1,0,0,0,1,1,2013,211,-27,0
2013-10-08,DST states,6,9,13,27,8,63,72,2013,212,-26,1
2013-10-08,AZ+HI,0,0,0,2,0,2,2,2013,212,-26,1
2013-10-09,DST states,10,15,15,24,10,74,79,2013,213,-25,2
2013-10-09,AZ+HI,0,1,0,0,1,2,2,2013,213,-25,2
2013-10-10,DST states,8,19,20,23,13,84,88,2013,214,-24,3
2013-10-10,AZ+HI,0,0,0,2,0,2,2,2013,214,-24,3
2013-10-11,DST states,9,20,23,41,24,118,124,2013,215,-23,4
2013-10-11,AZ+HI,0,0,0,2,2,4,4,2013,215,-23,4
2013-10-12,DST states,28,15,22,26,19,113,122,2013,216,-22,5
2013-10-12,AZ+HI,1,1,1,1,1,6,6,2013,216,-22,5
2013-10-13,DST states,24,13,13,32,7,91,109,2013,217,-21,6
2013-10-13,AZ+HI,0,1,0,1,1,3,3,2013,217,-21,6
2013-10-14,DST states,14,10,16,16,6,62,65,2013,218,-20,0
2013-10-14,AZ+HI,0,1,1,0,0,2,2,2013,218,-20,0
2013-10-15,DST states,8,15,13,23,8,67,70,2013,219,-19,1
2013-10-15,AZ+HI,0,0,0,1,0,1,1,2013,219,-19,1
2013-10-16,DST states,11,8,10,27,6,63,67,2013,220,-18,2
2013-10-16,AZ+HI,0,0,0,0,0,0,0,2013,220,-18,2
2013-10-17,DST states,14,11,19,31,9,84,87,2013,221,-17,3
2013-10-17,AZ+HI,0,0,1,0,1,2,2,2013,221,-17,3
2013-10-18,DST states,14,12,18,38,15,97,105,2013,222,-16,4
2013-10-18,AZ+HI,0,1,0,1,1,3,3,2013,222,-16,4
2013-10-19,DST states,30,14,16,33,19,112,121,2013,223,-15,5
2013-10-19,AZ+HI,0,0,1,1,1,3,3,2013,223,-15,5
2013-10-20,DST states,30,10,16,30,6,95,105,2013,224,-14,6
2013-10-20,AZ+HI,1,0,0,0,0,1,1,2013,224,-14,6
2013-10-21,DST states,12,17,9,21,7,66,71,2013,225,-13,0
2013-10-21,AZ+HI,1,0,0,1,0,2,5,2013,225,-13,0
2013-10-22,DST states,12,15,16,18,6,67,73,2013,226,-12,1
2013-10-22,AZ+HI,0,0,0,1,0,1,1,2013,226,-12,1
2013-10-23,DST states,6,23,22,19,16,86,94,2013,227,-11,2
2013-10-23,AZ+HI,0,2,0,0,0,2,4,2013,227,-11,2
2013-10-24,DST states,10,11,9,30,13,73,83,2013,228,-10,3
2013-10-24,AZ+HI,0,0,0,0,1,1,1,2013,228,-10,3
2013-10-25,DST states,13,23,17,35,15,104,111,2013,229,-9,4
2013-10-25,AZ+HI,0,2,0,2,1,5,5,2013,229,-9,4
2013-10-26,DST states,21,13,22,28,10,95,103,2013,230,-8,5
2013-10-26,AZ+HI,1,0,1,0,0,2,4,2013,230,-8,5
2013-10-27,DST states,43,15,13,29,6,106,116,2013,231,-7,6
2013-10-27,AZ+HI,0,0,0,3,0,4,4,2013,231,-7,6
2013-10-28,DST states,11,30,14,31,5,91,95,2013,232,-6,0
2013-10-28,AZ+HI,0,0,0,2,0,2,2,2013,232,-6,0
2013-10-29,DST states,14,20,22,23,10,91,94,2013,233,-5,1
2013-10-29,AZ+HI,0,1,0,1,0,2,3,2013,233,-5,1
2013-10-30,DST states,9,14,12,22,4,61,66,2013,234,-4,2
2013-10-30,AZ+HI,0,0,0,2,0,2,3,2013,234,-4,2
2013-10-31,DST states,12,14,14,33,21,95,102,2013,235,-3,3
2013-10-31,AZ+HI,0,0,2,2,0,4,4,2013,235,-3,3
2013-11-01,DST states,20,19,14,36,12,101,112,2013,236,-2,4
2013-11-01,AZ+HI,1,0,0,3,1,6,7,2013,236,-2,4
2013-11-02,DST states,31,10,22,23,20,107,114,2013,237,-1,5
2013-11-02,AZ+HI,0,0,0,2,1,3,4,2013,237,-1,5
2013-11-03,DST states,37,7,6,23,9,83,93,2013,238,0,6
2013-11-03,AZ+HI,0,0,0,0,1,1,1,2013,238,0,6
2013-11-04,DST states,8,7,12,26,6,59,64,2013,239,1,0
2013-11-04,AZ+HI,0,1,0,1,0,2,2,2013,239,1,0
2013-11-05,DST states,8,16,15,33,9,81,83,2013,240,2,1
2013-11-05,AZ+HI,0,0,0,0,0,0,0,2013,240,2,1
2013-11-06,DST states,7,15,12,38,8,81,88,2013,241,3,2
2013-11-06,AZ+HI,0,0,0,1,0,1,1,2013,241,3,2
2013-11-07,DST states,11,12,18,35,9,85,92,2013,242,4,3
2013-11-07,AZ+HI,0,1,0,1,0,2,2,2013,242,4,3
2013-11-08,DST states,12,12,18,30,17,90,97,2013,243,5,4
2013-11-08,AZ+HI,0,1,0,1,0,2,2,2013,243,5,4
2013-11-09,DST states,23,14,22,25,19,103,114,2013,244,6,5
2013-11-09,AZ+HI,1,0,0,0,0,1,2,2013,244,6,5
2013-11-10,DST states,33,6,22,25,17,104,116,2013,245,7,6
2013-11-10,AZ+HI,0,1,1,0,0,2,2,2013,245,7,6
2013-11-11,DST states,15,12,13,31,5,77,84,2013,246,8,0
2013-11-11,AZ+HI,0,0,0,1,0,1,1,2013,246,8,0
2013-11-12,DST states,5,25,23,22,12,87,99,2013,247,9,1
2013-11-12,AZ+HI,1,1,0,0,0,2,2,2013,247,9,1
2013-11-13,DST states,9,19,14,24,4,70,71,2013,248,10,2
2013-11-13,AZ+HI,1,0,0,2,0,3,4,2013,248,10,2
2013-11-14,DST states,11,18,16,28,8,81,86,2013,249,11,3
2013-11-14,AZ+HI,1,1,0,2,0,4,4,2013,249,11,3
2013-11-15,DST states,10,18,16,41,15,100,113,2013,250,12,4
2013-11-15,AZ+HI,1,0,1,1,2,5,5,2013,250,12,4
2013-11-16,DST states,26,12,12,35,11,97,105,2013,251,13,5
2013-11-16,AZ+HI,1,0,0,1,0,2,2,2013,251,13,5
2013-11-17,DST states,28,10,17,43,5,105,111,2013,252,14,6
2013-11-17,AZ+HI,0,0,1,1,0,2,2,2013,252,14,6
2013-11-18,DST states,11,12,17,19,7,66,69,2013,253,15,0
2013-11-18,AZ+HI,0,0,1,1,0,2,2,2013,253,15,0
2013-11-19,DST states,10,14,12,28,8,73,78,2013,254,16,1
2013-11-19,AZ+HI,0,0,0,1,0,1,1,2013,254,16,1
2013-11-20,DST states,3,12,14,25,6,61,65,2013,255,17,2
2013-11-20,AZ+HI,0,0,0,0,0,0,0,2013,255,17,2
2013-11-21,DST states,11,29,17,27,15,99,112,2013,256,18,3
2013-11-21,AZ+HI,0,0,0,0,0,1,1,2013,256,18,3
2013-11-22,DST states,12,16,18,31,17,95,101,2013,257,19,4
2013-11-22,AZ+HI,0,1,0,1,0,2,2,2013,257,19,4
2013-11-23,DST states,31,13,14,30,22,111,129,2013,258,20,5
2013-11-23,AZ+HI,0,0,0,2,0,2,3,2013,258,20,5
2013-11-24,DST states,22,10,17,16,3,68,76,2013,259,21,6
2013-11-24,AZ+HI,2,0,1,0,0,3,4,2013,259,21,6
2013-11-25,DST states,5,12,11,20,7,56,58,2013,260,22,0
2013-11-25,AZ+HI,0,0,1,0,0,1,1,2013,260,22,0
2013-11-26,DST states,6,9,12,37,6,70,73,2013,261,23,1
2013-11-26,AZ+HI,0,1,1,2,0,4,6,2013,261,23,1
2013-11-27,DST states,12,16,16,38,17,100,106,2013,262,24,2
2013-11-27,AZ+HI,0,0,0,2,1,3,3,2013,262,24,2
2013-11-28,DST states,25,6,7,17,9,64,72,2013,263,25,3
2013-11-28,AZ+HI,0,0,3,1,0,4,6,2013,263,25,3
2013-11-29,DST states,11,11,11,35,12,82,90,2013,264,26,4
2013-11-29,AZ+HI,0,0,1,0,1,2,2,2013,264,26,4
2013-11-30,DST states,11,19,17,27,16,91,107,2013,265,27,5
2013-11-30,AZ+HI,1,0,0,1,2,4,5,2013,265,27,5
2013-12-01,DST states,19,11,16,15,13,74,79,2013,266,28,6
2013-12-01,AZ+HI,0,0,0,2,0,2,2,2013,266,28,6
2013-12-02,DST states,4,18,23,29,12,86,90,2013,267,29,0
2013-12-02,AZ+HI,0,0,1,1,0,2,2,2013,267,29,0
2013-12-03,DST states,4,20,14,31,3,73,76,2013,268,30,1
2013-12-03,AZ+HI,0,1,0,1,2,4,4,2013,268,30,1
2013-12-04,DST states,10,10,14,30,11,75,77,2013,269,31,2
2013-12-04,AZ+HI,0,0,0,3,0,4,4,2013,269,31,2
2013-12-05,DST states,6,18,16,27,12,80,83,2013,270,32,3
2013-12-05,AZ+HI,0,0,0,0,0,0,0,2013,270,32,3
2013-12-06,DST states,9,19,9,28,14,79,85,2013,271,33,4
2013-12-06,AZ+HI,0,0,1,0,0,1,1,2013,271,33,4
2013-12-07,DST states,19,14,9,23,14,85,95,2013,272,34,5
2013-12-07,AZ+HI,0,1,0,1,0,2,2,2013,272,34,5
2013-12-08,DST states,20,11,17,33,9,90,96,2013,273,35,6
2013-12-08,AZ+HI,0,0,0,0,1,1,1,2013,273,35,6
2013-12-09,DST states,6,14,14,18,6,58,59,2013,274,36,0
2013-12-09,AZ+HI,1,1,0,0,0,2,2,2013,274,36,0
2013-12-10,DST states,16,20,17,24,4,81,88,2013,275,37,1
2013-12-10,AZ+HI,0,0,0,1,0,1,1,2013,275,37,1
2013-12-11,DST states,8,6,19,23,6,63,64,2013,276,38,2
2013-12-11,AZ+HI,0,0,2,0,1,3,3,2013,276,38,2
2013-12-12,DST states,10,15,20,34,7,86,99,2013,277,39,3
2013-12-12,AZ+HI,0,0,0,1,0,1,1,2013,277,39,3
2013-12-13,DST states,10,15,14,33,18,91,97,2013,278,40,4
2013-12-13,AZ+HI,1,0,0,1,2,6,6,2013,278,40,4
2013-12-14,DST states,31,12,13,31,12,100,121,2013,279,41,5
2013-12-14,AZ+HI,0,0,1,2,0,3,3,2013,279,41,5
2013-12-15,DST states,26,6,9,16,4,62,63,2013,280,42,6
2013-12-15,AZ+HI,1,0,0,1,0,2,3,2013,280,42,6
2013-12-16,DST states,7,15,14,27,9,72,76,2013,281,43,0
2013-12-16,AZ+HI,1,0,1,4,0,6,6,2013,281,43,0
2013-12-17,DST states,5,13,12,22,6,59,64,2013,282,44,1
2013-12-17,AZ+HI,0,0,0,3,0,3,3,2013,282,44,1
2013-12-18,DST states,8,11,18,29,4,70,76,2013,283,45,2
2013-12-18,AZ+HI,1,0,1,0,0,2,2,2013,283,45,2
2013-12-19,DST states,8,6,17,27,5,63,66,2013,284,46,3
2013-12-19,AZ+HI,0,0,0,0,0,0,0,2013,284,46,3
2013-12-20,DST states,14,11,21,25,7,79,87,2013,285,47,4
2013-12-20,AZ+HI,0,1,0,1,0,3,3,2013,285,47,4
2013-12-21,DST states,22,12,21,43,14,112,121,2013,286,48,5
2013-12-21,AZ+HI,0,0,0,0,1,1,1,2013,286,48,5
2013-12-22,DST states,21,10,15,18,10,75,80,2013,287,49,6
2013-12-22,AZ+HI,1,0,0,0,0,2,2,2013,287,49,6
2013-12-23,DST states,9,15,12,27,10,74,78,2013,288,50,0
2013-12-23,AZ+HI,0,0,1,1,1,3,3,2013,288,50,0
2013-12-24,DST states,8,9,16,37,15,85,90,2013,289,51,1
2013-12-24,AZ+HI,0,2,1,1,0,4,4,2013,289,51,1
2013-12-25,DST states,6,6,7,18,8,49,55,2013,290,52,2
2013-12-25,AZ+HI,0,0,0,0,0,0,0,2013,290,52,2
2013-12-26,DST states,9,14,24,28,4,79,83,2013,291,53,3
2013-12-26,AZ+HI,0,0,0,1,0,1,1,2013,291,53,3
2013-12-27,DST states,12,18,9,21,16,76,81,2013,292,54,4
2013-12-27,AZ+HI,0,0,0,0,0,0,0,2013,292,54,4
2013-12-28,DST states,22,4,20,25,11,82,94,2013,293,55,5
2013-12-28,AZ+HI,0,0,0,1,1,2,4,2013,293,55,5
2013-12-29,DST states,19,8,13,21,8,70,76,2013,294,56,6
2013-12-29,AZ+HI,0,0,0,0,0,1,1,2013,294,56,6
2013-12-30,DST states,18,15,12,28,15,88,92,2013,295,57,0
2013-12-30,AZ+HI,0,0,0,2,0,2,2,2013,295,57,0
2013-12-31,DST states,8,9,12,27,17,75,83,2013,296,58,1
2013-12-31,AZ+HI,0,0,0,0,1,2,2,2013,296,58,1
2014-01-01,DST states,53,9,14,13,7,97,109,2014,-67,-305,2
2014-01-01,AZ+HI,1,0,0,0,1,2,2,2014,-67,-305,2
2014-01-02,DST states,9,10,23,29,5,77,81,2014,-66,-304,3
2014-01-02,AZ+HI,0,0,0,1,0,1,1,2014,-66,-304,3
2014-01-03,DST states,6,11,12,28,10,68,73,2014,-65,-303,4
2014-01-03,AZ+HI,0,0,1,0,0,1,1,2014,-65,-303,4
2014-01-04,DST states,9,12,16,13,13,63,67,2014,-64,-302,5
2014-01-04,AZ+HI,0,0,1,2,0,3,3,2014,-64,-302,5
2014-01-05,DST states,16,9,13,14,7,59,65,2014,-63,-301,6
2014-01-05,AZ+HI,0,0,1,0,0,1,1,2014,-63,-301,6
2014-01-06,DST states,2,9,13,15,13,52,55,2014,-62,-300,0
2014-01-06,AZ+HI,0,0,0,0,0,0,0,2014,-62,-300,0
2014-01-07,DST states,6,11,10,14,5,46,49,2014,-61,-299,1
2014-01-07,AZ+HI,1,1,1,0,0,3,3,2014,-61,-299,1
2014-01-08,DST states,4,15,22,27,2,70,74,2014,-60,-298,2
2014-01-08,AZ+HI,0,1,0,2,0,3,3,2014,-60,-298,2
2014-01-09,DST states,6,14,13,25,10,69,73,2014,-59,-297,3
2014-01-09,AZ+HI,0,0,0,1,0,1,1,2014,-59,-297,3
2014-01-10,DST states,14,21,10,38,12,96,113,2014,-58,-296,4
2014-01-10,AZ+HI,1,0,0,0,0,1,2,2014,-58,-296,4
2014-01-11,DST states,19,8,15,34,10,86,93,2014,-57,-295,5
2014-01-11,AZ+HI,0,0,0,2,1,3,3,2014,-57,-295,5
2014-01-12,DST states,27,8,8,27,5,77,82,2014,-56,-294,6
2014-01-12,AZ+HI,0,0,0,0,0,0,0,2014,-56,-294,6
2014-01-13,DST states,8,14,9,29,11,72,75,2014,-55,-293,0
2014-01-13,AZ+HI,0,1,0,0,0,1,1,2014,-55,-293,0
2014-01-14,DST states,2,9,17,19,9,56,61,2014,-54,-292,1
2014-01-14,AZ+HI,0,0,0,0,0,0,0,2014,-54,-292,1
2014-01-15,DST states,9,17,9,17,5,58,59,2014,-53,-291,2
2014-01-15,AZ+HI,0,0,1,0,0,1,1,2014,-53,-291,2
2014-01-16,DST states,9,10,16,19,14,68,74,2014,-52,-290,3
2014-01-16,AZ+HI,0,0,1,2,2,5,5,2014,-52,-290,3
2014-01-17,DST states,9,12,16,23,11,71,73,2014,-51,-289,4
2014-01-17,AZ+HI,0,0,0,1,0,1,1,2014,-51,-289,4
2014-01-18,DST states,22,13,9,23,6,75,87,2014,-50,-288,5
2014-01-18,AZ+HI,0,1,1,2,0,4,4,2014,-50,-288,5
2014-01-19,DST states,20,8,9,23,10,72,84,2014,-49,-287,6
2014-01-19,AZ+HI,0,0,1,1,0,2,2,2014,-49,-287,6
2014-01-20,DST states,8,15,10,18,7,59,61,2014,-48,-286,0
2014-01-20,AZ+HI,0,1,2,0,0,3,3,2014,-48,-286,0
2014-01-21,DST states,4,18,19,19,6,66,72,2014,-47,-285,1
2014-01-21,AZ+HI,0,0,0,0,0,0,0,2014,-47,-285,1
2014-01-22,DST states,3,12,16,15,3,51,54,2014,-46,-284,2
2014-01-22,AZ+HI,1,2,1,1,0,5,5,2014,-46,-284,2
2014-01-23,DST states,8,17,19,21,2,67,74,2014,-45,-283,3
2014-01-23,AZ+HI,0,0,0,2,0,2,2,2014,-45,-283,3
2014-01-24,DST states,12,19,13,23,11,79,90,2014,-44,-282,4
2014-01-24,AZ+HI,0,0,0,0,0,0,0,2014,-44,-282,4
2014-01-25,DST states,11,9,14,24,7,65,73,2014,-43,-281,5
2014-01-25,AZ+HI,2,0,0,1,1,4,4,2014,-43,-281,5
2014-01-26,DST states,19,8,13,26,6,73,78,2014,-42,-280,6
2014-01-26,AZ+HI,0,0,0,0,0,0,0,2014,-42,-280,6
2014-01-27,DST states,8,13,13,23,11,68,75,2014,-41,-279,0
2014-01-27,AZ+HI,0,0,0,2,0,2,2,2014,-41,-279,0
2014-01-28,DST states,3,12,17,15,4,51,59,2014,-40,-278,1
2014-01-28,AZ+HI,0,0,0,2,0,3,3,2014,-40,-278,1
2014-01-29,DST states,4,10,12,15,3,44,49,2014,-39,-277,2
2014-01-29,AZ+HI,0,1,0,1,0,2,2,2014,-39,-277,2
2014-01-30,DST states,13,21,16,23,14,87,93,2014,-38,-276,3
2014-01-30,AZ+HI,0,1,0,0,0,1,1,2014,-38,-276,3
2014-01-31,DST states,8,11,14,19,15,68,76,2014,-37,-275,4
2014-01-31,AZ+HI,1,0,1,1,0,3,3,2014,-37,-275,4
2014-02-01,DST states,30,18,14,21,14,97,104,2014,-36,-274,5
2014-02-01,AZ+HI,0,0,0,2,0,2,2,2014,-36,-274,5
2014-02-02,DST states,21,12,11,26,8,81,88,2014,-35,-273,6
2014-02-02,AZ+HI,0,0,0,1,0,1,2,2014,-35,-273,6
2014-02-03,DST states,9,12,18,20,5,64,68,2014,-34,-272,0
2014-02-03,AZ+HI,0,0,0,1,0,1,1,2014,-34,-272,0
2014-02-04,DST states,4,15,17,20,6,62,68,2014,-33,-271,1
2014-02-04,AZ+HI,1,1,1,0,0,3,3,2014,-33,-271,1
2014-02-05,DST states,8,10,14,21,7,60,64,2014,-32,-270,2
2014-02-05,AZ+HI,0,0,0,0,0,0,0,2014,-32,-270,2
2014-02-06,DST states,6,8,8,14,6,42,44,2014,-31,-269,3
2014-02-06,AZ+HI,0,1,0,0,1,2,2,2014,-31,-269,3
2014-02-07,DST states,13,5,18,15,13,64,72,2014,-30,-268,4
2014-02-07,AZ+HI,0,0,0,0,0,1,1,2014,-30,-268,4
2014-02-08,DST states,20,8,12,14,7,61,63,2014,-29,-267,5
2014-02-08,AZ+HI,2,0,0,3,0,5,5,2014,-29,-267,5
2014-02-09,DST states,24,13,8,16,8,70,88,2014,-28,-266,6
2014-02-09,AZ+HI,0,0,0,2,0,2,2,2014,-28,-266,6
2014-02-10,DST states,4,15,10,12,5,46,46,2014,-27,-265,0
2014-02-10,AZ+HI,1,0,0,0,0,1,1,2014,-27,-265,0
2014-02-11,DST states,8,9,11,16,11,55,59,2014,-26,-264,1
2014-02-11,AZ+HI,0,0,0,0,0,0,0,2014,-26,-264,1
2014-02-12,DST states,7,13,12,19,6,57,57,2014,-25,-263,2
2014-02-12,AZ+HI,0,1,0,2,0,3,3,2014,-25,-263,2
2014-02-13,DST states,6,11,4,20,8,50,52,2014,-24,-262,3
2014-02-13,AZ+HI,0,0,2,1,0,3,3,2014,-24,-262,3
2014-02-14,DST states,7,16,14,21,12,70,77,2014,-23,-261,4
2014-02-14,AZ+HI,0,0,0,1,2,3,3,2014,-23,-261,4
2014-02-15,DST states,18,12,10,28,18,86,104,2014,-22,-260,5
2014-02-15,AZ+HI,2,0,0,1,0,3,3,2014,-22,-260,5
2014-02-16,DST states,19,7,7,23,4,61,68,2014,-21,-259,6
2014-02-16,AZ+HI,0,0,3,0,1,4,4,2014,-21,-259,6
2014-02-17,DST states,6,11,17,19,6,59,67,2014,-20,-258,0
2014-02-17,AZ+HI,0,0,0,1,0,1,2,2014,-20,-258,0
2014-02-18,DST states,6,7,9,16,4,42,44,2014,-19,-257,1
2014-02-18,AZ+HI,0,0,1,0,0,1,1,2014,-19,-257,1
2014-02-19,DST states,3,14,6,22,8,54,56,2014,-18,-256,2
2014-02-19,AZ+HI,0,1,1,3,0,5,5,2014,-18,-256,2
2014-02-20,DST states,3,12,24,31,11,81,88,2014,-17,-255,3
2014-02-20,AZ+HI,0,1,0,0,0,1,1,2014,-17,-255,3
2014-02-21,DST states,11,15,11,28,15,80,83,2014,-16,-254,4
2014-02-21,AZ+HI,0,0,0,1,0,1,1,2014,-16,-254,4
2014-02-22,DST states,17,12,13,39,7,88,97,2014,-15,-253,5
2014-02-22,AZ+HI,0,0,0,1,1,2,2,2014,-15,-253,5
2014-02-23,DST states,20,11,17,29,7,84,94,2014,-14,-252,6
2014-02-23,AZ+HI,1,0,0,1,0,2,2,2014,-14,-252,6
2014-02-24,DST states,10,12,13,20,4,60,67,2014,-13,-251,0
2014-02-24,AZ+HI,0,0,1,1,0,2,2,2014,-13,-251,0
2014-02-25,DST states,7,10,9,18,5,50,53,2014,-12,-250,1
2014-02-25,AZ+HI,0,0,0,0,0,0,0,2014,-12,-250,1
2014-02-26,DST states,8,11,14,17,7,59,64,2014,-11,-249,2
2014-02-26,AZ+HI,0,1,0,2,0,3,3,2014,-11,-249,2
2014-02-27,DST states,9,9,16,20,13,67,70,2014,-10,-248,3
2014-02-27,AZ+HI,0,1,1,0,0,2,2,2014,-10,-248,3
2014-02-28,DST states,17,8,25,19,18,88,96,2014,-9,-247,4
2014-02-28,AZ+HI,0,0,0,1,0,1,1,2014,-9,-247,4
2014-03-01,DST states,18,20,18,20,14,92,102,2014,-8,-246,5
2014-03-01,AZ+HI,1,0,2,1,1,5,5,2014,-8,-246,5
2014-03-02,DST states,23,10,6,17,6,64,71,2014,-7,-245,6
2014-03-02,AZ+HI,0,0,1,0,0,1,2,2014,-7,-245,6
2014-03-03,DST states,7,17,17,24,6,71,77,2014,-6,-244,0
2014-03-03,AZ+HI,1,0,1,2,0,4,4,2014,-6,-244,0
2014-03-04,DST states,7,8,12,12,6,45,48,2014,-5,-243,1
2014-03-04,AZ+HI,1,1,0,1,0,3,3,2014,-5,-243,1
2014-03-05,DST states,5,7,9,22,5,49,58,2014,-4,-242,2
2014-03-05,AZ+HI,0,0,0,0,0,0,0,2014,-4,-242,2
2014-03-06,DST states,9,14,16,19,10,69,74,2014,-3,-241,3
2014-03-06,AZ+HI,0,0,1,1,0,2,2,2014,-3,-241,3
2014-03-07,DST states,13,15,14,27,15,84,89,2014,-2,-240,4
2014-03-07,AZ+HI,0,0,1,0,0,1,1,2014,-2,-240,4
2014-03-08,DST states,18,13,19,26,14,90,96,2014,-1,-239,5
2014-03-08,AZ+HI,1,1,0,2,0,4,4,2014,-1,-239,5
2014-03-09,DST states,24,11,13,21,8,77,86,2014,0,-238,6
2014-03-09,AZ+HI,1,0,0,0,1,2,2,2014,0,-238,6
2014-03-10,DST states,5,14,13,24,11,68,71,2014,1,-237,0
2014-03-10,AZ+HI,0,0,0,2,0,2,2,2014,1,-237,0
2014-03-11,DST states,11,18,19,18,12,78,86,2014,2,-236,1
2014-03-11,AZ+HI,0,0,1,1,0,2,2,2014,2,-236,1
2014-03-12,DST states,7,13,15,20,7,62,66,2014,3,-235,2
2014-03-12,AZ+HI,0,1,1,1,1,4,4,2014,3,-235,2
2014-03-13,DST states,6,11,6,20,8,52,58,2014,4,-234,3
2014-03-13,AZ+HI,0,0,1,2,0,3,4,2014,4,-234,3
2014-03-14,DST states,6,10,15,27,16,74,80,2014,5,-233,4
2014-03-14,AZ+HI,1,0,0,1,0,2,2,2014,5,-233,4
2014-03-15,DST states,13,10,16,28,14,81,90,2014,6,-232,5
2014-03-15,AZ+HI,2,1,2,0,0,5,5,2014,6,-232,5
2014-03-16,DST states,23,11,8,16,4,62,70,2014,7,-231,6
2014-03-16,AZ+HI,0,0,1,0,0,1,1,2014,7,-231,6
2014-03-17,DST states,8,15,18,21,9,71,74,2014,8,-230,0
2014-03-17,AZ+HI,0,1,1,1,1,4,4,2014,8,-230,0
2014-03-18,DST states,12,26,12,17,12,81,87,2014,9,-229,1
2014-03-18,AZ+HI,1,0,0,0,0,1,1,2014,9,-229,1
2014-03-19,DST states,3,10,12,11,6,42,43,2014,10,-228,2
2014-03-19,AZ+HI,1,0,1,1,0,3,3,2014,10,-228,2
2014-03-20,DST states,9,12,15,27,14,77,83,2014,11,-227,3
2014-03-20,AZ+HI,0,1,2,0,0,3,3,2014,11,-227,3
2014-03-21,DST states,11,16,20,35,8,91,98,2014,12,-226,4
2014-03-21,AZ+HI,0,0,0,1,0,1,1,2014,12,-226,4
2014-03-22,DST states,16,15,8,36,12,88,97,2014,13,-225,5
2014-03-22,AZ+HI,0,0,2,1,1,5,5,2014,13,-225,5
2014-03-23,DST states,21,10,6,20,13,72,80,2014,14,-224,6
2014-03-23,AZ+HI,0,2,1,0,0,3,3,2014,14,-224,6
2014-03-24,DST states,8,9,13,15,13,58,62,2014,15,-223,0
2014-03-24,AZ+HI,0,0,0,2,0,2,2,2014,15,-223,0
2014-03-25,DST states,6,16,7,14,7,50,53,2014,16,-222,1
2014-03-25,AZ+HI,0,0,1,0,0,1,1,2014,16,-222,1
2014-03-26,DST states,8,15,10,20,12,65,70,2014,17,-221,2
2014-03-26,AZ+HI,0,1,1,1,0,3,3,2014,17,-221,2
2014-03-27,DST states,6,14,11,17,9,57,60,2014,18,-220,3
2014-03-27,AZ+HI,0,0,0,0,0,0,0,2014,18,-220,3
2014-03-28,DST states,9,8,15,19,12,63,70,2014,19,-219,4
2014-03-28,AZ+HI,0,0,0,2,1,3,7,2014,19,-219,4
2014-03-29,DST states,24,10,13,24,15,86,93,2014,20,-218,5
2014-03-29,AZ+HI,0,0,1,4,0,5,11,2014,20,-218,5
2014-03-30,DST states,27,13,13,31,11,95,101,2014,21,-217,6
2014-03-30,AZ+HI,0,0,0,1,0,1,1,2014,21,-217,6
2014-03-31,DST states,7,7,11,22,7,54,56,2014,22,-216,0
2014-03-31,AZ+HI,0,0,0,1,0,1,1,2014,22,-216,0
2014-04-01,DST states,8,14,11,20,7,60,65,2014,23,-215,1
2014-04-01,AZ+HI,0,0,1,0,1,2,2,2014,23,-215,1
2014-04-02,DST states,9,7,18,20,7,62,66,2014,24,-214,2
2014-04-02,AZ+HI,1,0,0,1,0,2,2,2014,24,-214,2
2014-04-03,DST states,7,13,18,25,11,74,80,2014,25,-213,3
2014-04-03,AZ+HI,0,2,0,1,1,4,6,2014,25,-213,3
2014-04-04,DST states,6,8,18,19,19,72,78,2014,26,-212,4
2014-04-04,AZ+HI,1,2,0,2,1,6,7,2014,26,-212,4
2014-04-05,DST states,22,7,11,31,10,82,86,2014,27,-211,5
2014-04-05,AZ+HI,0,2,0,0,2,4,4,2014,27,-211,5
2014-04-06,DST states,23,12,13,23,12,83,91,2014,28,-210,6
2014-04-06,AZ+HI,1,0,0,1,0,2,2,2014,28,-210,6
2014-04-07,DST states,3,11,9,16,6,47,51,2014,29,-209,0
2014-04-07,AZ+HI,0,0,1,0,0,1,1,2014,29,-209,0
2014-04-08,DST states,9,8,18,17,10,62,67,2014,30,-208,1
2014-04-08,AZ+HI,0,0,0,1,0,1,1,2014,30,-208,1
2014-04-09,DST states,9,19,12,30,8,78,85,2014,31,-207,2
2014-04-09,AZ+HI,0,0,1,2,1,4,4,2014,31,-207,2
2014-04-10,DST states,10,11,17,22,4,65,78,2014,32,-206,3
2014-04-10,AZ+HI,0,0,0,1,0,1,1,2014,32,-206,3
2014-04-11,DST states,9,18,20,32,16,96,106,2014,33,-205,4
2014-04-11,AZ+HI,0,0,0,2,3,5,5,2014,33,-205,4
2014-04-12,DST states,28,12,21,42,28,131,143,2014,34,-204,5
2014-04-12,AZ+HI,1,0,1,2,0,4,4,2014,34,-204,5
2014-04-13,DST states,32,6,20,25,14,97,105,2014,35,-203,6
2014-04-13,AZ+HI,1,0,2,1,0,4,4,2014,35,-203,6
2014-04-14,DST states,7,11,14,23,11,67,70,2014,36,-202,0
2014-04-14,AZ+HI,0,1,1,1,0,3,3,2014,36,-202,0
2014-04-15,DST states,7,12,8,14,9,50,55,2014,37,-201,1
2014-04-15,AZ+HI,1,0,0,2,2,5,5,2014,37,-201,1
2014-04-16,DST states,12,18,13,24,12,79,88,2014,38,-200,2
2014-04-16,AZ+HI,0,0,0,1,0,2,2,2014,38,-200,2
2014-04-17,DST states,4,9,17,25,15,71,77,2014,39,-199,3
2014-04-17,AZ+HI,0,0,0,0,0,0,0,2014,39,-199,3
2014-04-18,DST states,12,12,14,26,20,84,92,2014,40,-198,4
2014-04-18,AZ+HI,0,0,0,1,0,1,1,2014,40,-198,4
2014-04-19,DST states,32,12,17,28,10,99,106,2014,41,-197,5
2014-04-19,AZ+HI,0,0,1,0,0,1,1,2014,41,-197,5
2014-04-20,DST states,24,9,13,31,5,82,96,2014,42,-196,6
2014-04-20,AZ+HI,0,0,1,1,0,3,4,2014,42,-196,6
2014-04-21,DST states,8,11,16,22,10,67,72,2014,43,-195,0
2014-04-21,AZ+HI,0,0,0,2,0,2,2,2014,43,-195,0
2014-04-22,DST states,5,7,13,16,11,52,56,2014,44,-194,1
2014-04-22,AZ+HI,0,0,0,2,0,2,2,2014,44,-194,1
2014-04-23,DST states,8,13,12,14,7,55,57,2014,45,-193,2
2014-04-23,AZ+HI,0,0,0,1,0,1,1,2014,45,-193,2
2014-04-24,DST states,8,11,11,23,7,62,71,2014,46,-192,3
2014-04-24,AZ+HI,2,1,0,0,0,3,3,2014,46,-192,3
2014-04-25,DST states,10,14,18,27,16,86,93,2014,47,-191,4
2014-04-25,AZ+HI,0,0,0,0,0,0,0,2014,47,-191,4
2014-04-26,DST states,21,11,16,28,18,94,105,2014,48,-190,5
2014-04-26,AZ+HI,0,2,0,0,2,4,4,2014,48,-190,5
2014-04-27,DST states,28,10,11,35,11,95,101,2014,49,-189,6
2014-04-27,AZ+HI,1,1,0,1,0,3,3,2014,49,-189,6
2014-04-28,DST states,7,9,19,19,7,61,69,2014,50,-188,0
2014-04-28,AZ+HI,0,0,2,1,0,3,3,2014,50,-188,0
2014-04-29,DST states,8,8,17,20,9,63,65,2014,51,-187,1
2014-04-29,AZ+HI,0,0,0,0,0,0,0,2014,51,-187,1
2014-04-30,DST states,10,11,16,16,4,58,64,2014,52,-186,2
2014-04-30,AZ+HI,0,0,0,1,0,1,1,2014,52,-186,2
2014-05-01,DST states,9,13,15,28,8,73,78,2014,53,-185,3
2014-05-01,AZ+HI,0,1,1,2,1,5,6,2014,53,-185,3
2014-05-02,DST states,15,4,24,31,19,93,102,2014,54,-184,4
2014-05-02,AZ+HI,0,2,0,0,1,3,3,2014,54,-184,4
2014-05-03,DST states,21,9,19,33,23,107,125,2014,55,-183,5
2014-05-03,AZ+HI,1,1,0,1,1,4,4,2014,55,-183,5
2014-05-04,DST states,19,6,17,33,13,91,97,2014,56,-182,6
2014-05-04,AZ+HI,0,1,1,0,0,2,2,2014,56,-182,6
2014-05-05,DST states,11,11,12,17,11,62,67,2014,57,-181,0
2014-05-05,AZ+HI,0,0,0,0,0,0,0,2014,57,-181,0
2014-05-06,DST states,5,14,16,21,13,69,73,2014,58,-180,1
2014-05-06,AZ+HI,1,1,0,1,1,4,4,2014,58,-180,1
2014-05-07,DST states,8,15,14,21,5,63,65,2014,59,-179,2
2014-05-07,AZ+HI,1,0,0,1,0,2,2,2014,59,-179,2
2014-05-08,DST states,11,11,16,24,12,74,78,2014,60,-178,3
2014-05-08,AZ+HI,0,1,1,0,0,2,2,2014,60,-178,3
2014-05-09,DST states,5,17,10,16,20,68,73,2014,61,-177,4
2014-05-09,AZ+HI,0,1,0,0,1,2,2,2014,61,-177,4
2014-05-10,DST states,23,11,13,25,19,91,98,2014,62,-176,5
2014-05-10,AZ+HI,1,0,1,2,0,4,6,2014,62,-176,5
2014-05-11,DST states,27,4,15,35,15,97,110,2014,63,-175,6
2014-05-11,AZ+HI,0,0,1,1,1,3,4,2014,63,-175,6
2014-05-12,DST states,6,10,18,23,11,68,72,2014,64,-174,0
2014-05-12,AZ+HI,2,0,0,2,0,4,5,2014,64,-174,0
2014-05-13,DST states,5,6,16,28,15,72,78,2014,65,-173,1
2014-05-13,AZ+HI,0,0,0,0,0,0,0,2014,65,-173,1
2014-05-14,DST states,8,14,14,13,12,61,68,2014,66,-172,2
2014-05-14,AZ+HI,0,0,3,1,0,4,4,2014,66,-172,2
2014-05-15,DST states,9,12,10,15,6,52,59,2014,67,-171,3
2014-05-15,AZ+HI,0,0,0,0,0,0,0,2014,67,-171,3
2014-05-16,DST states,13,11,14,21,13,74,88,2014,68,-170,4
2014-05-16,AZ+HI,1,1,0,0,2,4,6,2014,68,-170,4
2014-05-17,DST states,16,16,15,20,21,88,95,2014,69,-169,5
2014-05-17,AZ+HI,1,0,2,1,1,5,5,2014,69,-169,5
2014-05-18,DST states,18,13,17,30,11,92,102,2014,70,-168,6
2014-05-18,AZ+HI,2,1,2,1,0,6,7,2014,70,-168,6
2014-05-19,DST states,10,12,20,26,13,81,91,2014,71,-167,0
2014-05-19,AZ+HI,0,0,0,0,0,0,0,2014,71,-167,0
2014-05-20,DST states,8,19,14,30,12,83,90,2014,72,-166,1
2014-05-20,AZ+HI,0,0,0,0,0,0,0,2014,72,-166,1
2014-05-21,DST states,19,11,14,27,6,79,86,2014,73,-165,2
2014-05-21,AZ+HI,0,1,0,0,1,2,2,2014,73,-165,2
2014-05-22,DST states,9,11,18,21,11,71,78,2014,74,-164,3
2014-05-22,AZ+HI,1,0,0,1,0,2,2,2014,74,-164,3
2014-05-23,DST states,14,18,23,34,20,110,119,2014,75,-163,4
2014-05-23,AZ+HI,0,0,0,0,0,0,0,2014,75,-163,4
2014-05-24,DST states,25,19,31,33,8,119,125,2014,76,-162,5
2014-05-24,AZ+HI,0,0,0,2,0,3,3,2014,76,-162,5
2014-05-25,DST states,27,8,22,34,14,105,115,2014,77,-161,6
2014-05-25,AZ+HI,1,2,0,1,0,4,5,2014,77,-161,6
2014-05-26,DST states,10,8,13,31,6,69,76,2014,78,-160,0
2014-05-26,AZ+HI,0,0,0,0,0,0,0,2014,78,-160,0
2014-05-27,DST states,8,11,21,20,8,68,77,2014,79,-159,1
2014-05-27,AZ+HI,1,0,0,0,0,1,1,2014,79,-159,1
2014-05-28,DST states,7,11,10,25,11,66,69,2014,80,-158,2
2014-05-28,AZ+HI,0,1,1,1,2,5,5,2014,80,-158,2
2014-05-29,DST states,9,11,15,30,8,75,80,2014,81,-157,3
2014-05-29,AZ+HI,1,1,1,1,0,4,4,2014,81,-157,3
2014-05-30,DST states,9,7,18,28,20,83,90,2014,82,-156,4
2014-05-30,AZ+HI,1,1,1,0,0,3,3,2014,82,-156,4
2014-05-31,DST states,23,10,28,33,19,113,124,2014,83,-155,5
2014-05-31,AZ+HI,0,0,1,0,0,1,1,2014,83,-155,5
2014-06-01,DST states,21,12,32,22,8,95,107,2014,84,-154,6
2014-06-01,AZ+HI,0,0,0,2,0,2,2,2014,84,-154,6
2014-06-02,DST states,7,8,18,19,13,67,72,2014,85,-153,0
2014-06-02,AZ+HI,0,0,1,1,1,3,3,2014,85,-153,0
2014-06-03,DST states,6,13,19,28,7,73,83,2014,86,-152,1
2014-06-03,AZ+HI,0,2,0,0,0,2,2,2014,86,-152,1
2014-06-04,DST states,6,14,15,20,12,67,70,2014,87,-151,2
2014-06-04,AZ+HI,0,0,0,0,0,0,0,2014,87,-151,2
2014-06-05,DST states,9,17,19,31,13,89,95,2014,88,-150,3
2014-06-05,AZ+HI,0,1,2,1,0,4,5,2014,88,-150,3
2014-06-06,DST states,13,14,14,27,16,84,88,2014,89,-149,4
2014-06-06,AZ+HI,0,0,1,0,1,3,3,2014,89,-149,4
2014-06-07,DST states,27,9,26,34,34,131,142,2014,90,-148,5
2014-06-07,AZ+HI,2,0,0,2,0,4,4,2014,90,-148,5
2014-06-08,DST states,32,9,11,24,13,89,95,2014,91,-147,6
2014-06-08,AZ+HI,1,0,0,0,0,1,1,2014,91,-147,6
2014-06-09,DST states,5,10,21,14,13,63,69,2014,92,-146,0
2014-06-09,AZ+HI,0,1,0,0,1,2,3,2014,92,-146,0
2014-06-10,DST states,6,8,21,15,11,63,70,2014,93,-145,1
2014-06-10,AZ+HI,1,1,0,1,0,3,3,2014,93,-145,1
2014-06-11,DST states,6,10,14,24,11,65,65,2014,94,-144,2
2014-06-11,AZ+HI,1,0,0,0,1,2,2,2014,94,-144,2
2014-06-12,DST states,11,11,20,21,12,77,84,2014,95,-143,3
2014-06-12,AZ+HI,0,1,0,0,0,1,1,2014,95,-143,3
2014-06-13,DST states,18,13,20,25,18,94,98,2014,96,-142,4
2014-06-13,AZ+HI,0,0,0,0,1,1,1,2014,96,-142,4
2014-06-14,DST states,18,5,20,41,15,100,111,2014,97,-141,5
2014-06-14,AZ+HI,0,0,2,0,0,2,2,2014,97,-141,5
2014-06-15,DST states,23,11,22,27,13,96,100,2014,98,-140,6
2014-06-15,AZ+HI,0,0,0,0,1,1,1,2014,98,-140,6
2014-06-16,DST states,9,15,13,30,9,78,85,2014,99,-139,0
2014-06-16,AZ+HI,0,1,0,0,2,3,3,2014,99,-139,0
2014-06-17,DST states,10,11,18,22,11,72,77,2014,100,-138,1
2014-06-17,AZ+HI,0,0,2,0,0,3,4,2014,100,-138,1
2014-06-18,DST states,5,9,21,21,18,74,81,2014,101,-137,2
2014-06-18,AZ+HI,0,1,1,0,0,2,2,2014,101,-137,2
2014-06-19,DST states,10,14,13,21,7,65,76,2014,102,-136,3
2014-06-19,AZ+HI,0,1,0,0,1,2,5,2014,102,-136,3
2014-06-20,DST states,7,20,19,27,20,93,103,2014,103,-135,4
2014-06-20,AZ+HI,0,0,0,2,0,2,2,2014,103,-135,4
2014-06-21,DST states,26,16,18,31,23,115,121,2014,104,-134,5
2014-06-21,AZ+HI,0,1,1,0,0,2,2,2014,104,-134,5
2014-06-22,DST states,26,11,14,40,13,105,115,2014,105,-133,6
2014-06-22,AZ+HI,0,0,0,0,0,0,0,2014,105,-133,6
2014-06-23,DST states,13,9,33,22,9,86,95,2014,106,-132,0
2014-06-23,AZ+HI,3,1,0,0,0,5,5,2014,106,-132,0
2014-06-24,DST states,5,13,11,28,17,74,85,2014,107,-131,1
2014-06-24,AZ+HI,0,0,1,1,0,2,2,2014,107,-131,1
2014-06-25,DST states,6,10,20,22,13,71,79,2014,108,-130,2
2014-06-25,AZ+HI,0,0,0,0,0,0,0,2014,108,-130,2
2014-06-26,DST states,12,11,25,26,12,86,104,2014,109,-129,3
2014-06-26,AZ+HI,1,1,1,1,0,4,4,2014,109,-129,3
2014-06-27,DST states,13,8,15,25,15,76,87,2014,110,-128,4
2014-06-27,AZ+HI,0,1,0,1,0,2,2,2014,110,-128,4
2014-06-28,DST states,27,11,18,36,22,114,116,2014,111,-127,5
2014-06-28,AZ+HI,1,1,1,1,2,6,6,2014,111,-127,5
2014-06-29,DST states,24,9,17,20,16,87,100,2014,112,-126,6
2014-06-29,AZ+HI,0,0,0,0,0,0,0,2014,112,-126,6
2014-06-30,DST states,8,14,13,27,4,67,81,2014,113,-125,0
2014-06-30,AZ+HI,1,0,0,2,0,3,3,2014,113,-125,0
2014-07-01,DST states,10,5,15,22,10,63,71,2014,114,-124,1
2014-07-01,AZ+HI,0,1,0,0,0,1,1,2014,114,-124,1
2014-07-02,DST states,16,15,22,23,10,87,89,2014,115,-123,2
2014-07-02,AZ+HI,0,0,0,0,2,2,2,2014,115,-123,2
2014-07-03,DST states,6,17,19,28,20,90,96,2014,116,-122,3
2014-07-03,AZ+HI,0,0,1,0,0,1,1,2014,116,-122,3
2014-07-04,DST states,18,3,20,31,32,105,120,2014,117,-121,4
2014-07-04,AZ+HI,1,0,1,0,1,3,3,2014,117,-121,4
2014-07-05,DST states,36,11,16,35,17,116,128,2014,118,-120,5
2014-07-05,AZ+HI,0,0,1,1,0,2,2,2014,118,-120,5
2014-07-06,DST states,25,5,14,28,14,86,97,2014,119,-119,6
2014-07-06,AZ+HI,0,0,2,0,0,2,2,2014,119,-119,6
2014-07-07,DST states,6,14,9,18,14,61,66,2014,120,-118,0
2014-07-07,AZ+HI,1,1,1,0,1,4,6,2014,120,-118,0
2014-07-08,DST states,11,13,23,26,19,92,93,2014,121,-117,1
2014-07-08,AZ+HI,0,1,0,1,1,3,3,2014,121,-117,1
2014-07-09,DST states,7,13,16,32,15,84,92,2014,122,-116,2
2014-07-09,AZ+HI,0,0,0,1,0,1,1,2014,122,-116,2
2014-07-10,DST states,9,16,13,22,18,79,88,2014,123,-115,3
2014-07-10,AZ+HI,0,0,0,1,0,1,1,2014,123,-115,3
2014-07-11,DST states,9,14,16,26,18,83,93,2014,124,-114,4
2014-07-11,AZ+HI,0,0,0,1,1,2,2,2014,124,-114,4
2014-07-12,DST states,24,10,23,39,12,109,114,2014,125,-113,5
2014-07-12,AZ+HI,1,1,2,2,0,6,6,2014,125,-113,5
2014-07-13,DST states,24,16,20,21,15,96,108,2014,126,-112,6
2014-07-13,AZ+HI,1,0,0,0,0,1,1,2014,126,-112,6
2014-07-14,DST states,13,15,17,24,5,74,80,2014,127,-111,0
2014-07-14,AZ+HI,0,0,0,0,0,0,0,2014,127,-111,0
2014-07-15,DST states,6,17,10,17,9,59,64,2014,128,-110,1
2014-07-15,AZ+HI,0,0,0,0,0,0,0,2014,128,-110,1
2014-07-16,DST states,10,10,26,29,12,87,96,2014,129,-109,2
2014-07-16,AZ+HI,0,0,1,1,0,2,3,2014,129,-109,2
2014-07-17,DST states,11,7,16,27,13,76,86,2014,130,-108,3
2014-07-17,AZ+HI,1,0,0,0,1,2,2,2014,130,-108,3
2014-07-18,DST states,11,12,18,31,14,86,90,2014,131,-107,4
2014-07-18,AZ+HI,0,0,0,1,0,1,1,2014,131,-107,4
2014-07-19,DST states,28,22,22,32,26,130,138,2014,132,-106,5
2014-07-19,AZ+HI,1,0,0,3,0,4,4,2014,132,-106,5
2014-07-20,DST states,27,11,13,26,15,93,101,2014,133,-105,6
2014-07-20,AZ+HI,0,0,0,1,0,1,1,2014,133,-105,6
2014-07-21,DST states,8,11,18,26,13,77,94,2014,134,-104,0
2014-07-21,AZ+HI,0,0,0,1,0,1,1,2014,134,-104,0
2014-07-22,DST states,16,7,14,19,9,65,69,2014,135,-103,1
2014-07-22,AZ+HI,0,0,0,0,0,0,0,2014,135,-103,1
2014-07-23,DST states,9,10,17,27,16,79,87,2014,136,-102,2
2014-07-23,AZ+HI,0,0,0,0,0,0,0,2014,136,-102,2
2014-07-24,DST states,8,13,15,16,18,71,83,2014,137,-101,3
2014-07-24,AZ+HI,0,0,0,0,0,0,0,2014,137,-101,3
2014-07-25,DST states,15,12,25,17,20,89,99,2014,138,-100,4
2014-07-25,AZ+HI,0,0,0,0,1,1,1,2014,138,-100,4
2014-07-26,DST states,32,13,30,26,19,120,131,2014,139,-99,5
2014-07-26,AZ+HI,1,0,0,1,0,2,2,2014,139,-99,5
2014-07-27,DST states,38,10,13,31,18,110,120,2014,140,-98,6
2014-07-27,AZ+HI,1,0,2,0,0,3,3,2014,140,-98,6
2014-07-28,DST states,8,16,16,16,8,64,67,2014,141,-97,0
2014-07-28,AZ+HI,0,0,1,0,0,1,3,2014,141,-97,0
2014-07-29,DST states,6,11,13,22,12,65,70,2014,142,-96,1
2014-07-29,AZ+HI,0,0,0,0,1,1,1,2014,142,-96,1
2014-07-30,DST states,10,18,20,23,12,83,86,2014,143,-95,2
2014-07-30,AZ+HI,0,0,0,0,1,1,1,2014,143,-95,2
2014-07-31,DST states,9,12,20,16,11,68,70,2014,144,-94,3
2014-07-31,AZ+HI,0,0,0,0,0,0,0,2014,144,-94,3
2014-08-01,DST states,14,21,13,24,23,95,100,2014,145,-93,4
2014-08-01,AZ+HI,2,1,0,2,1,6,6,2014,145,-93,4
2014-08-02,DST states,30,14,19,34,25,124,137,2014,146,-92,5
2014-08-02,AZ+HI,0,1,0,1,1,3,5,2014,146,-92,5
2014-08-03,DST states,27,14,14,22,17,95,100,2014,147,-91,6
2014-08-03,AZ+HI,0,2,0,0,0,2,2,2014,147,-91,6
2014-08-04,DST states,14,9,22,24,8,80,84,2014,148,-90,0
2014-08-04,AZ+HI,0,0,0,0,0,0,0,2014,148,-90,0
2014-08-05,DST states,8,14,17,19,17,75,81,2014,149,-89,1
2014-08-05,AZ+HI,0,0,0,2,0,2,2,2014,149,-89,1
2014-08-06,DST states,15,10,18,13,7,63,66,2014,150,-88,2
2014-08-06,AZ+HI,0,0,0,0,0,0,0,2014,150,-88,2
2014-08-07,DST states,13,9,19,21,17,79,86,2014,151,-87,3
2014-08-07,AZ+HI,0,0,1,1,0,2,5,2014,151,-87,3
2014-08-08,DST states,14,11,22,32,26,106,123,2014,152,-86,4
2014-08-08,AZ+HI,0,0,1,2,0,3,4,2014,152,-86,4
2014-08-09,DST states,37,11,24,20,19,111,116,2014,153,-85,5
2014-08-09,AZ+HI,0,0,3,0,0,3,3,2014,153,-85,5
2014-08-10,DST states,37,8,13,22,15,97,115,2014,154,-84,6
2014-08-10,AZ+HI,0,0,1,0,0,1,1,2014,154,-84,6
2014-08-11,DST states,13,10,16,15,11,65,71,2014,155,-83,0
2014-08-11,AZ+HI,2,1,0,0,0,3,4,2014,155,-83,0
2014-08-12,DST states,12,14,20,26,13,86,88,2014,156,-82,1
2014-08-12,AZ+HI,0,0,0,0,1,1,1,2014,156,-82,1
2014-08-13,DST states,8,13,24,32,11,88,91,2014,157,-81,2
2014-08-13,AZ+HI,0,0,0,0,0,0,0,2014,157,-81,2
2014-08-14,DST states,9,13,17,28,14,82,84,2014,158,-80,3
2014-08-14,AZ+HI,0,2,1,2,0,5,5,2014,158,-80,3
2014-08-15,DST states,19,15,22,33,17,106,112,2014,159,-79,4
2014-08-15,AZ+HI,1,0,0,1,1,3,3,2014,159,-79,4
2014-08-16,DST states,17,13,24,27,19,101,105,2014,160,-78,5
2014-08-16,AZ+HI,0,0,0,0,0,0,0,2014,160,-78,5
2014-08-17,DST states,26,12,16,29,5,88,91,2014,161,-77,6
2014-08-17,AZ+HI,0,0,2,2,0,4,4,2014,161,-77,6
2014-08-18,DST states,9,18,11,24,13,75,80,2014,162,-76,0
2014-08-18,AZ+HI,0,0,0,0,0,0,0,2014,162,-76,0
2014-08-19,DST states,6,12,16,35,10,80,87,2014,163,-75,1
2014-08-19,AZ+HI,1,1,0,0,0,2,2,2014,163,-75,1
2014-08-20,DST states,9,12,19,26,5,72,77,2014,164,-74,2
2014-08-20,AZ+HI,0,0,1,1,1,3,3,2014,164,-74,2
2014-08-21,DST states,5,12,14,23,13,67,78,2014,165,-73,3
2014-08-21,AZ+HI,1,0,1,0,0,2,2,2014,165,-73,3
2014-08-22,DST states,8,12,19,31,14,84,90,2014,166,-72,4
2014-08-22,AZ+HI,0,0,0,0,1,1,3,2014,166,-72,4
2014-08-23,DST states,24,13,19,32,19,107,125,2014,167,-71,5
2014-08-23,AZ+HI,0,1,0,0,0,1,1,2014,167,-71,5
2014-08-24,DST states,31,13,15,29,10,100,106,2014,168,-70,6
2014-08-24,AZ+HI,0,2,0,1,1,4,4,2014,168,-70,6
2014-08-25,DST states,13,14,18,20,13,78,89,2014,169,-69,0
2014-08-25,AZ+HI,0,0,1,1,0,2,2,2014,169,-69,0
2014-08-26,DST states,5,14,10,22,9,61,69,2014,170,-68,1
2014-08-26,AZ+HI,0,0,0,2,0,2,2,2014,170,-68,1
2014-08-27,DST states,9,16,17,29,8,79,86,2014,171,-67,2
2014-08-27,AZ+HI,0,1,0,1,0,2,2,2014,171,-67,2
2014-08-28,DST states,3,17,18,31,8,79,90,2014,172,-66,3
2014-08-28,AZ+HI,2,1,1,0,0,4,4,2014,172,-66,3
2014-08-29,DST states,13,12,11,31,31,98,102,2014,173,-65,4
2014-08-29,AZ+HI,0,1,0,0,0,1,1,2014,173,-65,4
2014-08-30,DST states,34,14,18,31,19,116,126,2014,174,-64,5
2014-08-30,AZ+HI,1,0,0,1,1,3,5,2014,174,-64,5
2014-08-31,DST states,32,6,19,27,13,97,110,2014,175,-63,6
2014-08-31,AZ+HI,0,1,0,0,0,1,1,2014,175,-63,6
2014-09-01,DST states,21,17,18,35,8,99,104,2014,176,-62,0
2014-09-01,AZ+HI,0,0,0,0,0,0,0,2014,176,-62,0
2014-09-02,DST states,6,15,20,27,5,73,75,2014,177,-61,1
2014-09-02,AZ+HI,0,0,0,0,0,0,0,2014,177,-61,1
2014-09-03,DST states,7,22,14,26,7,76,80,2014,178,-60,2
2014-09-03,AZ+HI,0,0,0,1,0,1,1,2014,178,-60,2
2014-09-04,DST states,7,13,14,21,18,75,77,2014,179,-59,3
2014-09-04,AZ+HI,0,0,2,1,0,3,3,2014,179,-59,3
2014-09-05,DST states,9,8,18,34,12,81,90,2014,180,-58,4
2014-09-05,AZ+HI,0,2,0,1,0,3,3,2014,180,-58,4
2014-09-06,DST states,22,9,15,28,11,85,95,2014,181,-57,5
2014-09-06,AZ+HI,1,0,0,1,0,2,2,2014,181,-57,5
2014-09-07,DST states,14,11,20,42,9,96,104,2014,182,-56,6
2014-09-07,AZ+HI,1,0,2,0,0,3,3,2014,182,-56,6
2014-09-08,DST states,13,16,14,29,10,82,86,2014,183,-55,0
2014-09-08,AZ+HI,0,1,1,1,0,3,3,2014,183,-55,0
2014-09-09,DST states,7,17,12,26,7,72,73,2014,184,-54,1
2014-09-09,AZ+HI,0,0,1,1,0,2,2,2014,184,-54,1
2014-09-10,DST states,6,9,11,27,11,64,66,2014,185,-53,2
2014-09-10,AZ+HI,0,0,0,1,0,1,1,2014,185,-53,2
2014-09-11,DST states,10,13,15,20,7,65,69,2014,186,-52,3
2014-09-11,AZ+HI,0,0,0,0,0,0,0,2014,186,-52,3
2014-09-12,DST states,14,21,15,35,12,99,104,2014,187,-51,4
2014-09-12,AZ+HI,0,0,0,2,0,2,2,2014,187,-51,4
2014-09-13,DST states,24,15,12,28,16,96,104,2014,188,-50,5
2014-09-13,AZ+HI,1,0,1,2,0,4,4,2014,188,-50,5
2014-09-14,DST states,27,12,16,29,9,93,106,2014,189,-49,6
2014-09-14,AZ+HI,3,0,0,1,0,4,4,2014,189,-49,6
2014-09-15,DST states,12,15,12,17,7,63,68,2014,190,-48,0
2014-09-15,AZ+HI,1,0,0,1,0,2,2,2014,190,-48,0
2014-09-16,DST states,7,12,6,22,8,56,58,2014,191,-47,1
2014-09-16,AZ+HI,1,1,1,1,1,5,5,2014,191,-47,1
2014-09-17,DST states,6,15,13,21,8,64,69,2014,192,-46,2
2014-09-17,AZ+HI,1,0,0,1,0,2,2,2014,192,-46,2
2014-09-18,DST states,14,16,20,25,13,89,96,2014,193,-45,3
2014-09-18,AZ+HI,0,0,1,0,2,3,6,2014,193,-45,3
2014-09-19,DST states,17,11,14,32,10,84,92,2014,194,-44,4
2014-09-19,AZ+HI,0,0,0,0,1,1,1,2014,194,-44,4
2014-09-20,DST states,25,21,20,34,18,119,135,2014,195,-43,5
2014-09-20,AZ+HI,2,0,0,2,0,4,4,2014,195,-43,5
2014-09-21,DST states,31,10,17,31,16,105,117,2014,196,-42,6
2014-09-21,AZ+HI,0,0,0,0,2,2,2,2014,196,-42,6
2014-09-22,DST states,14,13,15,33,7,83,87,2014,197,-41,0
2014-09-22,AZ+HI,0,0,0,4,0,4,4,2014,197,-41,0
2014-09-23,DST states,7,14,12,30,14,78,88,2014,198,-40,1
2014-09-23,AZ+HI,0,2,1,1,0,4,4,2014,198,-40,1
2014-09-24,DST states,10,17,14,18,13,72,79,2014,199,-39,2
2014-09-24,AZ+HI,0,1,0,1,0,2,2,2014,199,-39,2
2014-09-25,DST states,8,13,20,21,17,80,84,2014,200,-38,3
2014-09-25,AZ+HI,1,0,0,0,0,1,1,2014,200,-38,3
2014-09-26,DST states,15,19,16,46,21,118,130,2014,201,-37,4
2014-09-26,AZ+HI,0,0,0,1,0,1,1,2014,201,-37,4
2014-09-27,DST states,30,13,18,38,24,125,131,2014,202,-36,5
2014-09-27,AZ+HI,0,0,0,1,0,1,1,2014,202,-36,5
2014-09-28,DST states,40,10,15,37,7,111,117,2014,203,-35,6
2014-09-28,AZ+HI,0,1,0,0,0,1,1,2014,203,-35,6
2014-09-29,DST states,6,20,16,20,10,72,82,2014,204,-34,0
2014-09-29,AZ+HI,0,0,0,1,0,1,1,2014,204,-34,0
2014-09-30,DST states,3,17,21,26,13,80,85,2014,205,-33,1
2014-09-30,AZ+HI,0,0,1,0,0,1,1,2014,205,-33,1
2014-10-01,DST states,10,8,18,36,9,83,91,2014,206,-32,2
2014-10-01,AZ+HI,0,2,1,0,0,3,3,2014,206,-32,2
2014-10-02,DST states,14,12,18,22,7,73,76,2014,207,-31,3
2014-10-02,AZ+HI,0,0,0,0,0,1,1,2014,207,-31,3
2014-10-03,DST states,16,21,17,33,19,107,120,2014,208,-30,4
2014-10-03,AZ+HI,0,0,0,1,0,1,1,2014,208,-30,4
2014-10-04,DST states,23,17,13,38,11,103,114,2014,209,-29,5
2014-10-04,AZ+HI,1,1,0,3,1,6,6,2014,209,-29,5
2014-10-05,DST states,29,14,17,31,7,101,115,2014,210,-28,6
2014-10-05,AZ+HI,1,0,0,0,0,1,1,2014,210,-28,6
2014-10-06,DST states,12,17,27,23,9,90,95,2014,211,-27,0
2014-10-06,AZ+HI,0,3,0,0,0,4,4,2014,211,-27,0
2014-10-07,DST states,7,22,13,23,9,75,83,2014,212,-26,1
2014-10-07,AZ+HI,0,1,0,2,1,4,4,2014,212,-26,1
2014-10-08,DST states,12,15,14,36,15,93,98,2014,213,-25,2
2014-10-08,AZ+HI,0,1,1,1,0,3,3,2014,213,-25,2
2014-10-09,DST states,8,23,18,23,15,87,91,2014,214,-24,3
2014-10-09,AZ+HI,0,0,1,1,0,2,2,2014,214,-24,3
2014-10-10,DST states,12,12,13,29,19,86,96,2014,215,-23,4
2014-10-10,AZ+HI,1,2,1,2,1,7,7,2014,215,-23,4
2014-10-11,DST states,21,13,23,30,19,106,112,2014,216,-22,5
2014-10-11,AZ+HI,0,0,0,0,0,0,0,2014,216,-22,5
2014-10-12,DST states,27,5,19,21,16,90,101,2014,217,-21,6
2014-10-12,AZ+HI,0,0,0,1,0,1,1,2014,217,-21,6
2014-10-13,DST states,13,16,11,32,5,78,83,2014,218,-20,0
2014-10-13,AZ+HI,0,0,1,0,0,1,1,2014,218,-20,0
2014-10-14,DST states,5,15,14,22,15,73,80,2014,219,-19,1
2014-10-14,AZ+HI,0,1,0,1,0,2,2,2014,219,-19,1
2014-10-15,DST states,4,13,13,29,12,73,77,2014,220,-18,2
2014-10-15,AZ+HI,1,1,0,1,0,3,4,2014,220,-18,2
2014-10-16,DST states,10,18,14,33,7,82,86,2014,221,-17,3
2014-10-16,AZ+HI,1,0,0,1,0,2,2,2014,221,-17,3
2014-10-17,DST states,16,13,15,43,13,100,112,2014,222,-16,4
2014-10-17,AZ+HI,0,1,1,0,0,3,3,2014,222,-16,4
2014-10-18,DST states,20,17,21,36,18,113,118,2014,223,-15,5
2014-10-18,AZ+HI,2,0,0,1,0,3,5,2014,223,-15,5
2014-10-19,DST states,30,8,19,30,15,104,117,2014,224,-14,6
2014-10-19,AZ+HI,0,0,0,0,0,0,0,2014,224,-14,6
2014-10-20,DST states,4,14,11,23,8,60,63,2014,225,-13,0
2014-10-20,AZ+HI,0,0,1,0,0,1,1,2014,225,-13,0
2014-10-21,DST states,5,16,16,29,6,73,82,2014,226,-12,1
2014-10-21,AZ+HI,0,0,0,0,0,0,0,2014,226,-12,1
2014-10-22,DST states,7,17,17,31,9,81,85,2014,227,-11,2
2014-10-22,AZ+HI,0,0,0,0,1,1,1,2014,227,-11,2
2014-10-23,DST states,8,17,10,21,8,64,67,2014,228,-10,3
2014-10-23,AZ+HI,0,1,2,1,0,4,4,2014,228,-10,3
2014-10-24,DST states,24,13,20,37,17,111,124,2014,229,-9,4
2014-10-24,AZ+HI,1,2,0,0,0,3,3,2014,229,-9,4
2014-10-25,DST states,38,14,21,44,20,137,147,2014,230,-8,5
2014-10-25,AZ+HI,1,1,0,2,1,5,6,2014,230,-8,5
2014-10-26,DST states,22,14,16,32,10,95,103,2014,231,-7,6
2014-10-26,AZ+HI,0,0,0,2,0,2,2,2014,231,-7,6
2014-10-27,DST states,9,11,19,31,6,76,82,2014,232,-6,0
2014-10-27,AZ+HI,0,0,0,0,0,0,0,2014,232,-6,0
2014-10-28,DST states,11,11,16,29,8,75,83,2014,233,-5,1
2014-10-28,AZ+HI,2,0,1,0,0,3,3,2014,233,-5,1
2014-10-29,DST states,12,14,19,29,9,83,88,2014,234,-4,2
2014-10-29,AZ+HI,0,0,3,0,0,3,3,2014,234,-4,2
2014-10-30,DST states,4,18,11,21,7,62,73,2014,235,-3,3
2014-10-30,AZ+HI,1,0,1,0,1,4,4,2014,235,-3,3
2014-10-31,DST states,21,20,21,40,19,121,132,2014,236,-2,4
2014-10-31,AZ+HI,2,0,1,0,0,3,3,2014,236,-2,4
2014-11-01,DST states,44,21,16,24,23,130,136,2014,237,-1,5
2014-11-01,AZ+HI,1,0,0,0,1,2,2,2014,237,-1,5
2014-11-02,DST states,32,15,8,22,10,87,100,2014,238,0,6
2014-11-02,AZ+HI,0,0,0,2,0,2,2,2014,238,0,6
2014-11-03,DST states,10,15,14,24,5,68,73,2014,239,1,0
2014-11-03,AZ+HI,0,1,0,1,0,2,2,2014,239,1,0
2014-11-04,DST states,8,16,12,35,8,80,85,2014,240,2,1
2014-11-04,AZ+HI,0,0,0,1,2,3,3,2014,240,2,1
2014-11-05,DST states,9,15,21,28,17,90,97,2014,241,3,2
2014-11-05,AZ+HI,0,1,1,0,1,3,3,2014,241,3,2
2014-11-06,DST states,7,17,17,30,6,77,83,2014,242,4,3
2014-11-06,AZ+HI,0,0,0,1,0,1,1,2014,242,4,3
2014-11-07,DST states,10,13,19,44,15,101,108,2014,243,5,4
2014-11-07,AZ+HI,0,0,2,1,0,4,4,2014,243,5,4
2014-11-08,DST states,18,15,17,41,13,104,116,2014,244,6,5
2014-11-08,AZ+HI,1,0,1,0,0,2,2,2014,244,6,5
2014-11-09,DST states,19,13,21,33,12,99,106,2014,245,7,6
2014-11-09,AZ+HI,1,0,0,1,0,2,3,2014,245,7,6
2014-11-10,DST states,7,11,15,43,14,90,99,2014,246,8,0
2014-11-10,AZ+HI,0,2,0,1,0,3,3,2014,246,8,0
2014-11-11,DST states,10,11,20,25,7,75,83,2014,247,9,1
2014-11-11,AZ+HI,0,0,0,0,0,0,0,2014,247,9,1
2014-11-12,DST states,11,20,17,20,5,73,74,2014,248,10,2
2014-11-12,AZ+HI,0,2,0,1,0,3,3,2014,248,10,2
2014-11-13,DST states,9,14,10,25,13,71,80,2014,249,11,3
2014-11-13,AZ+HI,0,0,2,1,0,3,3,2014,249,11,3
2014-11-14,DST states,11,13,16,32,15,88,96,2014,250,12,4
2014-11-14,AZ+HI,0,0,0,1,1,2,2,2014,250,12,4
2014-11-15,DST states,23,15,31,20,12,101,115,2014,251,13,5
2014-11-15,AZ+HI,0,0,0,1,0,1,1,2014,251,13,5
2014-11-16,DST states,27,10,14,20,4,77,83,2014,252,14,6
2014-11-16,AZ+HI,0,0,0,1,1,2,2,2014,252,14,6
2014-11-17,DST states,8,17,13,25,4,68,79,2014,253,15,0
2014-11-17,AZ+HI,0,0,1,1,0,2,2,2014,253,15,0
2014-11-18,DST states,8,12,17,23,12,72,76,2014,254,16,1
2014-11-18,AZ+HI,0,1,0,3,0,4,4,2014,254,16,1
2014-11-19,DST states,10,15,8,30,11,74,83,2014,255,17,2
2014-11-19,AZ+HI,0,1,0,0,0,1,2,2014,255,17,2
2014-11-20,DST states,6,8,15,25,11,66,71,2014,256,18,3
2014-11-20,AZ+HI,0,0,0,2,0,2,2,2014,256,18,3
2014-11-21,DST states,9,14,17,43,11,94,101,2014,257,19,4
2014-11-21,AZ+HI,0,0,0,2,1,3,4,2014,257,19,4
2014-11-22,DST states,34,20,14,42,17,129,153,2014,258,20,5
2014-11-22,AZ+HI,0,1,1,1,0,3,3,2014,258,20,5
2014-11-23,DST states,27,15,13,28,12,96,106,2014,259,21,6
2014-11-23,AZ+HI,0,0,0,0,1,1,1,2014,259,21,6
2014-11-24,DST states,10,18,25,29,10,92,101,2014,260,22,0
2014-11-24,AZ+HI,0,0,0,0,1,1,1,2014,260,22,0
2014-11-25,DST states,6,10,20,38,13,87,94,2014,261,23,1
2014-11-25,AZ+HI,0,0,0,0,0,0,0,2014,261,23,1
2014-11-26,DST states,10,19,22,29,10,91,100,2014,262,24,2
2014-11-26,AZ+HI,1,1,0,0,0,2,3,2014,262,24,2
2014-11-27,DST states,25,6,17,28,11,87,96,2014,263,25,3
2014-11-27,AZ+HI,0,0,1,0,0,1,1,2014,263,25,3
2014-11-28,DST states,13,13,13,38,16,94,110,2014,264,26,4
2014-11-28,AZ+HI,0,0,2,2,0,4,6,2014,264,26,4
2014-11-29,DST states,19,10,21,30,20,100,111,2014,265,27,5
2014-11-29,AZ+HI,0,0,1,1,0,2,3,2014,265,27,5
2014-11-30,DST states,20,7,19,29,8,84,93,2014,266,28,6
2014-11-30,AZ+HI,1,2,1,3,1,8,9,2014,266,28,6
2014-12-01,DST states,5,20,18,31,12,86,93,2014,267,29,0
2014-12-01,AZ+HI,0,1,0,2,0,3,3,2014,267,29,0
2014-12-02,DST states,8,16,16,33,6,79,85,2014,268,30,1
2014-12-02,AZ+HI,1,1,0,0,0,2,2,2014,268,30,1
2014-12-03,DST states,5,14,7,32,6,64,70,2014,269,31,2
2014-12-03,AZ+HI,0,1,1,4,0,6,6,2014,269,31,2
2014-12-04,DST states,13,17,14,20,14,78,82,2014,270,32,3
2014-12-04,AZ+HI,0,0,0,2,0,2,2,2014,270,32,3
2014-12-05,DST states,18,15,21,34,13,101,112,2014,271,33,4
2014-12-05,AZ+HI,0,1,0,3,0,4,4,2014,271,33,4
2014-12-06,DST states,23,10,15,31,12,92,103,2014,272,34,5
2014-12-06,AZ+HI,1,3,0,0,0,4,4,2014,272,34,5
2014-12-07,DST states,24,16,13,20,5,78,87,2014,273,35,6
2014-12-07,AZ+HI,1,0,0,1,0,2,2,2014,273,35,6
2014-12-08,DST states,7,19,20,33,8,87,92,2014,274,36,0
2014-12-08,AZ+HI,0,0,0,1,0,2,2,2014,274,36,0
2014-12-09,DST states,8,15,18,29,4,74,78,2014,275,37,1
2014-12-09,AZ+HI,0,0,0,2,0,2,2,2014,275,37,1
2014-12-10,DST states,15,11,18,28,4,76,79,2014,276,38,2
2014-12-10,AZ+HI,0,0,0,2,0,2,2,2014,276,38,2
2014-12-11,DST states,12,17,14,32,11,87,92,2014,277,39,3
2014-12-11,AZ+HI,1,0,1,0,0,2,2,2014,277,39,3
2014-12-12,DST states,12,17,15,34,14,92,105,2014,278,40,4
2014-12-12,AZ+HI,2,1,0,0,1,4,4,2014,278,40,4
2014-12-13,DST states,22,19,12,41,17,113,128,2014,279,41,5
2014-12-13,AZ+HI,0,1,1,1,0,3,3,2014,279,41,5
2014-12-14,DST states,26,12,16,26,8,90,109,2014,280,42,6
2014-12-14,AZ+HI,0,1,1,2,0,4,4,2014,280,42,6
2014-12-15,DST states,4,13,19,31,6,73,78,2014,281,43,0
2014-12-15,AZ+HI,0,0,0,0,0,0,0,2014,281,43,0
2014-12-16,DST states,13,16,18,27,9,83,92,2014,282,44,1
2014-12-16,AZ+HI,0,0,0,1,0,1,1,2014,282,44,1
2014-12-17,DST states,5,16,10,22,10,63,70,2014,283,45,2
2014-12-17,AZ+HI,0,0,0,0,0,0,0,2014,283,45,2
2014-12-18,DST states,11,4,15,27,11,69,72,2014,284,46,3
2014-12-18,AZ+HI,0,0,1,1,1,3,3,2014,284,46,3
2014-12-19,DST states,10,17,19,40,20,107,116,2014,285,47,4
2014-12-19,AZ+HI,0,0,1,0,0,1,1,2014,285,47,4
2014-12-20,DST states,31,13,13,37,9,103,105,2014,286,48,5
2014-12-20,AZ+HI,0,0,0,1,0,1,1,2014,286,48,5
2014-12-21,DST states,26,9,10,19,15,81,89,2014,287,49,6
2014-12-21,AZ+HI,2,1,0,0,0,3,3,2014,287,49,6
2014-12-22,DST states,7,7,12,32,12,70,75,2014,288,50,0
2014-12-22,AZ+HI,0,1,0,1,0,2,2,2014,288,50,0
2014-12-23,DST states,8,11,7,32,8,67,75,2014,289,51,1
2014-12-23,AZ+HI,0,2,1,3,0,6,6,2014,289,51,1
2014-12-24,DST states,11,15,14,32,11,83,95,2014,290,52,2
2014-12-24,AZ+HI,0,0,0,0,0,0,0,2014,290,52,2
2014-12-25,DST states,11,5,9,21,12,59,68,2014,291,53,3
2014-12-25,AZ+HI,1,0,0,0,1,2,3,2014,291,53,3
2014-12-26,DST states,13,12,23,28,16,92,110,2014,292,54,4
2014-12-26,AZ+HI,0,0,0,0,0,0,0,2014,292,54,4
2014-12-27,DST states,20,11,16,35,22,104,113,2014,293,55,5
2014-12-27,AZ+HI,1,0,0,0,2,3,3,2014,293,55,5
2014-12-28,DST states,16,12,10,22,7,67,69,2014,294,56,6
2014-12-28,AZ+HI,0,0,1,1,0,2,2,2014,294,56,6
2014-12-29,DST states,3,13,14,29,14,73,78,2014,295,57,0
2014-12-29,AZ+HI,0,0,0,1,0,1,1,2014,295,57,0
2014-12-30,DST states,10,16,10,26,7,69,74,2014,296,58,1
2014-12-30,AZ+HI,1,0,0,0,0,1,1,2014,296,58,1
2014-12-31,DST states,4,10,13,24,24,75,87,2014,297,59,2
2014-12-31,AZ+HI,0,0,0,0,1,1,1,2014,297,59,2
2015-01-01,DST states,47,12,6,28,9,102,110,2015,-66,-304,3
2015-01-01,AZ+HI,0,3,0,0,0,3,3,2015,-66,-304,3
2015-01-02,DST states,10,13,14,18,5,62,68,2015,-65,-303,4
2015-01-02,AZ+HI,0,0,1,2,0,3,3,2015,-65,-303,4
2015-01-03,DST states,16,15,13,26,20,92,101,2015,-64,-302,5
2015-01-03,AZ+HI,0,0,1,1,1,3,3,2015,-64,-302,5
2015-01-04,DST states,12,4,12,17,5,50,55,2015,-63,-301,6
2015-01-04,AZ+HI,0,0,0,1,1,2,2,2015,-63,-301,6
2015-01-05,DST states,4,14,13,36,11,78,86,2015,-62,-300,0
2015-01-05,AZ+HI,0,1,0,0,0,1,1,2015,-62,-300,0
2015-01-06,DST states,7,21,17,23,7,75,81,2015,-61,-299,1
2015-01-06,AZ+HI,0,0,2,0,0,3,3,2015,-61,-299,1
2015-01-07,DST states,5,8,15,16,8,55,59,2015,-60,-298,2
2015-01-07,AZ+HI,1,0,0,0,0,1,1,2015,-60,-298,2
2015-01-08,DST states,2,13,12,23,6,56,59,2015,-59,-297,3
2015-01-08,AZ+HI,0,0,0,3,0,3,3,2015,-59,-297,3
2015-01-09,DST states,10,23,16,29,20,100,111,2015,-58,-296,4
2015-01-09,AZ+HI,1,2,0,2,1,6,6,2015,-58,-296,4
2015-01-10,DST states,21,12,8,18,13,73,85,2015,-57,-295,5
2015-01-10,AZ+HI,1,1,1,0,0,3,3,2015,-57,-295,5
2015-01-11,DST states,20,12,7,19,9,69,76,2015,-56,-294,6
2015-01-11,AZ+HI,2,2,0,1,0,5,6,2015,-56,-294,6
2015-01-12,DST states,4,17,14,19,6,60,65,2015,-55,-293,0
2015-01-12,AZ+HI,0,1,0,0,0,1,1,2015,-55,-293,0
2015-01-13,DST states,9,12,15,35,12,83,90,2015,-54,-292,1
2015-01-13,AZ+HI,0,1,0,1,0,2,2,2015,-54,-292,1
2015-01-14,DST states,8,14,13,23,9,67,82,2015,-53,-291,2
2015-01-14,AZ+HI,0,1,1,2,3,7,8,2015,-53,-291,2
2015-01-15,DST states,9,16,12,22,5,65,73,2015,-52,-290,3
2015-01-15,AZ+HI,0,1,0,0,0,1,1,2015,-52,-290,3
2015-01-16,DST states,12,10,11,37,10,81,89,2015,-51,-289,4
2015-01-16,AZ+HI,0,0,1,1,0,2,2,2015,-51,-289,4
2015-01-17,DST states,20,12,10,26,13,81,84,2015,-50,-288,5
2015-01-17,AZ+HI,2,0,0,1,0,3,3,2015,-50,-288,5
2015-01-18,DST states,28,24,17,25,14,108,115,2015,-49,-287,6
2015-01-18,AZ+HI,0,0,0,0,0,0,0,2015,-49,-287,6
2015-01-19,DST states,10,13,17,22,7,69,72,2015,-48,-286,0
2015-01-19,AZ+HI,0,0,0,2,0,2,2,2015,-48,-286,0
2015-01-20,DST states,5,16,21,28,5,75,77,2015,-47,-285,1
2015-01-20,AZ+HI,0,0,1,0,0,1,1,2015,-47,-285,1
2015-01-21,DST states,7,10,13,27,6,63,67,2015,-46,-284,2
2015-01-21,AZ+HI,0,0,0,0,0,0,0,2015,-46,-284,2
2015-01-22,DST states,11,12,14,26,7,71,76,2015,-45,-283,3
2015-01-22,AZ+HI,0,0,0,1,0,1,1,2015,-45,-283,3
2015-01-23,DST states,8,20,16,29,11,84,91,2015,-44,-282,4
2015-01-23,AZ+HI,0,1,0,0,1,2,2,2015,-44,-282,4
2015-01-24,DST states,22,7,16,27,11,84,98,2015,-43,-281,5
2015-01-24,AZ+HI,2,0,1,1,1,5,5,2015,-43,-281,5
2015-01-25,DST states,24,10,10,15,9,68,77,2015,-42,-280,6
2015-01-25,AZ+HI,1,0,0,1,0,2,2,2015,-42,-280,6
2015-01-26,DST states,8,14,10,22,9,63,65,2015,-41,-279,0
2015-01-26,AZ+HI,1,0,0,1,0,2,2,2015,-41,-279,0
2015-01-27,DST states,5,8,18,14,13,58,60,2015,-40,-278,1
2015-01-27,AZ+HI,1,0,0,1,1,3,3,2015,-40,-278,1
2015-01-28,DST states,8,12,10,21,12,64,68,2015,-39,-277,2
2015-01-28,AZ+HI,0,0,1,0,0,1,1,2015,-39,-277,2
2015-01-29,DST states,6,17,14,20,8,65,68,2015,-38,-276,3
2015-01-29,AZ+HI,0,1,0,0,0,1,2,2015,-38,-276,3
2015-01-30,DST states,9,16,18,29,11,83,86,2015,-37,-275,4
2015-01-30,AZ+HI,0,2,1,0,0,3,6,2015,-37,-275,4
2015-01-31,DST states,29,10,14,22,15,90,100,2015,-36,-274,5
2015-01-31,AZ+HI,0,0,0,4,1,5,5,2015,-36,-274,5
2015-02-01,DST states,21,11,7,21,13,73,86,2015,-35,-273,6
2015-02-01,AZ+HI,0,0,0,1,0,1,1,2015,-35,-273,6
2015-02-02,DST states,11,9,16,17,10,63,72,2015,-34,-272,0
2015-02-02,AZ+HI,0,0,0,0,0,0,0,2015,-34,-272,0
2015-02-03,DST states,1,17,12,21,6,57,67,2015,-33,-271,1
2015-02-03,AZ+HI,0,0,1,1,0,3,3,2015,-33,-271,1
2015-02-04,DST states,8,14,17,28,5,72,79,2015,-32,-270,2
2015-02-04,AZ+HI,0,0,0,3,0,3,3,2015,-32,-270,2
2015-02-05,DST states,5,13,16,23,8,65,72,2015,-31,-269,3
2015-02-05,AZ+HI,0,2,0,2,1,5,9,2015,-31,-269,3
2015-02-06,DST states,10,15,20,25,10,80,91,2015,-30,-268,4
2015-02-06,AZ+HI,0,1,0,1,0,2,2,2015,-30,-268,4
2015-02-07,DST states,17,8,14,33,9,81,88,2015,-29,-267,5
2015-02-07,AZ+HI,0,1,0,2,1,4,4,2015,-29,-267,5
2015-02-08,DST states,27,8,20,30,7,93,103,2015,-28,-266,6
2015-02-08,AZ+HI,1,0,1,0,1,3,3,2015,-28,-266,6
2015-02-09,DST states,7,9,9,17,6,48,49,2015,-27,-265,0
2015-02-09,AZ+HI,0,0,1,0,0,1,1,2015,-27,-265,0
2015-02-10,DST states,5,12,17,28,10,72,77,2015,-26,-264,1
2015-02-10,AZ+HI,0,0,0,1,0,1,1,2015,-26,-264,1
2015-02-11,DST states,8,13,17,17,7,62,66,2015,-25,-263,2
2015-02-11,AZ+HI,0,0,0,1,0,1,1,2015,-25,-263,2
2015-02-12,DST states,6,14,17,25,4,66,75,2015,-24,-262,3
2015-02-12,AZ+HI,0,1,1,1,0,3,3,2015,-24,-262,3
2015-02-13,DST states,5,10,18,24,19,77,79,2015,-23,-261,4
2015-02-13,AZ+HI,1,0,0,1,0,3,3,2015,-23,-261,4
2015-02-14,DST states,21,10,21,26,15,95,108,2015,-22,-260,5
2015-02-14,AZ+HI,0,1,0,0,0,2,4,2015,-22,-260,5
2015-02-15,DST states,28,8,9,24,9,79,82,2015,-21,-259,6
2015-02-15,AZ+HI,1,1,0,2,1,5,5,2015,-21,-259,6
2015-02-16,DST states,11,16,9,20,8,64,66,2015,-20,-258,0
2015-02-16,AZ+HI,0,0,1,1,1,3,3,2015,-20,-258,0
2015-02-17,DST states,9,14,10,27,9,69,75,2015,-19,-257,1
2015-02-17,AZ+HI,0,1,0,0,0,1,1,2015,-19,-257,1
2015-02-18,DST states,6,12,18,19,6,61,63,2015,-18,-256,2
2015-02-18,AZ+HI,0,0,1,1,0,2,2,2015,-18,-256,2
2015-02-19,DST states,3,6,11,24,5,49,49,2015,-17,-255,3
2015-02-19,AZ+HI,0,0,0,2,0,2,2,2015,-17,-255,3
2015-02-20,DST states,8,16,17,20,12,75,81,2015,-16,-254,4
2015-02-20,AZ+HI,2,2,0,3,0,7,9,2015,-16,-254,4
2015-02-21,DST states,14,17,16,23,13,83,91,2015,-15,-253,5
2015-02-21,AZ+HI,0,0,0,1,0,1,1,2015,-15,-253,5
2015-02-22,DST states,24,12,13,26,8,83,90,2015,-14,-252,6
2015-02-22,AZ+HI,0,0,0,1,0,1,1,2015,-14,-252,6
2015-02-23,DST states,10,13,9,17,6,56,62,2015,-13,-251,0
2015-02-23,AZ+HI,0,1,1,1,0,3,3,2015,-13,-251,0
2015-02-24,DST states,2,10,13,20,7,52,54,2015,-12,-250,1
2015-02-24,AZ+HI,1,1,1,0,0,3,3,2015,-12,-250,1
2015-02-25,DST states,3,8,13,20,4,48,53,2015,-11,-249,2
2015-02-25,AZ+HI,0,1,0,0,0,1,1,2015,-11,-249,2
2015-02-26,DST states,11,9,8,17,7,52,60,2015,-10,-248,3
2015-02-26,AZ+HI,0,1,0,0,0,1,1,2015,-10,-248,3
2015-02-27,DST states,11,11,8,20,11,61,68,2015,-9,-247,4
2015-02-27,AZ+HI,0,1,0,1,0,2,2,2015,-9,-247,4
2015-02-28,DST states,27,11,9,23,10,81,88,2015,-8,-246,5
2015-02-28,AZ+HI,1,0,0,1,0,2,2,2015,-8,-246,5
2015-03-01,DST states,24,11,10,19,9,73,86,2015,-7,-245,6
2015-03-01,AZ+HI,0,1,1,0,1,3,3,2015,-7,-245,6
2015-03-02,DST states,4,16,13,23,9,65,73,2015,-6,-244,0
2015-03-02,AZ+HI,0,0,0,1,0,1,1,2015,-6,-244,0
2015-03-03,DST states,6,14,22,22,2,67,72,2015,-5,-243,1
2015-03-03,AZ+HI,0,0,2,1,0,3,3,2015,-5,-243,1
2015-03-04,DST states,11,11,21,25,5,73,79,2015,-4,-242,2
2015-03-04,AZ+HI,0,1,0,1,1,3,3,2015,-4,-242,2
2015-03-05,DST states,14,9,16,22,3,65,72,2015,-3,-241,3
2015-03-05,AZ+HI,0,2,0,1,1,4,5,2015,-3,-241,3
2015-03-06,DST states,8,8,14,38,18,88,103,2015,-2,-240,4
2015-03-06,AZ+HI,1,0,1,1,1,4,4,2015,-2,-240,4
2015-03-07,DST states,28,10,18,25,11,94,102,2015,-1,-239,5
2015-03-07,AZ+HI,0,1,0,0,0,1,2,2015,-1,-239,5
2015-03-08,DST states,26,14,10,22,5,79,86,2015,0,-238,6
2015-03-08,AZ+HI,0,0,0,0,0,0,0,2015,0,-238,6
2015-03-09,DST states,9,19,14,31,9,82,90,2015,1,-237,0
2015-03-09,AZ+HI,0,1,0,3,0,4,4,2015,1,-237,0
2015-03-10,DST states,5,16,12,17,10,61,68,2015,2,-236,1
2015-03-10,AZ+HI,1,0,0,0,0,1,1,2015,2,-236,1
2015-03-11,DST states,8,16,13,23,8,68,72,2015,3,-235,2
2015-03-11,AZ+HI,1,1,2,1,0,6,6,2015,3,-235,2
2015-03-12,DST states,7,14,13,17,10,61,62,2015,4,-234,3
2015-03-12,AZ+HI,0,2,0,1,0,3,3,2015,4,-234,3
2015-03-13,DST states,17,21,18,25,13,94,99,2015,5,-233,4
2015-03-13,AZ+HI,0,0,0,1,0,1,1,2015,5,-233,4
2015-03-14,DST states,17,10,18,27,20,92,100,2015,6,-232,5
2015-03-14,AZ+HI,1,1,0,3,0,5,5,2015,6,-232,5
2015-03-15,DST states,19,14,19,36,5,94,105,2015,7,-231,6
2015-03-15,AZ+HI,0,0,1,2,2,5,7,2015,7,-231,6
2015-03-16,DST states,9,25,14,19,13,81,88,2015,8,-230,0
2015-03-16,AZ+HI,0,1,1,1,2,5,5,2015,8,-230,0
2015-03-17,DST states,10,12,20,23,7,72,81,2015,9,-229,1
2015-03-17,AZ+HI,1,0,0,2,0,3,3,2015,9,-229,1
2015-03-18,DST states,10,16,15,18,8,67,70,2015,10,-228,2
2015-03-18,AZ+HI,1,0,0,1,0,2,2,2015,10,-228,2
2015-03-19,DST states,9,7,13,16,13,58,65,2015,11,-227,3
2015-03-19,AZ+HI,1,0,1,0,0,2,2,2015,11,-227,3
2015-03-20,DST states,12,15,14,19,16,76,92,2015,12,-226,4
2015-03-20,AZ+HI,0,0,0,2,1,3,3,2015,12,-226,4
2015-03-21,DST states,19,13,18,30,9,89,104,2015,13,-225,5
2015-03-21,AZ+HI,0,0,1,0,0,1,1,2015,13,-225,5
2015-03-22,DST states,23,4,16,27,9,79,84,2015,14,-224,6
2015-03-22,AZ+HI,0,0,1,3,0,4,4,2015,14,-224,6
2015-03-23,DST states,11,7,13,23,10,64,69,2015,15,-223,0
2015-03-23,AZ+HI,0,0,0,1,0,1,1,2015,15,-223,0
2015-03-24,DST states,5,11,17,21,9,64,66,2015,16,-222,1
2015-03-24,AZ+HI,1,1,0,0,0,2,2,2015,16,-222,1
2015-03-25,DST states,3,14,25,25,7,74,81,2015,17,-221,2
2015-03-25,AZ+HI,0,0,0,0,0,0,0,2015,17,-221,2
2015-03-26,DST states,8,17,14,20,8,68,72,2015,18,-220,3
2015-03-26,AZ+HI,0,0,0,1,3,4,4,2015,18,-220,3
2015-03-27,DST states,9,8,11,25,16,69,71,2015,19,-219,4
2015-03-27,AZ+HI,1,1,1,0,0,3,3,2015,19,-219,4
2015-03-28,DST states,19,14,12,24,10,80,88,2015,20,-218,5
2015-03-28,AZ+HI,1,0,2,0,0,3,4,2015,20,-218,5
2015-03-29,DST states,24,9,7,26,14,81,85,2015,21,-217,6
2015-03-29,AZ+HI,1,2,1,1,0,5,5,2015,21,-217,6
2015-03-30,DST states,13,10,9,20,7,59,68,2015,22,-216,0
2015-03-30,AZ+HI,0,0,1,1,0,2,2,2015,22,-216,0
2015-03-31,DST states,6,16,14,28,14,78,81,2015,23,-215,1
2015-03-31,AZ+HI,0,0,1,1,0,2,2,2015,23,-215,1
2015-04-01,DST states,11,11,16,27,15,80,83,2015,24,-214,2
2015-04-01,AZ+HI,0,1,1,1,0,3,3,2015,24,-214,2
2015-04-02,DST states,7,13,11,18,13,64,68,2015,25,-213,3
2015-04-02,AZ+HI,0,0,1,0,0,1,1,2015,25,-213,3
2015-04-03,DST states,17,6,20,32,14,90,102,2015,26,-212,4
2015-04-03,AZ+HI,0,0,1,0,0,1,3,2015,26,-212,4
2015-04-04,DST states,19,8,20,34,17,100,110,2015,27,-211,5
2015-04-04,AZ+HI,1,0,0,0,0,1,1,2015,27,-211,5
2015-04-05,DST states,26,7,24,21,14,92,104,2015,28,-210,6
2015-04-05,AZ+HI,0,0,3,1,0,4,4,2015,28,-210,6
2015-04-06,DST states,5,9,20,30,10,74,87,2015,29,-209,0
2015-04-06,AZ+HI,0,0,0,0,0,0,0,2015,29,-209,0
2015-04-07,DST states,8,8,11,17,9,55,58,2015,30,-208,1
2015-04-07,AZ+HI,0,1,1,2,0,4,4,2015,30,-208,1
2015-04-08,DST states,10,10,16,24,9,69,79,2015,31,-207,2
2015-04-08,AZ+HI,0,0,0,0,0,0,0,2015,31,-207,2
2015-04-09,DST states,9,9,11,19,10,58,64,2015,32,-206,3
2015-04-09,AZ+HI,0,1,0,1,0,2,2,2015,32,-206,3
2015-04-10,DST states,10,13,14,23,12,72,75,2015,33,-205,4
2015-04-10,AZ+HI,0,0,2,0,0,2,2,2015,33,-205,4
2015-04-11,DST states,22,14,15,31,27,110,114,2015,34,-204,5
2015-04-11,AZ+HI,0,1,1,1,2,5,6,2015,34,-204,5
2015-04-12,DST states,29,12,24,34,16,115,128,2015,35,-203,6
2015-04-12,AZ+HI,0,0,1,2,1,4,4,2015,35,-203,6
2015-04-13,DST states,7,11,15,25,7,66,71,2015,36,-202,0
2015-04-13,AZ+HI,0,0,0,0,0,0,0,2015,36,-202,0
2015-04-14,DST states,7,12,18,21,11,69,75,2015,37,-201,1
2015-04-14,AZ+HI,0,0,0,0,0,0,0,2015,37,-201,1
2015-04-15,DST states,5,7,19,25,16,72,78,2015,38,-200,2
2015-04-15,AZ+HI,1,0,1,1,0,4,5,2015,38,-200,2
2015-04-16,DST states,8,14,17,32,8,80,84,2015,39,-199,3
2015-04-16,AZ+HI,0,0,1,2,0,3,3,2015,39,-199,3
2015-04-17,DST states,11,16,10,38,18,93,101,2015,40,-198,4
2015-04-17,AZ+HI,0,0,0,0,0,0,0,2015,40,-198,4
2015-04-18,DST states,18,10,20,44,24,117,131,2015,41,-197,5
2015-04-18,AZ+HI,0,1,0,1,1,3,3,2015,41,-197,5
2015-04-19,DST states,20,12,15,28,7,83,87,2015,42,-196,6
2015-04-19,AZ+HI,0,1,0,1,1,3,3,2015,42,-196,6
2015-04-20,DST states,11,8,10,22,10,62,68,2015,43,-195,0
2015-04-20,AZ+HI,1,1,0,0,0,2,2,2015,43,-195,0
2015-04-21,DST states,6,14,9,17,8,54,59,2015,44,-194,1
2015-04-21,AZ+HI,0,0,1,0,1,2,3,2015,44,-194,1
2015-04-22,DST states,7,17,15,30,12,81,92,2015,45,-193,2
2015-04-22,AZ+HI,0,1,0,0,0,2,2,2015,45,-193,2
2015-04-23,DST states,11,15,16,14,9,65,70,2015,46,-192,3
2015-04-23,AZ+HI,0,0,3,0,0,3,3,2015,46,-192,3
2015-04-24,DST states,12,9,17,35,11,85,88,2015,47,-191,4
2015-04-24,AZ+HI,1,0,0,2,0,3,3,2015,47,-191,4
2015-04-25,DST states,29,13,12,21,15,90,98,2015,48,-190,5
2015-04-25,AZ+HI,2,1,0,1,0,4,4,2015,48,-190,5
2015-04-26,DST states,25,6,17,31,16,97,105,2015,49,-189,6
2015-04-26,AZ+HI,0,0,1,0,0,1,1,2015,49,-189,6
2015-04-27,DST states,9,13,21,17,8,68,76,2015,50,-188,0
2015-04-27,AZ+HI,0,0,0,0,0,0,0,2015,50,-188,0
2015-04-28,DST states,11,14,13,24,13,75,84,2015,51,-187,1
2015-04-28,AZ+HI,1,0,0,0,1,2,2,2015,51,-187,1
2015-04-29,DST states,7,7,13,28,15,70,70,2015,52,-186,2
2015-04-29,AZ+HI,0,0,0,1,0,1,1,2015,52,-186,2
2015-04-30,DST states,7,9,16,25,13,71,76,2015,53,-185,3
2015-04-30,AZ+HI,0,0,0,1,1,2,2,2015,53,-185,3
2015-05-01,DST states,17,14,20,30,13,94,104,2015,54,-184,4
2015-05-01,AZ+HI,0,2,1,2,0,5,5,2015,54,-184,4
2015-05-02,DST states,21,20,15,43,18,120,135,2015,55,-183,5
2015-05-02,AZ+HI,0,1,0,1,0,2,2,2015,55,-183,5
2015-05-03,DST states,40,16,27,45,14,142,157,2015,56,-182,6
2015-05-03,AZ+HI,0,0,0,1,1,2,3,2015,56,-182,6
2015-05-04,DST states,9,12,20,31,10,85,92,2015,57,-181,0
2015-05-04,AZ+HI,0,0,0,1,0,1,1,2015,57,-181,0
2015-05-05,DST states,15,20,16,23,6,80,85,2015,58,-180,1
2015-05-05,AZ+HI,0,0,0,0,0,0,0,2015,58,-180,1
2015-05-06,DST states,9,12,10,25,17,73,78,2015,59,-179,2
2015-05-06,AZ+HI,1,0,0,1,1,3,3,2015,59,-179,2
2015-05-07,DST states,9,17,18,31,10,85,92,2015,60,-178,3
2015-05-07,AZ+HI,0,0,0,0,1,1,1,2015,60,-178,3
2015-05-08,DST states,13,11,20,41,9,94,108,2015,61,-177,4
2015-05-08,AZ+HI,0,1,2,1,0,4,4,2015,61,-177,4
2015-05-09,DST states,30,13,26,35,18,123,127,2015,62,-176,5
2015-05-09,AZ+HI,0,0,1,2,1,4,5,2015,62,-176,5
2015-05-10,DST states,27,13,20,36,19,116,124,2015,63,-175,6
2015-05-10,AZ+HI,1,0,0,0,0,1,1,2015,63,-175,6
2015-05-11,DST states,10,18,24,24,10,86,93,2015,64,-174,0
2015-05-11,AZ+HI,1,0,0,0,0,1,1,2015,64,-174,0
2015-05-12,DST states,6,24,13,20,12,75,86,2015,65,-173,1
2015-05-12,AZ+HI,0,0,1,0,0,1,1,2015,65,-173,1
2015-05-13,DST states,7,10,19,19,16,72,82,2015,66,-172,2
2015-05-13,AZ+HI,2,2,1,1,1,7,7,2015,66,-172,2
2015-05-14,DST states,11,13,20,30,7,82,89,2015,67,-171,3
2015-05-14,AZ+HI,1,1,1,2,1,6,7,2015,67,-171,3
2015-05-15,DST states,7,10,22,21,8,68,69,2015,68,-170,4
2015-05-15,AZ+HI,1,1,0,1,2,5,5,2015,68,-170,4
2015-05-16,DST states,26,13,13,31,11,95,110,2015,69,-169,5
2015-05-16,AZ+HI,1,1,1,0,0,3,4,2015,69,-169,5
2015-05-17,DST states,23,13,17,23,17,93,106,2015,70,-168,6
2015-05-17,AZ+HI,0,1,1,1,0,3,4,2015,70,-168,6
2015-05-18,DST states,12,14,23,23,13,86,90,2015,71,-167,0
2015-05-18,AZ+HI,0,0,2,0,1,3,4,2015,71,-167,0
2015-05-19,DST states,4,15,14,14,14,62,71,2015,72,-166,1
2015-05-19,AZ+HI,0,0,0,1,0,1,1,2015,72,-166,1
2015-05-20,DST states,14,12,12,24,13,76,83,2015,73,-165,2
2015-05-20,AZ+HI,0,0,0,0,0,0,0,2015,73,-165,2
2015-05-21,DST states,17,7,17,26,16,83,91,2015,74,-164,3
2015-05-21,AZ+HI,0,0,1,1,2,4,4,2015,74,-164,3
2015-05-22,DST states,10,9,19,21,21,80,88,2015,75,-163,4
2015-05-22,AZ+HI,1,0,2,1,0,4,4,2015,75,-163,4
2015-05-23,DST states,32,13,14,45,23,127,145,2015,76,-162,5
2015-05-23,AZ+HI,1,2,1,0,0,4,4,2015,76,-162,5
2015-05-24,DST states,26,13,19,43,11,113,127,2015,77,-161,6
2015-05-24,AZ+HI,2,0,1,1,1,5,6,2015,77,-161,6
2015-05-25,DST states,16,15,15,31,13,90,95,2015,78,-160,0
2015-05-25,AZ+HI,0,0,0,0,0,0,0,2015,78,-160,0
2015-05-26,DST states,11,9,13,18,8,59,62,2015,79,-159,1
2015-05-26,AZ+HI,1,1,2,0,0,4,4,2015,79,-159,1
2015-05-27,DST states,12,18,18,27,16,91,93,2015,80,-158,2
2015-05-27,AZ+HI,0,0,0,0,0,0,0,2015,80,-158,2
2015-05-28,DST states,10,13,12,23,17,76,80,2015,81,-157,3
2015-05-28,AZ+HI,0,1,1,1,0,3,4,2015,81,-157,3
2015-05-29,DST states,16,13,11,33,12,86,94,2015,82,-156,4
2015-05-29,AZ+HI,0,0,0,1,2,3,3,2015,82,-156,4
2015-05-30,DST states,20,12,20,20,19,91,97,2015,83,-155,5
2015-05-30,AZ+HI,1,0,0,0,1,2,2,2015,83,-155,5
2015-05-31,DST states,17,13,12,27,11,81,89,2015,84,-154,6
2015-05-31,AZ+HI,1,1,0,1,0,3,4,2015,84,-154,6
2015-06-01,DST states,15,12,12,19,9,67,72,2015,85,-153,0
2015-06-01,AZ+HI,0,0,0,2,1,3,3,2015,85,-153,0
2015-06-02,DST states,8,3,9,28,10,59,60,2015,86,-152,1
2015-06-02,AZ+HI,1,0,1,0,1,3,3,2015,86,-152,1
2015-06-03,DST states,8,17,21,24,12,82,90,2015,87,-151,2
2015-06-03,AZ+HI,0,1,0,0,0,1,1,2015,87,-151,2
2015-06-04,DST states,9,17,25,30,13,94,103,2015,88,-150,3
2015-06-04,AZ+HI,4,0,1,1,1,7,7,2015,88,-150,3
2015-06-05,DST states,15,12,20,22,12,82,89,2015,89,-149,4
2015-06-05,AZ+HI,0,0,0,0,0,0,0,2015,89,-149,4
2015-06-06,DST states,21,18,27,36,23,125,132,2015,90,-148,5
2015-06-06,AZ+HI,2,0,0,3,0,5,5,2015,90,-148,5
2015-06-07,DST states,27,17,25,39,20,129,139,2015,91,-147,6
2015-06-07,AZ+HI,1,0,1,4,0,6,8,2015,91,-147,6
2015-06-08,DST states,11,16,17,17,11,74,82,2015,92,-146,0
2015-06-08,AZ+HI,1,2,1,0,1,5,5,2015,92,-146,0
2015-06-09,DST states,3,12,23,21,9,69,71,2015,93,-145,1
2015-06-09,AZ+HI,1,0,1,2,0,4,4,2015,93,-145,1
2015-06-10,DST states,9,11,27,26,9,82,96,2015,94,-144,2
2015-06-10,AZ+HI,0,0,1,0,0,1,1,2015,94,-144,2
2015-06-11,DST states,10,15,22,25,12,85,93,2015,95,-143,3
2015-06-11,AZ+HI,0,0,1,0,0,1,1,2015,95,-143,3
2015-06-12,DST states,15,11,13,34,25,99,102,2015,96,-142,4
2015-06-12,AZ+HI,2,0,0,0,3,5,5,2015,96,-142,4
2015-06-13,DST states,34,8,16,26,22,108,116,2015,97,-141,5
2015-06-13,AZ+HI,0,2,0,0,0,2,3,2015,97,-141,5
2015-06-14,DST states,32,9,20,36,14,112,118,2015,98,-140,6
2015-06-14,AZ+HI,0,0,0,0,1,1,1,2015,98,-140,6
2015-06-15,DST states,13,13,30,20,17,96,101,2015,99,-139,0
2015-06-15,AZ+HI,0,0,0,0,0,0,0,2015,99,-139,0
2015-06-16,DST states,6,11,14,27,11,71,79,2015,100,-138,1
2015-06-16,AZ+HI,0,0,0,2,0,2,2,2015,100,-138,1
2015-06-17,DST states,6,13,15,22,10,67,75,2015,101,-137,2
2015-06-17,AZ+HI,1,1,0,0,0,2,2,2015,101,-137,2
2015-06-18,DST states,10,21,18,24,18,93,96,2015,102,-136,3
2015-06-18,AZ+HI,0,0,2,1,0,3,3,2015,102,-136,3
2015-06-19,DST states,17,8,17,20,19,82,91,2015,103,-135,4
2015-06-19,AZ+HI,0,2,2,2,1,7,7,2015,103,-135,4
2015-06-20,DST states,23,16,23,34,29,126,143,2015,104,-134,5
2015-06-20,AZ+HI,0,1,0,1,1,3,5,2015,104,-134,5
2015-06-21,DST states,31,14,13,37,16,112,123,2015,105,-133,6
2015-06-21,AZ+HI,1,0,0,0,0,1,1,2015,105,-133,6
2015-06-22,DST states,8,10,15,23,9,65,74,2015,106,-132,0
2015-06-22,AZ+HI,0,1,0,1,1,3,3,2015,106,-132,0
2015-06-23,DST states,6,13,14,18,9,60,64,2015,107,-131,1
2015-06-23,AZ+HI,0,0,1,0,0,1,1,2015,107,-131,1
2015-06-24,DST states,12,17,20,29,17,95,107,2015,108,-130,2
2015-06-24,AZ+HI,0,2,0,1,0,3,3,2015,108,-130,2
2015-06-25,DST states,13,15,18,36,15,97,111,2015,109,-129,3
2015-06-25,AZ+HI,0,0,1,0,1,2,2,2015,109,-129,3
2015-06-26,DST states,18,11,23,32,29,113,121,2015,110,-128,4
2015-06-26,AZ+HI,0,0,0,1,1,2,2,2015,110,-128,4
2015-06-27,DST states,30,14,22,40,25,132,144,2015,111,-127,5
2015-06-27,AZ+HI,0,1,1,1,2,5,7,2015,111,-127,5
2015-06-28,DST states,32,11,13,16,17,90,101,2015,112,-126,6
2015-06-28,AZ+HI,0,0,1,1,0,2,3,2015,112,-126,6
2015-06-29,DST states,10,13,14,22,16,75,79,2015,113,-125,0
2015-06-29,AZ+HI,0,0,1,1,0,2,2,2015,113,-125,0
2015-06-30,DST states,6,12,13,20,10,63,69,2015,114,-124,1
2015-06-30,AZ+HI,1,1,1,1,0,4,4,2015,114,-124,1
2015-07-01,DST states,8,11,19,30,13,83,90,2015,115,-123,2
2015-07-01,AZ+HI,0,1,0,0,1,2,3,2015,115,-123,2
2015-07-02,DST states,10,18,27,24,19,98,101,2015,116,-122,3
2015-07-02,AZ+HI,1,0,1,1,0,3,3,2015,116,-122,3
2015-07-03,DST states,17,10,21,25,23,96,100,2015,117,-121,4
2015-07-03,AZ+HI,0,1,2,0,0,3,3,2015,117,-121,4
2015-07-04,DST states,30,12,15,41,26,125,141,2015,118,-120,5
2015-07-04,AZ+HI,1,1,0,0,2,4,4,2015,118,-120,5
2015-07-05,DST states,29,17,20,23,16,106,114,2015,119,-119,6
2015-07-05,AZ+HI,2,2,0,0,0,4,4,2015,119,-119,6
2015-07-06,DST states,7,13,17,23,9,69,75,2015,120,-118,0
2015-07-06,AZ+HI,0,0,0,2,0,2,3,2015,120,-118,0
2015-07-07,DST states,10,12,15,34,14,86,91,2015,121,-117,1
2015-07-07,AZ+HI,1,2,0,0,0,3,3,2015,121,-117,1
2015-07-08,DST states,10,16,14,32,10,82,90,2015,122,-116,2
2015-07-08,AZ+HI,0,0,1,1,0,2,2,2015,122,-116,2
2015-07-09,DST states,8,10,23,22,22,86,92,2015,123,-115,3
2015-07-09,AZ+HI,0,0,0,1,0,1,1,2015,123,-115,3
2015-07-10,DST states,10,13,21,34,21,100,114,2015,124,-114,4
2015-07-10,AZ+HI,0,0,1,2,0,3,3,2015,124,-114,4
2015-07-11,DST states,29,13,28,29,17,118,132,2015,125,-113,5
2015-07-11,AZ+HI,0,3,1,0,0,5,5,2015,125,-113,5
2015-07-12,DST states,32,12,13,39,13,110,125,2015,126,-112,6
2015-07-12,AZ+HI,0,0,0,2,0,2,4,2015,126,-112,6
2015-07-13,DST states,13,17,13,25,18,87,96,2015,127,-111,0
2015-07-13,AZ+HI,0,1,1,1,0,3,3,2015,127,-111,0
2015-07-14,DST states,8,5,19,40,16,88,96,2015,128,-110,1
2015-07-14,AZ+HI,0,0,1,0,0,1,1,2015,128,-110,1
2015-07-15,DST states,10,12,13,20,9,64,70,2015,129,-109,2
2015-07-15,AZ+HI,1,0,0,0,0,1,1,2015,129,-109,2
2015-07-16,DST states,12,15,19,25,18,89,93,2015,130,-108,3
2015-07-16,AZ+HI,0,1,0,1,0,2,2,2015,130,-108,3
2015-07-17,DST states,9,19,33,33,23,117,122,2015,131,-107,4
2015-07-17,AZ+HI,0,1,0,0,0,1,1,2015,131,-107,4
2015-07-18,DST states,28,12,20,33,20,116,128,2015,132,-106,5
2015-07-18,AZ+HI,0,0,0,0,0,0,0,2015,132,-106,5
2015-07-19,DST states,26,8,22,31,18,105,113,2015,133,-105,6
2015-07-19,AZ+HI,0,0,0,0,0,0,0,2015,133,-105,6
2015-07-20,DST states,6,6,19,18,12,61,67,2015,134,-104,0
2015-07-20,AZ+HI,0,0,1,0,1,2,2,2015,134,-104,0
2015-07-21,DST states,9,11,18,34,12,84,89,2015,135,-103,1
2015-07-21,AZ+HI,0,1,0,0,0,1,1,2015,135,-103,1
2015-07-22,DST states,6,16,22,26,11,83,95,2015,136,-102,2
2015-07-22,AZ+HI,0,1,0,2,0,3,3,2015,136,-102,2
2015-07-23,DST states,12,12,25,28,11,88,98,2015,137,-101,3
2015-07-23,AZ+HI,1,0,0,0,1,2,2,2015,137,-101,3
2015-07-24,DST states,12,24,24,25,18,104,109,2015,138,-100,4
2015-07-24,AZ+HI,0,2,0,0,1,3,3,2015,138,-100,4
2015-07-25,DST states,29,19,27,34,20,131,144,2015,139,-99,5
2015-07-25,AZ+HI,1,1,1,0,1,5,6,2015,139,-99,5
2015-07-26,DST states,37,9,24,39,16,127,137,2015,140,-98,6
2015-07-26,AZ+HI,0,1,0,3,1,5,7,2015,140,-98,6
2015-07-27,DST states,6,8,25,29,7,75,89,2015,141,-97,0
2015-07-27,AZ+HI,1,1,0,0,0,2,5,2015,141,-97,0
2015-07-28,DST states,13,16,18,25,9,82,88,2015,142,-96,1
2015-07-28,AZ+HI,0,0,0,1,2,3,3,2015,142,-96,1
2015-07-29,DST states,13,10,18,20,15,76,83,2015,143,-95,2
2015-07-29,AZ+HI,0,0,1,1,0,2,2,2015,143,-95,2
2015-07-30,DST states,11,19,15,28,16,90,96,2015,144,-94,3
2015-07-30,AZ+HI,0,0,0,1,2,3,3,2015,144,-94,3
2015-07-31,DST states,15,20,23,38,24,121,126,2015,145,-93,4
2015-07-31,AZ+HI,1,0,0,0,0,1,1,2015,145,-93,4
2015-08-01,DST states,29,9,32,29,14,114,131,2015,146,-92,5
2015-08-01,AZ+HI,1,1,1,0,1,4,6,2015,146,-92,5
2015-08-02,DST states,40,17,24,40,17,138,145,2015,147,-91,6
2015-08-02,AZ+HI,0,1,0,0,0,1,1,2015,147,-91,6
2015-08-03,DST states,11,14,14,26,7,72,78,2015,148,-90,0
2015-08-03,AZ+HI,1,0,0,1,4,6,6,2015,148,-90,0
2015-08-04,DST states,8,16,24,29,13,90,101,2015,149,-89,1
2015-08-04,AZ+HI,0,0,0,1,0,1,1,2015,149,-89,1
2015-08-05,DST states,12,12,21,22,7,74,81,2015,150,-88,2
2015-08-05,AZ+HI,0,1,0,1,0,2,2,2015,150,-88,2
2015-08-06,DST states,13,17,16,24,18,88,95,2015,151,-87,3
2015-08-06,AZ+HI,0,1,1,1,0,3,3,2015,151,-87,3
2015-08-07,DST states,19,16,27,32,26,121,138,2015,152,-86,4
2015-08-07,AZ+HI,0,0,0,2,1,3,4,2015,152,-86,4
2015-08-08,DST states,28,13,20,29,22,114,127,2015,153,-85,5
2015-08-08,AZ+HI,0,1,1,0,0,2,2,2015,153,-85,5
2015-08-09,DST states,37,10,20,35,18,120,130,2015,154,-84,6
2015-08-09,AZ+HI,0,0,0,0,0,0,0,2015,154,-84,6
2015-08-10,DST states,12,15,19,26,9,82,88,2015,155,-83,0
2015-08-10,AZ+HI,0,0,1,1,0,2,3,2015,155,-83,0
2015-08-11,DST states,10,16,17,25,11,80,84,2015,156,-82,1
2015-08-11,AZ+HI,0,0,2,1,0,3,3,2015,156,-82,1
2015-08-12,DST states,6,17,25,24,13,85,93,2015,157,-81,2
2015-08-12,AZ+HI,1,0,0,0,1,2,2,2015,157,-81,2
2015-08-13,DST states,15,17,12,26,10,82,91,2015,158,-80,3
2015-08-13,AZ+HI,1,0,2,0,0,3,7,2015,158,-80,3
2015-08-14,DST states,16,15,20,36,21,108,119,2015,159,-79,4
2015-08-14,AZ+HI,0,0,0,1,0,1,1,2015,159,-79,4
2015-08-15,DST states,29,11,33,37,23,136,155,2015,160,-78,5
2015-08-15,AZ+HI,3,0,0,1,0,4,5,2015,160,-78,5
2015-08-16,DST states,41,15,18,38,17,129,140,2015,161,-77,6
2015-08-16,AZ+HI,2,0,0,1,0,3,4,2015,161,-77,6
2015-08-17,DST states,15,13,12,31,12,83,89,2015,162,-76,0
2015-08-17,AZ+HI,0,2,0,0,0,2,2,2015,162,-76,0
2015-08-18,DST states,8,17,19,34,2,80,88,2015,163,-75,1
2015-08-18,AZ+HI,0,0,0,1,0,1,1,2015,163,-75,1
2015-08-19,DST states,15,25,15,25,16,97,107,2015,164,-74,2
2015-08-19,AZ+HI,0,0,1,0,0,1,1,2015,164,-74,2
2015-08-20,DST states,9,12,17,23,13,74,85,2015,165,-73,3
2015-08-20,AZ+HI,0,1,0,2,1,4,4,2015,165,-73,3
2015-08-21,DST states,14,16,11,30,19,90,97,2015,166,-72,4
2015-08-21,AZ+HI,0,3,0,2,0,5,5,2015,166,-72,4
2015-08-22,DST states,25,14,15,31,18,104,117,2015,167,-71,5
2015-08-22,AZ+HI,2,0,0,2,0,4,4,2015,167,-71,5
2015-08-23,DST states,33,11,15,38,14,112,126,2015,168,-70,6
2015-08-23,AZ+HI,0,2,0,1,0,3,3,2015,168,-70,6
2015-08-24,DST states,3,15,19,26,7,70,74,2015,169,-69,0
2015-08-24,AZ+HI,0,1,0,0,0,1,1,2015,169,-69,0
2015-08-25,DST states,4,18,16,33,12,83,89,2015,170,-68,1
2015-08-25,AZ+HI,0,1,0,0,0,1,1,2015,170,-68,1
2015-08-26,DST states,13,11,12,21,7,64,69,2015,171,-67,2
2015-08-26,AZ+HI,0,0,1,0,0,1,1,2015,171,-67,2
2015-08-27,DST states,14,12,19,34,16,95,105,2015,172,-66,3
2015-08-27,AZ+HI,0,0,1,0,0,1,1,2015,172,-66,3
2015-08-28,DST states,15,17,12,30,19,93,101,2015,173,-65,4
2015-08-28,AZ+HI,0,0,0,0,0,0,0,2015,173,-65,4
2015-08-29,DST states,25,16,16,35,22,115,126,2015,174,-64,5
2015-08-29,AZ+HI,3,0,1,0,0,4,4,2015,174,-64,5
2015-08-30,DST states,34,7,20,35,11,107,122,2015,175,-63,6
2015-08-30,AZ+HI,1,0,0,1,0,2,2,2015,175,-63,6
2015-08-31,DST states,6,19,17,25,11,78,82,2015,176,-62,0
2015-08-31,AZ+HI,0,0,1,0,0,1,1,2015,176,-62,0
2015-09-01,DST states,4,16,15,34,12,81,89,2015,177,-61,1
2015-09-01,AZ+HI,0,0,0,0,0,1,1,2015,177,-61,1
2015-09-02,DST states,8,17,13,33,14,87,91,2015,178,-60,2
2015-09-02,AZ+HI,0,0,0,2,0,2,3,2015,178,-60,2
2015-09-03,DST states,11,19,23,22,15,90,97,2015,179,-59,3
2015-09-03,AZ+HI,0,1,0,0,0,1,1,2015,179,-59,3
2015-09-04,DST states,13,12,17,41,16,100,108,2015,180,-58,4
2015-09-04,AZ+HI,1,0,1,1,0,3,3,2015,180,-58,4
2015-09-05,DST states,32,16,26,43,18,137,155,2015,181,-57,5
2015-09-05,AZ+HI,0,1,1,0,1,3,3,2015,181,-57,5
2015-09-06,DST states,29,13,20,36,22,121,141,2015,182,-56,6
2015-09-06,AZ+HI,0,0,2,0,2,5,5,2015,182,-56,6
2015-09-07,DST states,20,13,20,31,9,93,105,2015,183,-55,0
2015-09-07,AZ+HI,0,0,0,1,0,1,1,2015,183,-55,0
2015-09-08,DST states,3,23,15,28,9,78,91,2015,184,-54,1
2015-09-08,AZ+HI,0,1,0,0,0,1,1,2015,184,-54,1
2015-09-09,DST states,9,19,15,20,10,74,80,2015,185,-53,2
2015-09-09,AZ+HI,1,0,0,2,1,4,5,2015,185,-53,2
2015-09-10,DST states,11,17,18,31,10,87,92,2015,186,-52,3
2015-09-10,AZ+HI,0,1,0,0,0,1,1,2015,186,-52,3
2015-09-11,DST states,13,15,14,29,19,91,94,2015,187,-51,4
2015-09-11,AZ+HI,0,0,0,0,0,0,0,2015,187,-51,4
2015-09-12,DST states,22,12,21,34,16,106,119,2015,188,-50,5
2015-09-12,AZ+HI,0,0,1,1,2,4,4,2015,188,-50,5
2015-09-13,DST states,26,14,22,25,14,101,108,2015,189,-49,6
2015-09-13,AZ+HI,0,0,0,2,0,2,2,2015,189,-49,6
2015-09-14,DST states,9,24,13,26,7,79,81,2015,190,-48,0
2015-09-14,AZ+HI,0,0,0,0,0,0,0,2015,190,-48,0
2015-09-15,DST states,6,13,21,29,7,76,80,2015,191,-47,1
2015-09-15,AZ+HI,0,0,1,2,0,3,3,2015,191,-47,1
2015-09-16,DST states,6,18,20,47,14,106,112,2015,192,-46,2
2015-09-16,AZ+HI,0,1,1,0,2,4,4,2015,192,-46,2
2015-09-17,DST states,8,11,17,36,14,88,92,2015,193,-45,3
2015-09-17,AZ+HI,0,0,0,0,1,1,1,2015,193,-45,3
2015-09-18,DST states,17,14,16,45,17,109,118,2015,194,-44,4
2015-09-18,AZ+HI,0,1,0,1,0,2,2,2015,194,-44,4
2015-09-19,DST states,27,9,26,41,19,123,133,2015,195,-43,5
2015-09-19,AZ+HI,0,0,1,2,0,3,3,2015,195,-43,5
2015-09-20,DST states,27,16,15,33,14,106,121,2015,196,-42,6
2015-09-20,AZ+HI,0,0,1,0,0,1,1,2015,196,-42,6
2015-09-21,DST states,13,15,11,30,12,81,86,2015,197,-41,0
2015-09-21,AZ+HI,0,1,0,4,1,6,10,2015,197,-41,0
2015-09-22,DST states,9,25,12,23,11,80,87,2015,198,-40,1
2015-09-22,AZ+HI,0,1,0,1,1,3,3,2015,198,-40,1
2015-09-23,DST states,6,18,14,32,15,85,90,2015,199,-39,2
2015-09-23,AZ+HI,0,0,1,0,0,1,1,2015,199,-39,2
2015-09-24,DST states,9,17,21,33,14,95,111,2015,200,-38,3
2015-09-24,AZ+HI,1,0,0,1,0,2,2,2015,200,-38,3
2015-09-25,DST states,8,23,13,38,12,95,104,2015,201,-37,4
2015-09-25,AZ+HI,0,0,1,0,1,2,2,2015,201,-37,4
2015-09-26,DST states,26,16,19,38,18,118,127,2015,202,-36,5
2015-09-26,AZ+HI,1,1,0,2,2,6,7,2015,202,-36,5
2015-09-27,DST states,32,10,22,40,10,114,125,2015,203,-35,6
2015-09-27,AZ+HI,1,0,0,1,0,2,2,2015,203,-35,6
2015-09-28,DST states,10,19,14,28,7,78,85,2015,204,-34,0
2015-09-28,AZ+HI,0,0,0,0,1,1,1,2015,204,-34,0
2015-09-29,DST states,5,14,12,27,4,63,67,2015,205,-33,1
2015-09-29,AZ+HI,0,2,0,0,0,2,2,2015,205,-33,1
2015-09-30,DST states,9,11,25,32,15,93,98,2015,206,-32,2
2015-09-30,AZ+HI,0,0,1,0,1,2,2,2015,206,-32,2
2015-10-01,DST states,8,14,22,23,11,78,84,2015,207,-31,3
2015-10-01,AZ+HI,0,0,1,0,0,1,1,2015,207,-31,3
2015-10-02,DST states,9,15,22,35,12,95,103,2015,208,-30,4
2015-10-02,AZ+HI,1,0,0,0,0,1,1,2015,208,-30,4
2015-10-03,DST states,27,18,18,31,25,119,127,2015,209,-29,5
2015-10-03,AZ+HI,1,0,0,2,0,3,3,2015,209,-29,5
2015-10-04,DST states,26,14,16,27,12,95,107,2015,210,-28,6
2015-10-04,AZ+HI,2,2,0,0,0,4,6,2015,210,-28,6
2015-10-05,DST states,14,17,19,36,15,101,107,2015,211,-27,0
2015-10-05,AZ+HI,0,1,0,0,0,1,1,2015,211,-27,0
2015-10-06,DST states,10,18,13,30,15,86,90,2015,212,-26,1
2015-10-06,AZ+HI,0,1,0,1,0,2,2,2015,212,-26,1
2015-10-07,DST states,14,20,12,32,9,87,95,2015,213,-25,2
2015-10-07,AZ+HI,0,1,0,1,0,2,2,2015,213,-25,2
2015-10-08,DST states,11,11,16,24,16,79,84,2015,214,-24,3
2015-10-08,AZ+HI,0,1,0,0,0,1,1,2015,214,-24,3
2015-10-09,DST states,15,12,25,29,14,95,99,2015,215,-23,4
2015-10-09,AZ+HI,1,0,0,0,0,1,1,2015,215,-23,4
2015-10-10,DST states,26,14,26,33,20,121,127,2015,216,-22,5
2015-10-10,AZ+HI,0,1,0,2,0,3,3,2015,216,-22,5
2015-10-11,DST states,43,10,20,54,14,142,160,2015,217,-21,6
2015-10-11,AZ+HI,0,0,0,0,0,0,0,2015,217,-21,6
2015-10-12,DST states,9,21,23,25,9,89,98,2015,218,-20,0
2015-10-12,AZ+HI,0,0,2,3,0,5,5,2015,218,-20,0
2015-10-13,DST states,10,16,14,23,10,73,78,2015,219,-19,1
2015-10-13,AZ+HI,0,0,0,1,0,1,1,2015,219,-19,1
2015-10-14,DST states,11,20,20,34,8,93,102,2015,220,-18,2
2015-10-14,AZ+HI,1,0,0,1,0,2,3,2015,220,-18,2
2015-10-15,DST states,11,15,21,31,18,96,103,2015,221,-17,3
2015-10-15,AZ+HI,0,1,0,1,0,2,2,2015,221,-17,3
2015-10-16,DST states,12,18,20,42,15,108,118,2015,222,-16,4
2015-10-16,AZ+HI,1,0,0,0,0,1,1,2015,222,-16,4
2015-10-17,DST states,34,14,16,25,20,109,122,2015,223,-15,5
2015-10-17,AZ+HI,1,0,0,2,0,3,3,2015,223,-15,5
2015-10-18,DST states,23,5,9,35,15,88,102,2015,224,-14,6
2015-10-18,AZ+HI,1,1,1,1,0,4,4,2015,224,-14,6
2015-10-19,DST states,7,18,13,34,12,84,89,2015,225,-13,0
2015-10-19,AZ+HI,0,0,0,3,0,3,3,2015,225,-13,0
2015-10-20,DST states,9,22,14,28,9,83,86,2015,226,-12,1
2015-10-20,AZ+HI,2,0,1,0,1,4,4,2015,226,-12,1
2015-10-21,DST states,9,22,18,27,11,90,93,2015,227,-11,2
2015-10-21,AZ+HI,0,0,0,0,0,0,0,2015,227,-11,2
2015-10-22,DST states,15,23,14,30,13,97,101,2015,228,-10,3
2015-10-22,AZ+HI,0,1,1,2,1,5,6,2015,228,-10,3
2015-10-23,DST states,10,21,14,41,15,102,107,2015,229,-9,4
2015-10-23,AZ+HI,1,0,0,2,0,3,3,2015,229,-9,4
2015-10-24,DST states,21,17,20,44,17,119,137,2015,230,-8,5
2015-10-24,AZ+HI,0,0,1,2,0,3,3,2015,230,-8,5
2015-10-25,DST states,27,9,20,32,17,106,119,2015,231,-7,6
2015-10-25,AZ+HI,1,0,0,0,0,1,2,2015,231,-7,6
2015-10-26,DST states,7,18,25,23,8,82,90,2015,232,-6,0
2015-10-26,AZ+HI,0,0,1,2,0,3,3,2015,232,-6,0
2015-10-27,DST states,9,10,19,26,14,79,83,2015,233,-5,1
2015-10-27,AZ+HI,0,0,0,0,0,0,0,2015,233,-5,1
2015-10-28,DST states,10,26,17,31,7,91,93,2015,234,-4,2
2015-10-28,AZ+HI,0,0,0,1,0,1,1,2015,234,-4,2
2015-10-29,DST states,6,25,14,28,19,92,101,2015,235,-3,3
2015-10-29,AZ+HI,0,0,0,2,1,3,3,2015,235,-3,3
2015-10-30,DST states,12,20,23,40,17,112,118,2015,236,-2,4
2015-10-30,AZ+HI,2,3,0,1,2,8,8,2015,236,-2,4
2015-10-31,DST states,35,10,15,24,17,102,122,2015,237,-1,5
2015-10-31,AZ+HI,1,1,1,3,0,6,7,2015,237,-1,5
2015-11-01,DST states,49,14,15,31,12,122,132,2015,238,0,6
2015-11-01,AZ+HI,0,1,0,0,0,1,1,2015,238,0,6
2015-11-02,DST states,7,19,16,38,5,86,95,2015,239,1,0
2015-11-02,AZ+HI,0,0,1,1,1,4,4,2015,239,1,0
2015-11-03,DST states,10,30,17,30,9,97,105,2015,240,2,1
2015-11-03,AZ+HI,0,3,1,1,0,5,5,2015,240,2,1
2015-11-04,DST states,8,20,21,35,8,92,99,2015,241,3,2
2015-11-04,AZ+HI,0,2,2,1,0,5,5,2015,241,3,2
2015-11-05,DST states,9,12,19,49,8,98,108,2015,242,4,3
2015-11-05,AZ+HI,0,1,0,0,0,1,1,2015,242,4,3
2015-11-06,DST states,11,7,14,31,15,78,87,2015,243,5,4
2015-11-06,AZ+HI,0,0,0,3,0,3,3,2015,243,5,4
2015-11-07,DST states,18,18,13,33,20,102,110,2015,244,6,5
2015-11-07,AZ+HI,0,0,1,2,0,4,4,2015,244,6,5
2015-11-08,DST states,24,13,14,32,8,91,99,2015,245,7,6
2015-11-08,AZ+HI,1,3,0,1,1,6,8,2015,245,7,6
2015-11-09,DST states,11,16,19,40,2,88,95,2015,246,8,0
2015-11-09,AZ+HI,0,0,0,0,1,1,1,2015,246,8,0
2015-11-10,DST states,7,16,17,37,11,88,95,2015,247,9,1
2015-11-10,AZ+HI,1,1,0,1,0,3,3,2015,247,9,1
2015-11-11,DST states,7,14,18,36,5,80,86,2015,248,10,2
2015-11-11,AZ+HI,0,0,2,0,0,2,2,2015,248,10,2
2015-11-12,DST states,14,20,17,35,10,96,100,2015,249,11,3
2015-11-12,AZ+HI,0,0,0,1,0,2,2,2015,249,11,3
2015-11-13,DST states,12,16,18,32,16,96,104,2015,250,12,4
2015-11-13,AZ+HI,1,0,0,0,0,1,1,2015,250,12,4
2015-11-14,DST states,19,9,13,33,10,86,89,2015,251,13,5
2015-11-14,AZ+HI,0,0,1,1,1,3,4,2015,251,13,5
2015-11-15,DST states,24,8,13,37,9,92,100,2015,252,14,6
2015-11-15,AZ+HI,0,1,0,2,1,4,4,2015,252,14,6
2015-11-16,DST states,4,17,18,27,11,78,79,2015,253,15,0
2015-11-16,AZ+HI,0,1,0,1,0,2,2,2015,253,15,0
2015-11-17,DST states,12,12,18,47,11,102,107,2015,254,16,1
2015-11-17,AZ+HI,0,0,0,1,0,1,1,2015,254,16,1
2015-11-18,DST states,9,7,17,37,11,83,92,2015,255,17,2
2015-11-18,AZ+HI,1,0,1,0,0,2,2,2015,255,17,2
2015-11-19,DST states,11,19,22,42,11,105,114,2015,256,18,3
2015-11-19,AZ+HI,0,0,0,2,0,2,2,2015,256,18,3
2015-11-20,DST states,13,13,20,30,16,92,102,2015,257,19,4
2015-11-20,AZ+HI,0,1,1,1,0,3,3,2015,257,19,4
2015-11-21,DST states,22,13,20,23,14,93,101,2015,258,20,5
2015-11-21,AZ+HI,1,0,0,2,0,3,4,2015,258,20,5
2015-11-22,DST states,27,13,13,27,7,87,95,2015,259,21,6
2015-11-22,AZ+HI,0,0,1,0,0,1,1,2015,259,21,6
2015-11-23,DST states,1,17,23,41,5,87,91,2015,260,22,0
2015-11-23,AZ+HI,0,1,0,1,0,2,2,2015,260,22,0
2015-11-24,DST states,7,16,16,26,9,74,77,2015,261,23,1
2015-11-24,AZ+HI,1,1,0,1,0,3,4,2015,261,23,1
2015-11-25,DST states,13,10,16,33,14,86,91,2015,262,24,2
2015-11-25,AZ+HI,0,0,0,1,0,1,1,2015,262,24,2
2015-11-26,DST states,21,14,17,35,12,99,110,2015,263,25,3
2015-11-26,AZ+HI,1,0,0,0,1,2,2,2015,263,25,3
2015-11-27,DST states,18,14,20,25,12,90,103,2015,264,26,4
2015-11-27,AZ+HI,1,0,0,0,0,2,2,2015,264,26,4
2015-11-28,DST states,15,13,8,31,13,82,90,2015,265,27,5
2015-11-28,AZ+HI,0,1,0,1,1,3,4,2015,265,27,5
2015-11-29,DST states,23,12,15,24,6,80,92,2015,266,28,6
2015-11-29,AZ+HI,1,0,2,2,0,5,10,2015,266,28,6
2015-11-30,DST states,5,16,13,29,9,72,79,2015,267,29,0
2015-11-30,AZ+HI,0,0,0,0,1,1,1,2015,267,29,0
2015-12-01,DST states,6,12,10,32,11,72,78,2015,268,30,1
2015-12-01,AZ+HI,0,0,0,0,0,0,0,2015,268,30,1
2015-12-02,DST states,14,22,15,21,13,85,89,2015,269,31,2
2015-12-02,AZ+HI,0,1,0,0,0,1,1,2015,269,31,2
2015-12-03,DST states,6,24,22,43,14,111,122,2015,270,32,3
2015-12-03,AZ+HI,0,0,0,1,0,1,1,2015,270,32,3
2015-12-04,DST states,13,15,26,33,6,93,101,2015,271,33,4
2015-12-04,AZ+HI,1,0,0,2,1,4,6,2015,271,33,4
2015-12-05,DST states,25,21,16,28,24,116,127,2015,272,34,5
2015-12-05,AZ+HI,1,0,0,2,1,4,4,2015,272,34,5
2015-12-06,DST states,32,9,9,45,12,110,118,2015,273,35,6
2015-12-06,AZ+HI,1,0,1,3,0,5,6,2015,273,35,6
2015-12-07,DST states,11,16,17,27,6,78,80,2015,274,36,0
2015-12-07,AZ+HI,0,0,0,0,0,0,0,2015,274,36,0
2015-12-08,DST states,12,14,18,23,11,80,85,2015,275,37,1
2015-12-08,AZ+HI,0,0,0,4,0,4,4,2015,275,37,1
2015-12-09,DST states,10,15,19,34,8,86,90,2015,276,38,2
2015-12-09,AZ+HI,0,0,0,4,0,4,4,2015,276,38,2
2015-12-10,DST states,11,13,14,37,10,86,93,2015,277,39,3
2015-12-10,AZ+HI,0,0,1,0,0,2,2,2015,277,39,3
2015-12-11,DST states,12,26,17,43,27,125,131,2015,278,40,4
2015-12-11,AZ+HI,0,0,0,0,1,1,1,2015,278,40,4
2015-12-12,DST states,29,11,17,37,13,110,119,2015,279,41,5
2015-12-12,AZ+HI,0,0,1,0,0,1,1,2015,279,41,5
2015-12-13,DST states,29,18,15,33,10,106,117,2015,280,42,6
2015-12-13,AZ+HI,0,2,1,2,0,5,7,2015,280,42,6
2015-12-14,DST states,5,18,23,37,8,91,103,2015,281,43,0
2015-12-14,AZ+HI,0,1,0,2,0,3,3,2015,281,43,0
2015-12-15,DST states,6,18,22,29,8,83,93,2015,282,44,1
2015-12-15,AZ+HI,0,0,1,0,0,1,1,2015,282,44,1
2015-12-16,DST states,9,15,14,30,14,83,88,2015,283,45,2
2015-12-16,AZ+HI,0,0,0,0,0,0,0,2015,283,45,2
2015-12-17,DST states,14,19,22,31,14,100,110,2015,284,46,3
2015-12-17,AZ+HI,0,0,0,3,1,4,4,2015,284,46,3
2015-12-18,DST states,16,13,13,33,15,90,94,2015,285,47,4
2015-12-18,AZ+HI,0,0,1,0,0,1,1,2015,285,47,4
2015-12-19,DST states,24,13,15,32,20,104,115,2015,286,48,5
2015-12-19,AZ+HI,1,0,0,1,0,2,2,2015,286,48,5
2015-12-20,DST states,17,9,7,29,8,71,84,2015,287,49,6
2015-12-20,AZ+HI,1,0,1,0,0,2,2,2015,287,49,6
2015-12-21,DST states,7,14,13,29,11,76,85,2015,288,50,0
2015-12-21,AZ+HI,0,0,0,1,0,1,1,2015,288,50,0
2015-12-22,DST states,10,21,16,42,8,100,109,2015,289,51,1
2015-12-22,AZ+HI,0,0,0,2,0,3,3,2015,289,51,1
2015-12-23,DST states,9,15,26,39,19,109,127,2015,290,52,2
2015-12-23,AZ+HI,0,0,0,1,1,2,2,2015,290,52,2
2015-12-24,DST states,13,16,14,34,9,88,96,2015,291,53,3
2015-12-24,AZ+HI,0,0,0,0,1,1,1,2015,291,53,3
2015-12-25,DST states,24,7,13,31,13,88,97,2015,292,54,4
2015-12-25,AZ+HI,0,1,0,0,0,1,1,2015,292,54,4
2015-12-26,DST states,13,13,8,43,14,91,109,2015,293,55,5
2015-12-26,AZ+HI,1,0,0,1,0,2,4,2015,293,55,5
2015-12-27,DST states,18,7,10,25,5,67,74,2015,294,56,6
2015-12-27,AZ+HI,1,0,0,0,0,1,1,2015,294,56,6
2015-12-28,DST states,9,14,13,26,7,69,74,2015,295,57,0
2015-12-28,AZ+HI,0,0,1,1,0,2,2,2015,295,57,0
2015-12-29,DST states,17,13,12,26,5,74,81,2015,296,58,1
2015-12-29,AZ+HI,0,1,1,0,0,2,3,2015,296,58,1
2015-12-30,DST states,11,11,12,31,4,71,83,2015,297,59,2
2015-12-30,AZ+HI,1,0,0,2,1,4,5,2015,297,59,2
2015-12-31,DST states,4,12,11,35,20,83,96,2015,298,60,3
2015-12-31,AZ+HI,1,0,0,0,0,1,1,2015,298,60,3
2016-01-01,DST states,35,21,11,17,7,93,103,2016,-72,-310,4
2016-01-01,AZ+HI,0,0,0,0,0,0,0,2016,-72,-310,4
2016-01-02,DST states,11,11,11,24,8,67,73,2016,-71,-309,5
2016-01-02,AZ+HI,0,0,1,1,1,3,3,2016,-71,-309,5
2016-01-03,DST states,12,11,8,31,9,72,80,2016,-70,-308,6
2016-01-03,AZ+HI,0,2,1,0,0,3,3,2016,-70,-308,6
2016-01-04,DST states,14,18,22,23,4,82,89,2016,-69,-307,0
2016-01-04,AZ+HI,0,1,0,0,0,1,1,2016,-69,-307,0
2016-01-05,DST states,3,15,4,13,10,45,46,2016,-68,-306,1
2016-01-05,AZ+HI,0,1,0,0,1,2,2,2016,-68,-306,1
2016-01-06,DST states,9,18,13,28,10,79,79,2016,-67,-305,2
2016-01-06,AZ+HI,0,0,2,0,0,2,2,2016,-67,-305,2
2016-01-07,DST states,3,11,12,26,12,64,64,2016,-66,-304,3
2016-01-07,AZ+HI,0,0,0,1,1,2,2,2016,-66,-304,3
2016-01-08,DST states,9,14,17,34,14,88,101,2016,-65,-303,4
2016-01-08,AZ+HI,0,0,0,1,1,2,2,2016,-65,-303,4
2016-01-09,DST states,18,10,16,19,12,76,90,2016,-64,-302,5
2016-01-09,AZ+HI,0,0,1,3,1,5,5,2016,-64,-302,5
2016-01-10,DST states,25,8,11,28,9,81,91,2016,-63,-301,6
2016-01-10,AZ+HI,3,0,0,0,0,3,5,2016,-63,-301,6
2016-01-11,DST states,3,12,13,31,3,62,65,2016,-62,-300,0
2016-01-11,AZ+HI,0,0,0,0,1,1,1,2016,-62,-300,0
2016-01-12,DST states,6,18,19,26,9,79,85,2016,-61,-299,1
2016-01-12,AZ+HI,0,0,1,0,0,1,1,2016,-61,-299,1
2016-01-13,DST states,6,16,10,25,6,64,65,2016,-60,-298,2
2016-01-13,AZ+HI,0,0,2,0,1,3,7,2016,-60,-298,2
2016-01-14,DST states,7,14,22,36,2,81,87,2016,-59,-297,3
2016-01-14,AZ+HI,0,0,1,2,0,3,3,2016,-59,-297,3
2016-01-15,DST states,10,20,12,32,17,92,98,2016,-58,-296,4
2016-01-15,AZ+HI,1,1,0,1,1,5,5,2016,-58,-296,4
2016-01-16,DST states,26,16,16,18,12,89,102,2016,-57,-295,5
2016-01-16,AZ+HI,0,1,0,0,0,1,1,2016,-57,-295,5
2016-01-17,DST states,21,6,10,22,9,68,72,2016,-56,-294,6
2016-01-17,AZ+HI,0,0,1,0,0,1,1,2016,-56,-294,6
2016-01-18,DST states,5,13,11,22,7,59,60,2016,-55,-293,0
2016-01-18,AZ+HI,1,0,0,0,0,1,1,2016,-55,-293,0
2016-01-19,DST states,4,15,16,18,2,55,60,2016,-54,-292,1
2016-01-19,AZ+HI,1,1,0,2,0,4,4,2016,-54,-292,1
2016-01-20,DST states,2,19,19,24,5,70,77,2016,-53,-291,2
2016-01-20,AZ+HI,0,2,0,0,0,2,2,2016,-53,-291,2
2016-01-21,DST states,11,14,16,22,12,76,86,2016,-52,-290,3
2016-01-21,AZ+HI,0,0,0,2,0,2,2,2016,-52,-290,3
2016-01-22,DST states,8,10,15,27,17,78,83,2016,-51,-289,4
2016-01-22,AZ+HI,0,0,0,3,1,4,4,2016,-51,-289,4
2016-01-23,DST states,21,7,10,23,11,73,81,2016,-50,-288,5
2016-01-23,AZ+HI,0,0,0,1,0,1,1,2016,-50,-288,5
2016-01-24,DST states,19,9,14,18,6,66,76,2016,-49,-287,6
2016-01-24,AZ+HI,0,0,1,2,2,5,5,2016,-49,-287,6
2016-01-25,DST states,9,6,11,23,13,62,65,2016,-48,-286,0
2016-01-25,AZ+HI,0,1,2,1,0,4,4,2016,-48,-286,0
2016-01-26,DST states,8,8,15,22,9,62,64,2016,-47,-285,1
2016-01-26,AZ+HI,0,1,1,1,0,3,3,2016,-47,-285,1
2016-01-27,DST states,8,11,14,26,7,66,72,2016,-46,-284,2
2016-01-27,AZ+HI,1,0,0,1,0,2,2,2016,-46,-284,2
2016-01-28,DST states,5,19,8,23,10,66,68,2016,-45,-283,3
2016-01-28,AZ+HI,0,0,1,0,1,2,2,2016,-45,-283,3
2016-01-29,DST states,11,13,15,40,13,93,100,2016,-44,-282,4
2016-01-29,AZ+HI,0,0,0,1,0,1,1,2016,-44,-282,4
2016-01-30,DST states,25,10,12,27,17,91,98,2016,-43,-281,5
2016-01-30,AZ+HI,0,0,0,1,0,1,1,2016,-43,-281,5
2016-01-31,DST states,19,12,15,32,6,84,92,2016,-42,-280,6
2016-01-31,AZ+HI,0,0,0,1,0,1,1,2016,-42,-280,6
2016-02-01,DST states,11,18,14,33,15,91,99,2016,-41,-279,0
2016-02-01,AZ+HI,0,0,0,0,0,0,0,2016,-41,-279,0
2016-02-02,DST states,9,16,10,25,13,74,81,2016,-40,-278,1
2016-02-02,AZ+HI,0,1,1,0,0,2,2,2016,-40,-278,1
2016-02-03,DST states,13,10,13,21,7,64,69,2016,-39,-277,2
2016-02-03,AZ+HI,0,0,0,0,0,0,0,2016,-39,-277,2
2016-02-04,DST states,9,13,14,30,18,85,93,2016,-38,-276,3
2016-02-04,AZ+HI,0,1,0,1,0,2,2,2016,-38,-276,3
2016-02-05,DST states,9,15,14,22,18,78,87,2016,-37,-275,4
2016-02-05,AZ+HI,0,1,1,2,0,4,4,2016,-37,-275,4
2016-02-06,DST states,15,11,22,27,12,89,97,2016,-36,-274,5
2016-02-06,AZ+HI,0,0,0,0,0,0,0,2016,-36,-274,5
2016-02-07,DST states,17,16,18,21,11,83,87,2016,-35,-273,6
2016-02-07,AZ+HI,2,0,1,0,0,3,4,2016,-35,-273,6
2016-02-08,DST states,17,24,7,16,10,74,78,2016,-34,-272,0
2016-02-08,AZ+HI,0,1,0,0,1,2,2,2016,-34,-272,0
2016-02-09,DST states,6,10,11,19,8,55,65,2016,-33,-271,1
2016-02-09,AZ+HI,1,0,0,0,0,1,1,2016,-33,-271,1
2016-02-10,DST states,16,10,16,27,7,76,85,2016,-32,-270,2
2016-02-10,AZ+HI,0,0,1,2,0,3,3,2016,-32,-270,2
2016-02-11,DST states,10,13,12,23,11,70,77,2016,-31,-269,3
2016-02-11,AZ+HI,0,0,0,1,0,1,1,2016,-31,-269,3
2016-02-12,DST states,11,16,21,32,20,100,111,2016,-30,-268,4
2016-02-12,AZ+HI,2,0,0,0,0,2,2,2016,-30,-268,4
2016-02-13,DST states,26,19,21,28,12,108,124,2016,-29,-267,5
2016-02-13,AZ+HI,1,0,0,0,2,3,3,2016,-29,-267,5
2016-02-14,DST states,24,11,27,20,7,91,102,2016,-28,-266,6
2016-02-14,AZ+HI,1,0,1,1,0,3,3,2016,-28,-266,6
2016-02-15,DST states,14,20,11,26,7,78,81,2016,-27,-265,0
2016-02-15,AZ+HI,1,1,0,2,0,4,5,2016,-27,-265,0
2016-02-16,DST states,5,14,14,22,8,63,67,2016,-26,-264,1
2016-02-16,AZ+HI,1,0,2,0,0,3,3,2016,-26,-264,1
2016-02-17,DST states,6,16,11,25,5,66,70,2016,-25,-263,2
2016-02-17,AZ+HI,0,0,0,1,1,2,2,2016,-25,-263,2
2016-02-18,DST states,10,11,18,28,12,79,91,2016,-24,-262,3
2016-02-18,AZ+HI,0,0,0,0,0,0,0,2016,-24,-262,3
2016-02-19,DST states,14,11,10,42,21,98,108,2016,-23,-261,4
2016-02-19,AZ+HI,1,1,0,2,1,5,6,2016,-23,-261,4
2016-02-20,DST states,35,13,25,35,16,124,138,2016,-22,-260,5
2016-02-20,AZ+HI,0,1,2,0,0,3,3,2016,-22,-260,5
2016-02-21,DST states,33,16,6,27,11,93,108,2016,-21,-259,6
2016-02-21,AZ+HI,0,0,2,1,0,4,4,2016,-21,-259,6
2016-02-22,DST states,7,12,21,32,7,79,89,2016,-20,-258,0
2016-02-22,AZ+HI,1,0,2,1,0,4,5,2016,-20,-258,0
2016-02-23,DST states,8,12,12,22,8,62,66,2016,-19,-257,1
2016-02-23,AZ+HI,1,0,0,0,0,1,1,2016,-19,-257,1
2016-02-24,DST states,5,10,18,28,10,72,80,2016,-18,-256,2
2016-02-24,AZ+HI,0,0,0,0,0,0,0,2016,-18,-256,2
2016-02-25,DST states,8,14,13,30,8,73,80,2016,-17,-255,3
2016-02-25,AZ+HI,0,0,0,2,0,2,2,2016,-17,-255,3
2016-02-26,DST states,5,16,14,29,13,77,82,2016,-16,-254,4
2016-02-26,AZ+HI,0,0,1,0,0,1,1,2016,-16,-254,4
2016-02-27,DST states,18,8,17,32,11,86,95,2016,-15,-253,5
2016-02-27,AZ+HI,0,1,2,1,0,4,4,2016,-15,-253,5
2016-02-28,DST states,36,13,16,23,9,98,106,2016,-14,-252,6
2016-02-28,AZ+HI,2,1,1,0,0,4,5,2016,-14,-252,6
2016-02-29,DST states,9,13,19,23,8,73,78,2016,-13,-251,0
2016-02-29,AZ+HI,0,0,3,1,0,4,4,2016,-13,-251,0
2016-03-01,DST states,10,15,14,29,8,77,86,2016,-12,-250,1
2016-03-01,AZ+HI,0,0,1,1,0,2,2,2016,-12,-250,1
2016-03-02,DST states,10,10,13,27,12,72,79,2016,-11,-249,2
2016-03-02,AZ+HI,0,0,0,0,0,0,0,2016,-11,-249,2
2016-03-03,DST states,7,11,15,23,10,66,71,2016,-10,-248,3
2016-03-03,AZ+HI,1,0,1,1,0,3,5,2016,-10,-248,3
2016-03-04,DST states,8,18,23,41,15,106,116,2016,-9,-247,4
2016-03-04,AZ+HI,0,1,0,2,0,3,3,2016,-9,-247,4
2016-03-05,DST states,29,10,16,23,15,95,107,2016,-8,-246,5
2016-03-05,AZ+HI,0,0,0,1,0,1,2,2016,-8,-246,5
2016-03-06,DST states,40,12,9,39,10,112,124,2016,-7,-245,6
2016-03-06,AZ+HI,0,0,0,0,1,1,1,2016,-7,-245,6
2016-03-07,DST states,6,14,10,29,10,69,77,2016,-6,-244,0
2016-03-07,AZ+HI,0,0,1,0,1,2,2,2016,-6,-244,0
2016-03-08,DST states,4,13,15,15,11,58,61,2016,-5,-243,1
2016-03-08,AZ+HI,0,2,0,1,0,3,4,2016,-5,-243,1
2016-03-09,DST states,11,15,21,26,7,80,83,2016,-4,-242,2
2016-03-09,AZ+HI,0,0,0,1,0,1,1,2016,-4,-242,2
2016-03-10,DST states,7,14,18,31,11,82,92,2016,-3,-241,3
2016-03-10,AZ+HI,1,0,0,2,0,3,3,2016,-3,-241,3
2016-03-11,DST states,14,10,20,32,12,88,98,2016,-2,-240,4
2016-03-11,AZ+HI,1,0,0,2,2,5,5,2016,-2,-240,4
2016-03-12,DST states,27,16,13,32,15,103,110,2016,-1,-239,5
2016-03-12,AZ+HI,1,0,0,1,1,4,4,2016,-1,-239,5
2016-03-13,DST states,27,10,17,25,17,97,106,2016,0,-238,6
2016-03-13,AZ+HI,0,0,0,1,2,3,3,2016,0,-238,6
2016-03-14,DST states,7,13,18,30,11,79,84,2016,1,-237,0
2016-03-14,AZ+HI,0,1,0,1,0,2,2,2016,1,-237,0
2016-03-15,DST states,11,9,14,30,12,76,84,2016,2,-236,1
2016-03-15,AZ+HI,0,0,0,1,0,1,1,2016,2,-236,1
2016-03-16,DST states,13,13,19,30,8,83,91,2016,3,-235,2
2016-03-16,AZ+HI,0,1,0,0,0,1,1,2016,3,-235,2
2016-03-17,DST states,16,16,19,28,15,94,102,2016,4,-234,3
2016-03-17,AZ+HI,0,0,0,3,0,3,3,2016,4,-234,3
2016-03-18,DST states,11,12,21,21,11,77,81,2016,5,-233,4
2016-03-18,AZ+HI,0,0,0,0,0,0,0,2016,5,-233,4
2016-03-19,DST states,25,11,13,27,15,92,100,2016,6,-232,5
2016-03-19,AZ+HI,1,0,1,0,0,2,4,2016,6,-232,5
2016-03-20,DST states,19,9,13,22,14,80,85,2016,7,-231,6
2016-03-20,AZ+HI,0,0,4,2,0,6,6,2016,7,-231,6
2016-03-21,DST states,10,22,14,32,8,86,101,2016,8,-230,0
2016-03-21,AZ+HI,0,1,1,4,0,6,6,2016,8,-230,0
2016-03-22,DST states,4,13,16,17,9,59,61,2016,9,-229,1
2016-03-22,AZ+HI,0,0,0,1,0,1,1,2016,9,-229,1
2016-03-23,DST states,9,9,17,26,8,70,79,2016,10,-228,2
2016-03-23,AZ+HI,0,2,1,0,1,4,4,2016,10,-228,2
2016-03-24,DST states,18,30,18,21,11,98,104,2016,11,-227,3
2016-03-24,AZ+HI,0,1,0,1,0,2,2,2016,11,-227,3
2016-03-25,DST states,19,15,15,28,13,90,96,2016,12,-226,4
2016-03-25,AZ+HI,0,1,1,2,0,4,4,2016,12,-226,4
2016-03-26,DST states,25,10,14,29,24,103,121,2016,13,-225,5
2016-03-26,AZ+HI,1,0,0,1,0,2,3,2016,13,-225,5
2016-03-27,DST states,19,10,12,30,14,86,93,2016,14,-224,6
2016-03-27,AZ+HI,1,0,2,3,0,6,6,2016,14,-224,6
2016-03-28,DST states,13,14,21,19,12,79,90,2016,15,-223,0
2016-03-28,AZ+HI,0,1,1,0,1,3,3,2016,15,-223,0
2016-03-29,DST states,6,17,26,19,5,74,74,2016,16,-222,1
2016-03-29,AZ+HI,1,0,0,0,1,2,2,2016,16,-222,1
2016-03-30,DST states,6,16,16,37,5,82,86,2016,17,-221,2
2016-03-30,AZ+HI,0,2,0,0,0,2,3,2016,17,-221,2
2016-03-31,DST states,9,21,16,36,18,100,108,2016,18,-220,3
2016-03-31,AZ+HI,0,1,0,1,1,3,3,2016,18,-220,3
2016-04-01,DST states,10,15,23,32,16,97,104,2016,19,-219,4
2016-04-01,AZ+HI,0,0,2,1,3,6,6,2016,19,-219,4
2016-04-02,DST states,20,15,25,30,17,107,122,2016,20,-218,5
2016-04-02,AZ+HI,3,1,1,2,0,7,7,2016,20,-218,5
2016-04-03,DST states,29,5,17,37,15,103,113,2016,21,-217,6
2016-04-03,AZ+HI,0,1,0,1,0,4,4,2016,21,-217,6
2016-04-04,DST states,13,17,18,26,13,87,94,2016,22,-216,0
2016-04-04,AZ+HI,0,0,2,1,0,3,4,2016,22,-216,0
2016-04-05,DST states,5,15,20,20,6,66,83,2016,23,-215,1
2016-04-05,AZ+HI,0,2,0,0,0,2,2,2016,23,-215,1
2016-04-06,DST states,9,15,14,28,11,77,80,2016,24,-214,2
2016-04-06,AZ+HI,0,0,2,0,1,3,3,2016,24,-214,2
2016-04-07,DST states,14,17,16,21,13,81,86,2016,25,-213,3
2016-04-07,AZ+HI,0,1,1,1,0,3,3,2016,25,-213,3
2016-04-08,DST states,11,17,17,23,17,85,92,2016,26,-212,4
2016-04-08,AZ+HI,1,0,0,2,2,5,5,2016,26,-212,4
2016-04-09,DST states,29,11,13,37,14,105,120,2016,27,-211,5
2016-04-09,AZ+HI,1,1,0,3,3,8,9,2016,27,-211,5
2016-04-10,DST states,28,4,10,30,11,83,95,2016,28,-210,6
2016-04-10,AZ+HI,1,0,0,1,0,2,2,2016,28,-210,6
2016-04-11,DST states,11,12,13,20,9,65,70,2016,29,-209,0
2016-04-11,AZ+HI,0,1,2,2,0,5,5,2016,29,-209,0
2016-04-12,DST states,15,16,13,28,10,82,86,2016,30,-208,1
2016-04-12,AZ+HI,2,0,0,1,0,3,3,2016,30,-208,1
2016-04-13,DST states,12,15,14,26,13,80,83,2016,31,-207,2
2016-04-13,AZ+HI,0,0,0,2,0,2,2,2016,31,-207,2
2016-04-14,DST states,9,6,16,30,9,70,78,2016,32,-206,3
2016-04-14,AZ+HI,1,1,0,0,0,2,2,2016,32,-206,3
2016-04-15,DST states,12,14,10,31,13,80,86,2016,33,-205,4
2016-04-15,AZ+HI,0,0,0,0,0,0,0,2016,33,-205,4
2016-04-16,DST states,24,11,25,43,18,122,124,2016,34,-204,5
2016-04-16,AZ+HI,0,0,1,1,1,3,3,2016,34,-204,5
2016-04-17,DST states,22,14,18,33,14,101,108,2016,35,-203,6
2016-04-17,AZ+HI,0,1,3,1,0,5,5,2016,35,-203,6
2016-04-18,DST states,9,19,22,34,13,100,109,2016,36,-202,0
2016-04-18,AZ+HI,0,0,0,1,0,1,1,2016,36,-202,0
2016-04-19,DST states,13,24,15,18,10,80,86,2016,37,-201,1
2016-04-19,AZ+HI,0,1,0,0,1,2,2,2016,37,-201,1
2016-04-20,DST states,10,11,16,28,10,75,80,2016,38,-200,2
2016-04-20,AZ+HI,1,0,0,0,0,1,1,2016,38,-200,2
2016-04-21,DST states,14,8,24,30,14,90,93,2016,39,-199,3
2016-04-21,AZ+HI,1,0,3,0,0,4,5,2016,39,-199,3
2016-04-22,DST states,18,14,15,32,15,94,101,2016,40,-198,4
2016-04-22,AZ+HI,0,0,0,3,1,4,5,2016,40,-198,4
2016-04-23,DST states,25,11,24,32,26,118,137,2016,41,-197,5
2016-04-23,AZ+HI,1,1,0,0,0,2,2,2016,41,-197,5
2016-04-24,DST states,14,13,16,26,16,86,91,2016,42,-196,6
2016-04-24,AZ+HI,2,0,0,2,0,4,6,2016,42,-196,6
2016-04-25,DST states,10,8,14,26,12,70,76,2016,43,-195,0
2016-04-25,AZ+HI,0,1,0,0,1,2,5,2016,43,-195,0
2016-04-26,DST states,9,8,21,20,3,61,67,2016,44,-194,1
2016-04-26,AZ+HI,0,1,0,1,1,3,3,2016,44,-194,1
2016-04-27,DST states,13,11,16,20,11,71,77,2016,45,-193,2
2016-04-27,AZ+HI,1,1,0,1,0,3,3,2016,45,-193,2
2016-04-28,DST states,10,11,10,20,14,67,73,2016,46,-192,3
2016-04-28,AZ+HI,0,0,1,0,0,1,1,2016,46,-192,3
2016-04-29,DST states,9,15,14,30,17,85,92,2016,47,-191,4
2016-04-29,AZ+HI,0,0,0,2,2,4,4,2016,47,-191,4
2016-04-30,DST states,27,21,13,38,29,128,143,2016,48,-190,5
2016-04-30,AZ+HI,0,1,1,1,0,3,4,2016,48,-190,5
2016-05-01,DST states,29,15,15,24,6,91,98,2016,49,-189,6
2016-05-01,AZ+HI,0,0,0,1,0,1,1,2016,49,-189,6
2016-05-02,DST states,16,17,14,23,9,79,82,2016,50,-188,0
2016-05-02,AZ+HI,0,0,0,1,1,2,2,2016,50,-188,0
2016-05-03,DST states,7,13,18,29,11,78,83,2016,51,-187,1
2016-05-03,AZ+HI,0,0,0,2,0,2,2,2016,51,-187,1
2016-05-04,DST states,6,12,15,29,9,71,76,2016,52,-186,2
2016-05-04,AZ+HI,0,0,0,0,0,0,0,2016,52,-186,2
2016-05-05,DST states,13,13,15,28,24,93,97,2016,53,-185,3
2016-05-05,AZ+HI,1,1,0,1,2,5,5,2016,53,-185,3
2016-05-06,DST states,20,13,26,24,11,94,102,2016,54,-184,4
2016-05-06,AZ+HI,0,0,1,0,0,1,1,2016,54,-184,4
2016-05-07,DST states,21,18,21,40,25,126,149,2016,55,-183,5
2016-05-07,AZ+HI,1,2,0,1,0,4,5,2016,55,-183,5
2016-05-08,DST states,33,16,13,23,17,103,115,2016,56,-182,6
2016-05-08,AZ+HI,0,1,0,0,0,1,1,2016,56,-182,6
2016-05-09,DST states,12,11,14,24,11,74,85,2016,57,-181,0
2016-05-09,AZ+HI,0,1,0,0,0,1,1,2016,57,-181,0
2016-05-10,DST states,10,13,24,20,18,85,88,2016,58,-180,1
2016-05-10,AZ+HI,0,0,0,0,1,1,1,2016,58,-180,1
2016-05-11,DST states,12,14,23,24,17,90,95,2016,59,-179,2
2016-05-11,AZ+HI,0,0,0,1,0,1,1,2016,59,-179,2
2016-05-12,DST states,10,12,20,27,17,86,95,2016,60,-178,3
2016-05-12,AZ+HI,1,0,0,1,0,2,2,2016,60,-178,3
2016-05-13,DST states,15,12,27,35,18,108,117,2016,61,-177,4
2016-05-13,AZ+HI,0,1,0,0,0,1,1,2016,61,-177,4
2016-05-14,DST states,29,15,21,30,17,113,128,2016,62,-176,5
2016-05-14,AZ+HI,1,1,0,0,0,2,3,2016,62,-176,5
2016-05-15,DST states,30,11,19,34,10,108,116,2016,63,-175,6
2016-05-15,AZ+HI,1,0,0,2,0,3,3,2016,63,-175,6
2016-05-16,DST states,9,12,22,32,9,84,92,2016,64,-174,0
2016-05-16,AZ+HI,0,1,0,0,0,1,1,2016,64,-174,0
2016-05-17,DST states,9,13,15,15,12,65,74,2016,65,-173,1
2016-05-17,AZ+HI,0,1,1,0,0,2,2,2016,65,-173,1
2016-05-18,DST states,10,8,16,23,10,67,72,2016,66,-172,2
2016-05-18,AZ+HI,1,1,3,0,0,6,6,2016,66,-172,2
2016-05-19,DST states,11,7,13,24,12,67,73,2016,67,-171,3
2016-05-19,AZ+HI,1,0,0,1,2,4,4,2016,67,-171,3
2016-05-20,DST states,23,9,11,41,20,104,112,2016,68,-170,4
2016-05-20,AZ+HI,2,1,2,0,0,5,5,2016,68,-170,4
2016-05-21,DST states,39,12,15,32,24,122,132,2016,69,-169,5
2016-05-21,AZ+HI,1,2,1,3,0,7,7,2016,69,-169,5
2016-05-22,DST states,22,9,18,43,13,107,110,2016,70,-168,6
2016-05-22,AZ+HI,0,1,0,0,0,1,1,2016,70,-168,6
2016-05-23,DST states,11,19,16,32,12,92,106,2016,71,-167,0
2016-05-23,AZ+HI,1,0,1,2,0,4,4,2016,71,-167,0
2016-05-24,DST states,17,10,18,18,10,74,81,2016,72,-166,1
2016-05-24,AZ+HI,0,0,0,0,0,0,0,2016,72,-166,1
2016-05-25,DST states,8,17,22,31,18,96,101,2016,73,-165,2
2016-05-25,AZ+HI,0,0,1,2,0,3,4,2016,73,-165,2
2016-05-26,DST states,8,19,32,37,15,111,119,2016,74,-164,3
2016-05-26,AZ+HI,0,1,0,0,1,2,2,2016,74,-164,3
2016-05-27,DST states,18,17,15,44,17,112,125,2016,75,-163,4
2016-05-27,AZ+HI,0,0,1,0,0,1,1,2016,75,-163,4
2016-05-28,DST states,28,14,17,37,23,121,138,2016,76,-162,5
2016-05-28,AZ+HI,0,1,0,1,0,2,2,2016,76,-162,5
2016-05-29,DST states,31,13,26,35,24,129,138,2016,77,-161,6
2016-05-29,AZ+HI,1,0,0,2,0,3,3,2016,77,-161,6
2016-05-30,DST states,19,9,19,38,16,102,119,2016,78,-160,0
2016-05-30,AZ+HI,0,0,0,1,0,1,1,2016,78,-160,0
2016-05-31,DST states,8,11,16,26,17,80,82,2016,79,-159,1
2016-05-31,AZ+HI,1,0,0,3,0,4,5,2016,79,-159,1
2016-06-01,DST states,16,8,28,27,17,96,105,2016,80,-158,2
2016-06-01,AZ+HI,0,0,0,1,0,1,1,2016,80,-158,2
2016-06-02,DST states,9,8,18,25,13,73,79,2016,81,-157,3
2016-06-02,AZ+HI,0,0,1,0,0,1,1,2016,81,-157,3
2016-06-03,DST states,9,17,20,30,28,106,116,2016,82,-156,4
2016-06-03,AZ+HI,1,1,1,0,1,4,4,2016,82,-156,4
2016-06-04,DST states,30,10,17,34,19,111,124,2016,83,-155,5
2016-06-04,AZ+HI,2,0,0,2,0,4,4,2016,83,-155,5
2016-06-05,DST states,40,8,12,29,16,105,112,2016,84,-154,6
2016-06-05,AZ+HI,0,0,2,1,0,3,3,2016,84,-154,6
2016-06-06,DST states,15,14,29,21,10,92,98,2016,85,-153,0
2016-06-06,AZ+HI,0,0,0,0,0,0,0,2016,85,-153,0
2016-06-07,DST states,8,18,12,21,16,75,85,2016,86,-152,1
2016-06-07,AZ+HI,0,3,0,3,1,7,8,2016,86,-152,1
2016-06-08,DST states,7,17,13,40,16,93,101,2016,87,-151,2
2016-06-08,AZ+HI,0,0,0,1,0,1,1,2016,87,-151,2
2016-06-09,DST states,18,12,20,29,14,96,105,2016,88,-150,3
2016-06-09,AZ+HI,1,0,0,0,0,1,1,2016,88,-150,3
2016-06-10,DST states,14,12,20,28,24,101,106,2016,89,-149,4
2016-06-10,AZ+HI,0,0,2,2,0,4,6,2016,89,-149,4
2016-06-11,DST states,26,11,31,43,19,130,142,2016,90,-148,5
2016-06-11,AZ+HI,2,1,0,0,1,4,4,2016,90,-148,5
2016-06-12,DST states,31,13,19,32,12,107,119,2016,91,-147,6
2016-06-12,AZ+HI,0,0,1,1,0,2,3,2016,91,-147,6
2016-06-13,DST states,12,8,19,25,10,75,83,2016,92,-146,0
2016-06-13,AZ+HI,2,1,1,2,0,6,7,2016,92,-146,0
2016-06-14,DST states,7,12,15,26,12,73,79,2016,93,-145,1
2016-06-14,AZ+HI,0,0,1,2,3,6,6,2016,93,-145,1
2016-06-15,DST states,7,18,20,31,14,91,94,2016,94,-144,2
2016-06-15,AZ+HI,0,1,1,0,0,2,2,2016,94,-144,2
2016-06-16,DST states,16,18,20,28,17,99,104,2016,95,-143,3
2016-06-16,AZ+HI,0,0,0,1,1,2,2,2016,95,-143,3
2016-06-17,DST states,11,21,23,29,8,92,104,2016,96,-142,4
2016-06-17,AZ+HI,1,0,0,1,1,3,6,2016,96,-142,4
2016-06-18,DST states,31,17,17,24,18,107,124,2016,97,-141,5
2016-06-18,AZ+HI,1,2,0,1,0,4,5,2016,97,-141,5
2016-06-19,DST states,26,17,12,36,19,111,128,2016,98,-140,6
2016-06-19,AZ+HI,1,0,1,1,1,4,4,2016,98,-140,6
2016-06-20,DST states,10,12,21,42,11,97,103,2016,99,-139,0
2016-06-20,AZ+HI,0,0,1,2,0,3,3,2016,99,-139,0
2016-06-21,DST states,13,18,20,22,17,90,99,2016,100,-138,1
2016-06-21,AZ+HI,0,0,0,2,0,2,2,2016,100,-138,1
2016-06-22,DST states,6,14,23,34,12,89,101,2016,101,-137,2
2016-06-22,AZ+HI,0,0,1,1,0,2,2,2016,101,-137,2
2016-06-23,DST states,17,17,16,27,11,89,93,2016,102,-136,3
2016-06-23,AZ+HI,0,0,0,1,0,1,1,2016,102,-136,3
2016-06-24,DST states,20,8,30,26,26,110,117,2016,103,-135,4
2016-06-24,AZ+HI,0,1,1,0,0,2,3,2016,103,-135,4
2016-06-25,DST states,33,15,28,45,24,146,164,2016,104,-134,5
2016-06-25,AZ+HI,0,1,1,1,1,5,5,2016,104,-134,5
2016-06-26,DST states,38,13,19,28,14,113,130,2016,105,-133,6
2016-06-26,AZ+HI,1,0,1,1,1,4,4,2016,105,-133,6
2016-06-27,DST states,21,18,20,24,11,94,100,2016,106,-132,0
2016-06-27,AZ+HI,2,0,2,0,0,4,6,2016,106,-132,0
2016-06-28,DST states,13,15,24,31,21,104,112,2016,107,-131,1
2016-06-28,AZ+HI,0,0,1,0,1,2,3,2016,107,-131,1
2016-06-29,DST states,12,12,21,23,13,81,103,2016,108,-130,2
2016-06-29,AZ+HI,0,0,0,2,0,2,2,2016,108,-130,2
2016-06-30,DST states,8,6,23,39,13,89,97,2016,109,-129,3
2016-06-30,AZ+HI,0,0,0,4,0,4,4,2016,109,-129,3
2016-07-01,DST states,14,15,22,29,18,98,111,2016,110,-128,4
2016-07-01,AZ+HI,2,0,0,0,0,2,3,2016,110,-128,4
2016-07-02,DST states,37,16,23,38,18,133,146,2016,111,-127,5
2016-07-02,AZ+HI,3,0,2,1,0,6,7,2016,111,-127,5
2016-07-03,DST states,33,13,16,28,17,109,121,2016,112,-126,6
2016-07-03,AZ+HI,1,1,0,3,2,7,8,2016,112,-126,6
2016-07-04,DST states,26,13,14,32,18,103,111,2016,113,-125,0
2016-07-04,AZ+HI,0,0,0,3,1,5,5,2016,113,-125,0
2016-07-05,DST states,15,9,21,19,14,78,87,2016,114,-124,1
2016-07-05,AZ+HI,1,2,1,0,0,4,5,2016,114,-124,1
2016-07-06,DST states,8,10,23,27,6,74,75,2016,115,-123,2
2016-07-06,AZ+HI,0,0,1,0,0,1,1,2016,115,-123,2
2016-07-07,DST states,8,15,19,28,10,81,84,2016,116,-122,3
2016-07-07,AZ+HI,2,0,0,0,0,2,2,2016,116,-122,3
2016-07-08,DST states,20,9,26,24,21,101,112,2016,117,-121,4
2016-07-08,AZ+HI,0,0,0,0,0,0,0,2016,117,-121,4
2016-07-09,DST states,28,11,22,31,11,103,119,2016,118,-120,5
2016-07-09,AZ+HI,0,0,0,1,0,1,1,2016,118,-120,5
2016-07-10,DST states,22,14,14,28,13,94,103,2016,119,-119,6
2016-07-10,AZ+HI,2,0,0,0,0,2,2,2016,119,-119,6
2016-07-11,DST states,14,12,21,27,15,89,97,2016,120,-118,0
2016-07-11,AZ+HI,0,2,2,0,3,7,8,2016,120,-118,0
2016-07-12,DST states,10,15,17,20,8,70,80,2016,121,-117,1
2016-07-12,AZ+HI,0,0,0,2,0,2,2,2016,121,-117,1
2016-07-13,DST states,10,8,15,22,11,69,71,2016,122,-116,2
2016-07-13,AZ+HI,0,0,1,0,0,1,1,2016,122,-116,2
2016-07-14,DST states,15,16,18,23,25,98,102,2016,123,-115,3
2016-07-14,AZ+HI,1,0,1,1,1,4,4,2016,123,-115,3
2016-07-15,DST states,16,15,23,23,26,104,118,2016,124,-114,4
2016-07-15,AZ+HI,1,0,1,1,2,5,5,2016,124,-114,4
2016-07-16,DST states,27,15,27,37,20,127,143,2016,125,-113,5
2016-07-16,AZ+HI,1,0,1,0,0,2,2,2016,125,-113,5
2016-07-17,DST states,32,16,20,42,11,122,131,2016,126,-112,6
2016-07-17,AZ+HI,0,0,0,1,0,1,1,2016,126,-112,6
2016-07-18,DST states,13,14,14,24,12,77,90,2016,127,-111,0
2016-07-18,AZ+HI,1,0,0,1,0,2,2,2016,127,-111,0
2016-07-19,DST states,10,16,22,20,9,77,82,2016,128,-110,1
2016-07-19,AZ+HI,0,0,0,0,0,0,0,2016,128,-110,1
2016-07-20,DST states,16,15,16,28,14,90,98,2016,129,-109,2
2016-07-20,AZ+HI,0,1,0,1,0,2,2,2016,129,-109,2
2016-07-21,DST states,19,12,23,28,11,94,105,2016,130,-108,3
2016-07-21,AZ+HI,0,1,0,1,0,2,2,2016,130,-108,3
2016-07-22,DST states,14,12,31,30,25,113,124,2016,131,-107,4
2016-07-22,AZ+HI,1,1,1,1,0,4,4,2016,131,-107,4
2016-07-23,DST states,19,12,20,33,13,97,105,2016,132,-106,5
2016-07-23,AZ+HI,0,1,0,0,0,1,1,2016,132,-106,5
2016-07-24,DST states,30,8,19,31,14,103,115,2016,133,-105,6
2016-07-24,AZ+HI,0,0,2,0,0,2,5,2016,133,-105,6
2016-07-25,DST states,12,13,14,24,14,79,85,2016,134,-104,0
2016-07-25,AZ+HI,0,1,1,0,0,2,2,2016,134,-104,0
2016-07-26,DST states,7,12,14,22,11,69,73,2016,135,-103,1
2016-07-26,AZ+HI,1,0,1,1,0,4,6,2016,135,-103,1
2016-07-27,DST states,16,13,22,31,12,94,100,2016,136,-102,2
2016-07-27,AZ+HI,0,0,1,0,0,1,1,2016,136,-102,2
2016-07-28,DST states,9,14,21,20,13,78,87,2016,137,-101,3
2016-07-28,AZ+HI,1,0,0,1,1,3,3,2016,137,-101,3
2016-07-29,DST states,14,19,18,30,20,101,104,2016,138,-100,4
2016-07-29,AZ+HI,0,0,0,0,0,0,0,2016,138,-100,4
2016-07-30,DST states,28,15,27,37,19,126,137,2016,139,-99,5
2016-07-30,AZ+HI,0,0,0,2,0,2,4,2016,139,-99,5
2016-07-31,DST states,24,15,23,31,3,96,108,2016,140,-98,6
2016-07-31,AZ+HI,0,0,0,1,0,1,1,2016,140,-98,6
2016-08-01,DST states,10,19,18,19,12,79,84,2016,141,-97,0
2016-08-01,AZ+HI,1,1,1,0,0,3,3,2016,141,-97,0
2016-08-02,DST states,12,12,22,32,15,95,101,2016,142,-96,1
2016-08-02,AZ+HI,0,0,0,0,1,1,1,2016,142,-96,1
2016-08-03,DST states,11,18,19,32,24,104,108,2016,143,-95,2
2016-08-03,AZ+HI,0,0,4,1,0,5,6,2016,143,-95,2
2016-08-04,DST states,11,16,19,33,11,90,96,2016,144,-94,3
2016-08-04,AZ+HI,0,0,2,1,0,3,4,2016,144,-94,3
2016-08-05,DST states,17,22,19,30,20,110,118,2016,145,-93,4
2016-08-05,AZ+HI,0,0,0,0,0,0,0,2016,145,-93,4
2016-08-06,DST states,48,12,23,43,21,148,161,2016,146,-92,5
2016-08-06,AZ+HI,0,0,1,2,2,5,5,2016,146,-92,5
2016-08-07,DST states,29,23,24,40,16,132,147,2016,147,-91,6
2016-08-07,AZ+HI,0,0,0,3,0,3,4,2016,147,-91,6
2016-08-08,DST states,11,17,19,29,14,90,94,2016,148,-90,0
2016-08-08,AZ+HI,0,0,2,0,0,2,2,2016,148,-90,0
2016-08-09,DST states,9,19,21,28,19,96,104,2016,149,-89,1
2016-08-09,AZ+HI,0,1,1,1,0,3,4,2016,149,-89,1
2016-08-10,DST states,13,18,25,36,12,104,117,2016,150,-88,2
2016-08-10,AZ+HI,0,0,0,0,0,0,0,2016,150,-88,2
2016-08-11,DST states,10,18,19,33,19,99,105,2016,151,-87,3
2016-08-11,AZ+HI,2,1,3,1,0,7,9,2016,151,-87,3
2016-08-12,DST states,13,18,25,37,16,110,115,2016,152,-86,4
2016-08-12,AZ+HI,0,0,1,3,1,5,5,2016,152,-86,4
2016-08-13,DST states,24,18,14,35,24,116,128,2016,153,-85,5
2016-08-13,AZ+HI,1,0,1,0,0,2,2,2016,153,-85,5
2016-08-14,DST states,29,17,14,27,14,103,112,2016,154,-84,6
2016-08-14,AZ+HI,1,0,1,0,1,3,3,2016,154,-84,6
2016-08-15,DST states,13,16,19,24,10,83,88,2016,155,-83,0
2016-08-15,AZ+HI,0,1,3,1,0,5,5,2016,155,-83,0
2016-08-16,DST states,6,9,10,22,9,56,58,2016,156,-82,1
2016-08-16,AZ+HI,0,2,0,1,0,3,4,2016,156,-82,1
2016-08-17,DST states,16,10,20,26,8,80,81,2016,157,-81,2
2016-08-17,AZ+HI,0,0,0,2,0,2,2,2016,157,-81,2
2016-08-18,DST states,12,17,21,37,19,107,118,2016,158,-80,3
2016-08-18,AZ+HI,0,0,0,0,0,0,0,2016,158,-80,3
2016-08-19,DST states,10,14,12,32,16,85,88,2016,159,-79,4
2016-08-19,AZ+HI,2,0,0,0,0,2,2,2016,159,-79,4
2016-08-20,DST states,40,16,16,41,24,137,152,2016,160,-78,5
2016-08-20,AZ+HI,0,0,1,1,0,2,3,2016,160,-78,5
2016-08-21,DST states,29,18,21,29,10,107,124,2016,161,-77,6
2016-08-21,AZ+HI,1,0,1,0,1,3,3,2016,161,-77,6
2016-08-22,DST states,11,20,18,29,14,92,99,2016,162,-76,0
2016-08-22,AZ+HI,0,0,0,0,0,0,0,2016,162,-76,0
2016-08-23,DST states,11,17,22,28,7,85,90,2016,163,-75,1
2016-08-23,AZ+HI,0,1,1,1,0,3,3,2016,163,-75,1
2016-08-24,DST states,9,18,15,26,14,83,86,2016,164,-74,2
2016-08-24,AZ+HI,0,1,0,0,2,3,3,2016,164,-74,2
2016-08-25,DST states,14,21,9,23,10,79,86,2016,165,-73,3
2016-08-25,AZ+HI,0,0,0,0,0,0,0,2016,165,-73,3
2016-08-26,DST states,10,14,18,31,14,87,95,2016,166,-72,4
2016-08-26,AZ+HI,0,0,0,0,2,2,2,2016,166,-72,4
2016-08-27,DST states,34,13,14,42,12,115,124,2016,167,-71,5
2016-08-27,AZ+HI,0,1,1,3,0,5,8,2016,167,-71,5
2016-08-28,DST states,28,23,15,31,15,114,127,2016,168,-70,6
2016-08-28,AZ+HI,1,0,0,0,0,1,1,2016,168,-70,6
2016-08-29,DST states,15,17,11,32,15,92,99,2016,169,-69,0
2016-08-29,AZ+HI,1,2,0,0,1,4,4,2016,169,-69,0
2016-08-30,DST states,6,18,16,27,14,81,84,2016,170,-68,1
2016-08-30,AZ+HI,1,1,2,0,0,4,4,2016,170,-68,1
2016-08-31,DST states,12,16,14,37,12,91,98,2016,171,-67,2
2016-08-31,AZ+HI,0,0,1,2,0,3,3,2016,171,-67,2
2016-09-01,DST states,11,22,27,26,19,105,112,2016,172,-66,3
2016-09-01,AZ+HI,0,1,0,0,2,3,3,2016,172,-66,3
2016-09-02,DST states,15,13,23,28,28,108,117,2016,173,-65,4
2016-09-02,AZ+HI,1,1,1,0,0,3,4,2016,173,-65,4
2016-09-03,DST states,28,15,18,35,24,121,136,2016,174,-64,5
2016-09-03,AZ+HI,1,0,1,2,0,4,5,2016,174,-64,5
2016-09-04,DST states,25,10,27,34,15,114,122,2016,175,-63,6
2016-09-04,AZ+HI,3,0,1,1,0,5,6,2016,175,-63,6
2016-09-05,DST states,18,17,18,38,7,99,109,2016,176,-62,0
2016-09-05,AZ+HI,0,0,1,0,0,1,1,2016,176,-62,0
2016-09-06,DST states,14,19,22,26,14,95,104,2016,177,-61,1
2016-09-06,AZ+HI,0,0,0,0,0,1,1,2016,177,-61,1
2016-09-07,DST states,4,23,14,28,15,86,91,2016,178,-60,2
2016-09-07,AZ+HI,1,0,0,0,0,1,1,2016,178,-60,2
2016-09-08,DST states,10,9,22,27,14,82,87,2016,179,-59,3
2016-09-08,AZ+HI,0,1,1,1,0,3,3,2016,179,-59,3
2016-09-09,DST states,9,20,18,33,18,98,105,2016,180,-58,4
2016-09-09,AZ+HI,0,0,1,2,0,3,3,2016,180,-58,4
2016-09-10,DST states,20,9,23,42,18,113,122,2016,181,-57,5
2016-09-10,AZ+HI,1,1,0,0,0,2,2,2016,181,-57,5
2016-09-11,DST states,36,11,22,34,9,112,121,2016,182,-56,6
2016-09-11,AZ+HI,3,0,0,0,0,3,3,2016,182,-56,6
2016-09-12,DST states,6,19,17,28,9,80,84,2016,183,-55,0
2016-09-12,AZ+HI,2,0,0,1,1,5,5,2016,183,-55,0
2016-09-13,DST states,3,21,24,32,9,90,93,2016,184,-54,1
2016-09-13,AZ+HI,0,0,0,0,0,0,0,2016,184,-54,1
2016-09-14,DST states,11,21,19,32,10,95,99,2016,185,-53,2
2016-09-14,AZ+HI,0,1,0,0,1,2,2,2016,185,-53,2
2016-09-15,DST states,8,19,18,36,7,89,92,2016,186,-52,3
2016-09-15,AZ+HI,0,0,0,1,2,3,3,2016,186,-52,3
2016-09-16,DST states,21,18,21,39,20,119,135,2016,187,-51,4
2016-09-16,AZ+HI,0,1,0,2,0,3,3,2016,187,-51,4
2016-09-17,DST states,26,23,29,40,20,138,154,2016,188,-50,5
2016-09-17,AZ+HI,1,0,1,4,1,7,7,2016,188,-50,5
2016-09-18,DST states,34,14,28,40,9,126,131,2016,189,-49,6
2016-09-18,AZ+HI,0,1,0,2,0,3,3,2016,189,-49,6
2016-09-19,DST states,11,23,18,33,10,95,100,2016,190,-48,0
2016-09-19,AZ+HI,0,2,1,1,0,4,4,2016,190,-48,0
2016-09-20,DST states,15,23,22,23,12,95,99,2016,191,-47,1
2016-09-20,AZ+HI,0,0,0,0,0,0,0,2016,191,-47,1
2016-09-21,DST states,7,27,17,31,12,94,102,2016,192,-46,2
2016-09-21,AZ+HI,0,0,1,2,1,4,5,2016,192,-46,2
2016-09-22,DST states,15,18,18,38,14,103,109,2016,193,-45,3
2016-09-22,AZ+HI,1,0,0,3,0,4,4,2016,193,-45,3
2016-09-23,DST states,13,13,22,41,17,109,120,2016,194,-44,4
2016-09-23,AZ+HI,1,1,1,1,1,5,5,2016,194,-44,4
2016-09-24,DST states,32,19,24,38,22,136,146,2016,195,-43,5
2016-09-24,AZ+HI,0,0,1,2,0,3,4,2016,195,-43,5
2016-09-25,DST states,35,12,19,37,9,112,123,2016,196,-42,6
2016-09-25,AZ+HI,0,0,1,0,1,2,2,2016,196,-42,6
2016-09-26,DST states,8,21,15,24,8,76,82,2016,197,-41,0
2016-09-26,AZ+HI,0,0,1,1,1,3,3,2016,197,-41,0
2016-09-27,DST states,10,25,19,27,5,87,91,2016,198,-40,1
2016-09-27,AZ+HI,0,1,1,0,0,2,2,2016,198,-40,1
2016-09-28,DST states,13,23,9,29,8,82,85,2016,199,-39,2
2016-09-28,AZ+HI,0,1,1,0,0,2,2,2016,199,-39,2
2016-09-29,DST states,12,18,14,31,11,86,88,2016,200,-38,3
2016-09-29,AZ+HI,0,0,0,1,0,1,1,2016,200,-38,3
2016-09-30,DST states,19,19,26,34,23,121,129,2016,201,-37,4
2016-09-30,AZ+HI,0,0,1,5,0,6,7,2016,201,-37,4
2016-10-01,DST states,28,5,18,30,22,106,119,2016,202,-36,5
2016-10-01,AZ+HI,0,1,0,0,1,2,2,2016,202,-36,5
2016-10-02,DST states,30,17,25,33,10,116,129,2016,203,-35,6
2016-10-02,AZ+HI,1,1,1,0,2,5,5,2016,203,-35,6
2016-10-03,DST states,15,21,22,33,12,105,113,2016,204,-34,0
2016-10-03,AZ+HI,0,3,1,2,0,6,6,2016,204,-34,0
2016-10-04,DST states,6,21,17,28,13,86,90,2016,205,-33,1
2016-10-04,AZ+HI,0,0,1,2,0,3,3,2016,205,-33,1
2016-10-05,DST states,15,18,17,31,10,91,99,2016,206,-32,2
2016-10-05,AZ+HI,0,0,0,1,0,1,1,2016,206,-32,2
2016-10-06,DST states,8,23,20,28,17,96,99,2016,207,-31,3
2016-10-06,AZ+HI,0,0,0,1,0,1,1,2016,207,-31,3
2016-10-07,DST states,15,17,26,32,22,113,121,2016,208,-30,4
2016-10-07,AZ+HI,0,1,0,2,0,3,3,2016,208,-30,4
2016-10-08,DST states,25,18,13,37,30,125,136,2016,209,-29,5
2016-10-08,AZ+HI,0,1,2,0,1,4,5,2016,209,-29,5
2016-10-09,DST states,32,9,13,31,11,96,103,2016,210,-28,6
2016-10-09,AZ+HI,0,0,0,2,0,2,2,2016,210,-28,6
2016-10-10,DST states,8,23,22,27,15,95,107,2016,211,-27,0
2016-10-10,AZ+HI,1,0,0,0,0,1,3,2016,211,-27,0
2016-10-11,DST states,8,19,18,27,12,84,88,2016,212,-26,1
2016-10-11,AZ+HI,0,1,0,1,0,2,2,2016,212,-26,1
2016-10-12,DST states,13,20,15,28,15,91,95,2016,213,-25,2
2016-10-12,AZ+HI,0,0,0,2,0,2,3,2016,213,-25,2
2016-10-13,DST states,9,17,16,34,20,97,103,2016,214,-24,3
2016-10-13,AZ+HI,0,1,0,2,0,3,3,2016,214,-24,3
2016-10-14,DST states,20,19,8,38,22,110,119,2016,215,-23,4
2016-10-14,AZ+HI,0,0,0,1,0,1,2,2016,215,-23,4
2016-10-15,DST states,29,11,24,44,22,130,146,2016,216,-22,5
2016-10-15,AZ+HI,2,0,0,1,1,4,4,2016,216,-22,5
2016-10-16,DST states,26,7,19,35,10,98,105,2016,217,-21,6
2016-10-16,AZ+HI,0,0,0,1,0,1,1,2016,217,-21,6
2016-10-17,DST states,10,20,20,39,9,99,107,2016,218,-20,0
2016-10-17,AZ+HI,0,1,0,0,0,1,2,2016,218,-20,0
2016-10-18,DST states,8,17,26,34,15,100,110,2016,219,-19,1
2016-10-18,AZ+HI,0,1,1,0,1,3,5,2016,219,-19,1
2016-10-19,DST states,9,13,23,24,12,81,85,2016,220,-18,2
2016-10-19,AZ+HI,1,0,0,0,0,1,1,2016,220,-18,2
2016-10-20,DST states,7,27,22,41,9,107,112,2016,221,-17,3
2016-10-20,AZ+HI,0,0,1,1,1,3,3,2016,221,-17,3
2016-10-21,DST states,11,23,15,45,15,109,117,2016,222,-16,4
2016-10-21,AZ+HI,0,0,1,0,0,1,1,2016,222,-16,4
2016-10-22,DST states,27,15,25,43,18,128,140,2016,223,-15,5
2016-10-22,AZ+HI,1,1,0,2,0,4,6,2016,223,-15,5
2016-10-23,DST states,26,20,16,29,15,108,132,2016,224,-14,6
2016-10-23,AZ+HI,1,1,3,0,1,6,6,2016,224,-14,6
2016-10-24,DST states,12,20,18,24,12,87,96,2016,225,-13,0
2016-10-24,AZ+HI,0,1,1,2,0,4,4,2016,225,-13,0
2016-10-25,DST states,13,20,20,25,10,88,95,2016,226,-12,1
2016-10-25,AZ+HI,1,0,1,0,1,3,3,2016,226,-12,1
2016-10-26,DST states,14,18,24,39,8,103,113,2016,227,-11,2
2016-10-26,AZ+HI,0,4,0,0,0,4,4,2016,227,-11,2
2016-10-27,DST states,14,18,17,22,14,86,91,2016,228,-10,3
2016-10-27,AZ+HI,0,1,0,2,1,4,4,2016,228,-10,3
2016-10-28,DST states,9,24,15,49,27,124,138,2016,229,-9,4
2016-10-28,AZ+HI,0,0,0,0,0,0,0,2016,229,-9,4
2016-10-29,DST states,34,10,31,39,15,129,142,2016,230,-8,5
2016-10-29,AZ+HI,0,0,0,1,0,1,2,2016,230,-8,5
2016-10-30,DST states,52,18,13,29,10,122,131,2016,231,-7,6
2016-10-30,AZ+HI,1,0,0,0,0,1,1,2016,231,-7,6
2016-10-31,DST states,13,21,14,40,12,100,107,2016,232,-6,0
2016-10-31,AZ+HI,0,0,0,0,0,0,0,2016,232,-6,0
2016-11-01,DST states,4,19,24,29,9,86,101,2016,233,-5,1
2016-11-01,AZ+HI,1,1,1,1,0,4,5,2016,233,-5,1
2016-11-02,DST states,9,22,26,32,11,100,110,2016,234,-4,2
2016-11-02,AZ+HI,0,0,1,1,0,2,2,2016,234,-4,2
2016-11-03,DST states,10,27,17,39,17,110,119,2016,235,-3,3
2016-11-03,AZ+HI,0,2,0,1,1,4,5,2016,235,-3,3
2016-11-04,DST states,8,24,19,36,18,106,117,2016,236,-2,4
2016-11-04,AZ+HI,0,1,1,0,0,2,3,2016,236,-2,4
2016-11-05,DST states,27,17,13,38,17,115,124,2016,237,-1,5
2016-11-05,AZ+HI,0,0,1,1,0,2,2,2016,237,-1,5
2016-11-06,DST states,37,12,18,37,12,119,132,2016,238,0,6
2016-11-06,AZ+HI,0,0,0,0,0,0,0,2016,238,0,6
2016-11-07,DST states,12,13,18,37,8,88,96,2016,239,1,0
2016-11-07,AZ+HI,1,2,1,2,0,6,6,2016,239,1,0
2016-11-08,DST states,12,14,23,32,10,91,95,2016,240,2,1
2016-11-08,AZ+HI,0,2,1,3,1,8,11,2016,240,2,1
2016-11-09,DST states,9,21,21,24,11,86,89,2016,241,3,2
2016-11-09,AZ+HI,0,1,0,1,1,3,3,2016,241,3,2
2016-11-10,DST states,5,21,16,38,10,90,95,2016,242,4,3
2016-11-10,AZ+HI,0,0,0,1,1,2,2,2016,242,4,3
2016-11-11,DST states,19,11,17,34,20,101,114,2016,243,5,4
2016-11-11,AZ+HI,0,0,0,2,0,2,3,2016,243,5,4
2016-11-12,DST states,24,14,21,42,16,119,134,2016,244,6,5
2016-11-12,AZ+HI,1,0,0,3,0,4,4,2016,244,6,5
2016-11-13,DST states,20,22,11,38,10,104,116,2016,245,7,6
2016-11-13,AZ+HI,1,2,0,2,0,5,5,2016,245,7,6
2016-11-14,DST states,13,14,19,43,10,99,105,2016,246,8,0
2016-11-14,AZ+HI,2,0,1,1,0,4,5,2016,246,8,0
2016-11-15,DST states,8,14,15,31,11,79,82,2016,247,9,1
2016-11-15,AZ+HI,0,0,1,1,0,2,2,2016,247,9,1
2016-11-16,DST states,7,15,10,46,12,93,94,2016,248,10,2
2016-11-16,AZ+HI,0,0,0,3,0,3,3,2016,248,10,2
2016-11-17,DST states,9,14,26,34,11,96,101,2016,249,11,3
2016-11-17,AZ+HI,0,0,0,1,0,1,1,2016,249,11,3
2016-11-18,DST states,14,21,21,50,16,123,131,2016,250,12,4
2016-11-18,AZ+HI,0,0,0,4,0,4,5,2016,250,12,4
2016-11-19,DST states,27,13,18,49,20,130,142,2016,251,13,5
2016-11-19,AZ+HI,1,0,0,1,0,2,2,2016,251,13,5
2016-11-20,DST states,33,19,9,29,9,101,111,2016,252,14,6
2016-11-20,AZ+HI,0,0,0,0,0,0,0,2016,252,14,6
2016-11-21,DST states,8,19,24,38,12,101,111,2016,253,15,0
2016-11-21,AZ+HI,0,0,1,0,0,1,1,2016,253,15,0
2016-11-22,DST states,11,8,16,41,7,83,88,2016,254,16,1
2016-11-22,AZ+HI,0,0,0,1,0,1,1,2016,254,16,1
2016-11-23,DST states,13,15,14,37,15,95,99,2016,255,17,2
2016-11-23,AZ+HI,0,0,1,3,0,5,5,2016,255,17,2
2016-11-24,DST states,18,12,19,41,17,107,117,2016,256,18,3
2016-11-24,AZ+HI,1,0,0,0,0,1,1,2016,256,18,3
2016-11-25,DST states,14,11,14,35,13,88,95,2016,257,19,4
2016-11-25,AZ+HI,1,1,1,1,1,5,5,2016,257,19,4
2016-11-26,DST states,34,12,18,26,12,102,119,2016,258,20,5
2016-11-26,AZ+HI,1,0,1,1,0,3,3,2016,258,20,5
2016-11-27,DST states,28,9,11,38,7,94,102,2016,259,21,6
2016-11-27,AZ+HI,0,0,1,1,0,2,2,2016,259,21,6
2016-11-28,DST states,7,22,18,23,10,80,87,2016,260,22,0
2016-11-28,AZ+HI,0,0,1,0,1,2,4,2016,260,22,0
2016-11-29,DST states,10,24,17,36,4,92,96,2016,261,23,1
2016-11-29,AZ+HI,0,0,0,0,0,0,0,2016,261,23,1
2016-11-30,DST states,7,17,21,24,11,80,81,2016,262,24,2
2016-11-30,AZ+HI,0,2,1,0,0,3,6,2016,262,24,2
2016-12-01,DST states,7,16,15,38,15,91,97,2016,263,25,3
2016-12-01,AZ+HI,0,1,2,0,1,4,5,2016,263,25,3
2016-12-02,DST states,13,15,15,42,15,101,113,2016,264,26,4
2016-12-02,AZ+HI,0,0,0,1,1,2,2,2016,264,26,4
2016-12-03,DST states,24,13,13,37,18,106,122,2016,265,27,5
2016-12-03,AZ+HI,1,3,0,2,2,8,8,2016,265,27,5
2016-12-04,DST states,25,11,17,38,7,98,106,2016,266,28,6
2016-12-04,AZ+HI,0,0,0,1,0,1,2,2016,266,28,6
2016-12-05,DST states,8,21,21,38,8,96,100,2016,267,29,0
2016-12-05,AZ+HI,0,0,0,1,0,1,1,2016,267,29,0
2016-12-06,DST states,7,17,14,25,11,74,79,2016,268,30,1
2016-12-06,AZ+HI,1,0,0,0,0,1,1,2016,268,30,1
2016-12-07,DST states,11,17,20,28,10,86,89,2016,269,31,2
2016-12-07,AZ+HI,0,0,0,1,0,1,1,2016,269,31,2
2016-12-08,DST states,5,19,22,30,8,84,92,2016,270,32,3
2016-12-08,AZ+HI,0,1,0,0,0,1,1,2016,270,32,3
2016-12-09,DST states,8,18,25,35,18,105,111,2016,271,33,4
2016-12-09,AZ+HI,0,1,1,2,0,4,5,2016,271,33,4
2016-12-10,DST states,24,18,24,19,17,103,113,2016,272,34,5
2016-12-10,AZ+HI,0,0,0,5,0,5,5,2016,272,34,5
2016-12-11,DST states,26,5,15,25,12,84,89,2016,273,35,6
2016-12-11,AZ+HI,1,1,0,0,0,2,2,2016,273,35,6
2016-12-12,DST states,7,21,14,24,8,75,78,2016,274,36,0
2016-12-12,AZ+HI,0,1,0,0,0,1,1,2016,274,36,0
2016-12-13,DST states,12,15,15,23,11,77,88,2016,275,37,1
2016-12-13,AZ+HI,0,0,1,1,0,2,3,2016,275,37,1
2016-12-14,DST states,8,12,14,22,10,66,71,2016,276,38,2
2016-12-14,AZ+HI,0,1,1,0,0,2,2,2016,276,38,2
2016-12-15,DST states,10,16,16,51,6,100,107,2016,277,39,3
2016-12-15,AZ+HI,0,1,0,1,0,2,2,2016,277,39,3
2016-12-16,DST states,11,11,15,48,18,107,116,2016,278,40,4
2016-12-16,AZ+HI,0,0,1,1,0,2,2,2016,278,40,4
2016-12-17,DST states,30,17,31,35,4,118,127,2016,279,41,5
2016-12-17,AZ+HI,0,0,0,1,0,1,1,2016,279,41,5
2016-12-18,DST states,32,10,18,23,14,97,108,2016,280,42,6
2016-12-18,AZ+HI,0,0,0,0,0,1,1,2016,280,42,6
2016-12-19,DST states,13,11,11,28,12,76,80,2016,281,43,0
2016-12-19,AZ+HI,0,1,0,0,0,1,1,2016,281,43,0
2016-12-20,DST states,6,13,11,40,12,84,91,2016,282,44,1
2016-12-20,AZ+HI,2,0,2,0,0,4,4,2016,282,44,1
2016-12-21,DST states,15,13,19,48,13,109,118,2016,283,45,2
2016-12-21,AZ+HI,1,1,0,1,0,3,3,2016,283,45,2
2016-12-22,DST states,10,19,13,39,14,95,106,2016,284,46,3
2016-12-22,AZ+HI,0,1,0,1,1,3,3,2016,284,46,3
2016-12-23,DST states,12,15,14,40,17,98,104,2016,285,47,4
2016-12-23,AZ+HI,0,1,1,1,1,4,4,2016,285,47,4
2016-12-24,DST states,29,19,21,39,12,120,136,2016,286,48,5
2016-12-24,AZ+HI,2,0,0,1,0,3,5,2016,286,48,5
2016-12-25,DST states,15,7,10,31,8,71,75,2016,287,49,6
2016-12-25,AZ+HI,0,1,0,0,0,1,1,2016,287,49,6
2016-12-26,DST states,11,10,19,26,14,80,86,2016,288,50,0
2016-12-26,AZ+HI,0,0,0,0,0,0,0,2016,288,50,0
2016-12-27,DST states,11,16,18,28,10,83,90,2016,289,51,1
2016-12-27,AZ+HI,0,0,1,0,1,2,2,2016,289,51,1
2016-12-28,DST states,9,7,20,32,13,81,89,2016,290,52,2
2016-12-28,AZ+HI,2,1,1,0,0,4,4,2016,290,52,2
2016-12-29,DST states,15,19,18,29,4,85,89,2016,291,53,3
2016-12-29,AZ+HI,0,0,0,2,0,2,2,2016,291,53,3
2016-12-30,DST states,7,15,12,33,5,72,77,2016,292,54,4
2016-12-30,AZ+HI,0,0,1,3,0,4,5,2016,292,54,4
2016-12-31,DST states,21,13,10,29,18,92,105,2016,293,55,5
2016-12-31,AZ+HI,1,0,0,1,2,4,4,2016,293,55,5
2017-01-01,DST states,43,25,26,28,8,131,141,2017,-70,-308,6
2017-01-01,AZ+HI,1,0,0,0,1,2,2,2017,-70,-308,6
2017-01-02,DST states,11,5,14,34,5,69,76,2017,-69,-307,0
2017-01-02,AZ+HI,1,0,0,2,0,3,3,2017,-69,-307,0
2017-01-03,DST states,6,14,22,23,5,70,73,2017,-68,-306,1
2017-01-03,AZ+HI,1,0,0,2,0,3,3,2017,-68,-306,1
2017-01-04,DST states,11,13,12,20,6,62,72,2017,-67,-305,2
2017-01-04,AZ+HI,0,1,0,1,0,2,2,2017,-67,-305,2
2017-01-05,DST states,7,20,20,27,9,83,90,2017,-66,-304,3
2017-01-05,AZ+HI,0,0,0,2,1,3,3,2017,-66,-304,3
2017-01-06,DST states,8,17,11,22,13,71,78,2017,-65,-303,4
2017-01-06,AZ+HI,0,1,0,2,0,3,4,2017,-65,-303,4
2017-01-07,DST states,13,9,15,28,7,72,80,2017,-64,-302,5
2017-01-07,AZ+HI,0,0,0,1,1,2,2,2017,-64,-302,5
2017-01-08,DST states,21,11,6,28,8,75,83,2017,-63,-301,6
2017-01-08,AZ+HI,0,0,1,1,0,3,3,2017,-63,-301,6
2017-01-09,DST states,6,22,18,21,11,78,80,2017,-62,-300,0
2017-01-09,AZ+HI,0,2,0,0,1,3,3,2017,-62,-300,0
2017-01-10,DST states,8,24,22,22,12,89,95,2017,-61,-299,1
2017-01-10,AZ+HI,0,1,0,1,1,3,3,2017,-61,-299,1
2017-01-11,DST states,11,21,17,28,10,88,99,2017,-60,-298,2
2017-01-11,AZ+HI,0,0,0,3,1,4,4,2017,-60,-298,2
2017-01-12,DST states,12,13,15,31,9,80,83,2017,-59,-297,3
2017-01-12,AZ+HI,1,1,0,0,1,3,3,2017,-59,-297,3
2017-01-13,DST states,12,11,16,44,21,104,110,2017,-58,-296,4
2017-01-13,AZ+HI,0,0,0,2,0,2,2,2017,-58,-296,4
2017-01-14,DST states,28,13,16,30,11,100,111,2017,-57,-295,5
2017-01-14,AZ+HI,1,1,1,0,0,3,4,2017,-57,-295,5
2017-01-15,DST states,24,8,13,22,12,79,88,2017,-56,-294,6
2017-01-15,AZ+HI,1,1,1,0,0,3,5,2017,-56,-294,6
2017-01-16,DST states,8,13,18,27,11,77,82,2017,-55,-293,0
2017-01-16,AZ+HI,0,0,0,2,0,2,3,2017,-55,-293,0
2017-01-17,DST states,7,11,22,39,8,88,105,2017,-54,-292,1
2017-01-17,AZ+HI,0,0,0,2,0,3,3,2017,-54,-292,1
2017-01-18,DST states,10,22,12,30,6,80,87,2017,-53,-291,2
2017-01-18,AZ+HI,1,0,0,0,1,2,3,2017,-53,-291,2
2017-01-19,DST states,9,17,28,22,12,88,92,2017,-52,-290,3
2017-01-19,AZ+HI,0,0,0,0,0,0,0,2017,-52,-290,3
2017-01-20,DST states,9,19,12,21,17,78,82,2017,-51,-289,4
2017-01-20,AZ+HI,0,0,1,3,0,4,4,2017,-51,-289,4
2017-01-21,DST states,19,8,11,23,20,82,91,2017,-50,-288,5
2017-01-21,AZ+HI,2,3,2,1,0,8,8,2017,-50,-288,5
2017-01-22,DST states,19,10,23,25,14,91,101,2017,-49,-287,6
2017-01-22,AZ+HI,0,0,0,2,0,2,2,2017,-49,-287,6
2017-01-23,DST states,5,21,16,32,6,81,85,2017,-48,-286,0
2017-01-23,AZ+HI,0,0,1,0,1,2,2,2017,-48,-286,0
2017-01-24,DST states,4,17,25,28,8,82,90,2017,-47,-285,1
2017-01-24,AZ+HI,0,2,2,0,1,5,5,2017,-47,-285,1
2017-01-25,DST states,5,17,12,27,9,70,74,2017,-46,-284,2
2017-01-25,AZ+HI,0,1,1,0,0,2,2,2017,-46,-284,2
2017-01-26,DST states,6,17,19,21,9,73,79,2017,-45,-283,3
2017-01-26,AZ+HI,0,0,0,1,0,1,1,2017,-45,-283,3
2017-01-27,DST states,15,16,19,31,13,94,103,2017,-44,-282,4
2017-01-27,AZ+HI,1,0,0,0,1,2,2,2017,-44,-282,4
2017-01-28,DST states,20,10,12,15,11,68,73,2017,-43,-281,5
2017-01-28,AZ+HI,0,0,0,1,1,2,2,2017,-43,-281,5
2017-01-29,DST states,20,15,9,30,7,81,83,2017,-42,-280,6
2017-01-29,AZ+HI,0,1,1,3,0,5,5,2017,-42,-280,6
2017-01-30,DST states,10,18,17,26,6,77,85,2017,-41,-279,0
2017-01-30,AZ+HI,0,0,0,0,0,0,0,2017,-41,-279,0
2017-01-31,DST states,7,16,13,32,11,80,84,2017,-40,-278,1
2017-01-31,AZ+HI,0,1,0,1,0,2,2,2017,-40,-278,1
2017-02-01,DST states,15,13,9,32,7,76,84,2017,-39,-277,2
2017-02-01,AZ+HI,1,0,1,1,0,3,3,2017,-39,-277,2
2017-02-02,DST states,14,11,9,31,12,77,85,2017,-38,-276,3
2017-02-02,AZ+HI,0,0,0,3,0,3,3,2017,-38,-276,3
2017-02-03,DST states,9,12,11,20,15,67,74,2017,-37,-275,4
2017-02-03,AZ+HI,0,0,0,1,0,1,1,2017,-37,-275,4
2017-02-04,DST states,27,13,16,26,8,91,100,2017,-36,-274,5
2017-02-04,AZ+HI,0,0,1,2,2,5,5,2017,-36,-274,5
2017-02-05,DST states,25,9,9,28,16,88,100,2017,-35,-273,6
2017-02-05,AZ+HI,1,0,0,1,0,2,2,2017,-35,-273,6
2017-02-06,DST states,21,16,13,27,6,83,87,2017,-34,-272,0
2017-02-06,AZ+HI,0,0,0,0,0,0,0,2017,-34,-272,0
2017-02-07,DST states,8,12,14,17,10,64,79,2017,-33,-271,1
2017-02-07,AZ+HI,0,0,0,1,0,1,1,2017,-33,-271,1
2017-02-08,DST states,10,15,10,22,3,62,67,2017,-32,-270,2
2017-02-08,AZ+HI,1,4,2,0,0,7,7,2017,-32,-270,2
2017-02-09,DST states,7,13,15,24,7,66,72,2017,-31,-269,3
2017-02-09,AZ+HI,0,1,0,1,0,2,2,2017,-31,-269,3
2017-02-10,DST states,9,17,16,23,15,80,84,2017,-30,-268,4
2017-02-10,AZ+HI,0,1,0,1,0,2,2,2017,-30,-268,4
2017-02-11,DST states,15,11,15,48,15,105,113,2017,-29,-267,5
2017-02-11,AZ+HI,1,1,1,0,0,3,3,2017,-29,-267,5
2017-02-12,DST states,20,3,15,27,9,75,83,2017,-28,-266,6
2017-02-12,AZ+HI,0,1,3,0,1,5,5,2017,-28,-266,6
2017-02-13,DST states,4,17,12,25,6,64,70,2017,-27,-265,0
2017-02-13,AZ+HI,0,1,2,0,0,3,3,2017,-27,-265,0
2017-02-14,DST states,6,19,18,31,4,78,85,2017,-26,-264,1
2017-02-14,AZ+HI,0,1,1,1,0,3,3,2017,-26,-264,1
2017-02-15,DST states,10,12,10,40,7,79,84,2017,-25,-263,2
2017-02-15,AZ+HI,0,1,1,0,0,2,2,2017,-25,-263,2
2017-02-16,DST states,5,16,20,23,8,72,78,2017,-24,-262,3
2017-02-16,AZ+HI,0,1,1,1,0,3,3,2017,-24,-262,3
2017-02-17,DST states,13,12,24,42,10,103,106,2017,-23,-261,4
2017-02-17,AZ+HI,0,0,0,3,0,3,3,2017,-23,-261,4
2017-02-18,DST states,23,13,15,39,19,109,133,2017,-22,-260,5
2017-02-18,AZ+HI,0,0,0,1,0,1,1,2017,-22,-260,5
2017-02-19,DST states,21,8,27,31,13,101,108,2017,-21,-259,6
2017-02-19,AZ+HI,1,0,0,1,0,2,2,2017,-21,-259,6
2017-02-20,DST states,9,12,13,18,10,62,70,2017,-20,-258,0
2017-02-20,AZ+HI,0,1,0,0,0,1,1,2017,-20,-258,0
2017-02-21,DST states,4,13,11,29,6,64,68,2017,-19,-257,1
2017-02-21,AZ+HI,0,0,0,0,1,1,1,2017,-19,-257,1
2017-02-22,DST states,8,13,15,25,4,65,70,2017,-18,-256,2
2017-02-22,AZ+HI,0,0,0,1,0,1,2,2017,-18,-256,2
2017-02-23,DST states,11,17,14,27,17,86,92,2017,-17,-255,3
2017-02-23,AZ+HI,0,1,1,2,0,4,4,2017,-17,-255,3
2017-02-24,DST states,10,12,18,44,21,105,113,2017,-16,-254,4
2017-02-24,AZ+HI,1,0,1,0,1,3,3,2017,-16,-254,4
2017-02-25,DST states,22,15,13,34,14,98,112,2017,-15,-253,5
2017-02-25,AZ+HI,0,0,1,1,0,2,2,2017,-15,-253,5
2017-02-26,DST states,24,10,10,25,14,83,90,2017,-14,-252,6
2017-02-26,AZ+HI,0,0,0,1,1,2,2,2017,-14,-252,6
2017-02-27,DST states,11,14,15,22,9,71,74,2017,-13,-251,0
2017-02-27,AZ+HI,0,1,0,0,0,1,1,2017,-13,-251,0
2017-02-28,DST states,6,11,16,24,10,67,75,2017,-12,-250,1
2017-02-28,AZ+HI,0,2,1,1,1,5,5,2017,-12,-250,1
2017-03-01,DST states,10,14,13,34,9,80,81,2017,-11,-249,2
2017-03-01,AZ+HI,0,0,0,0,0,0,0,2017,-11,-249,2
2017-03-02,DST states,6,22,15,26,10,80,87,2017,-10,-248,3
2017-03-02,AZ+HI,0,0,0,0,0,0,0,2017,-10,-248,3
2017-03-03,DST states,13,8,16,48,22,107,115,2017,-9,-247,4
2017-03-03,AZ+HI,0,1,0,1,1,3,3,2017,-9,-247,4
2017-03-04,DST states,20,9,18,33,19,100,108,2017,-8,-246,5
2017-03-04,AZ+HI,0,1,0,1,0,2,3,2017,-8,-246,5
2017-03-05,DST states,31,10,16,34,12,107,121,2017,-7,-245,6
2017-03-05,AZ+HI,1,0,0,0,0,1,1,2017,-7,-245,6
2017-03-06,DST states,6,6,16,16,10,55,58,2017,-6,-244,0
2017-03-06,AZ+HI,0,0,1,2,0,3,3,2017,-6,-244,0
2017-03-07,DST states,8,22,21,31,7,89,97,2017,-5,-243,1
2017-03-07,AZ+HI,0,1,2,1,0,4,6,2017,-5,-243,1
2017-03-08,DST states,3,16,15,22,5,63,70,2017,-4,-242,2
2017-03-08,AZ+HI,0,0,1,2,0,3,3,2017,-4,-242,2
2017-03-09,DST states,13,16,14,26,9,80,85,2017,-3,-241,3
2017-03-09,AZ+HI,0,1,0,0,0,1,1,2017,-3,-241,3
2017-03-10,DST states,10,16,17,26,13,83,91,2017,-2,-240,4
2017-03-10,AZ+HI,0,0,0,2,1,3,3,2017,-2,-240,4
2017-03-11,DST states,22,14,13,34,17,100,114,2017,-1,-239,5
2017-03-11,AZ+HI,0,1,2,0,1,4,4,2017,-1,-239,5
2017-03-12,DST states,25,13,14,21,17,90,98,2017,0,-238,6
2017-03-12,AZ+HI,0,0,1,2,1,4,4,2017,0,-238,6
2017-03-13,DST states,5,17,15,33,16,86,90,2017,1,-237,0
2017-03-13,AZ+HI,0,0,1,0,0,1,1,2017,1,-237,0
2017-03-14,DST states,4,14,12,24,14,69,75,2017,2,-236,1
2017-03-14,AZ+HI,0,0,1,0,0,1,1,2017,2,-236,1
2017-03-15,DST states,13,15,16,25,11,80,84,2017,3,-235,2
2017-03-15,AZ+HI,0,0,0,2,0,2,2,2017,3,-235,2
2017-03-16,DST states,3,15,13,30,9,70,73,2017,4,-234,3
2017-03-16,AZ+HI,0,1,0,1,0,2,3,2017,4,-234,3
2017-03-17,DST states,9,16,19,30,21,95,101,2017,5,-233,4
2017-03-17,AZ+HI,1,0,0,1,0,2,2,2017,5,-233,4
2017-03-18,DST states,24,17,21,44,18,126,138,2017,6,-232,5
2017-03-18,AZ+HI,1,0,0,5,1,7,7,2017,6,-232,5
2017-03-19,DST states,23,16,15,21,11,87,100,2017,7,-231,6
2017-03-19,AZ+HI,1,1,2,3,0,7,8,2017,7,-231,6
2017-03-20,DST states,7,19,18,22,11,77,82,2017,8,-230,0
2017-03-20,AZ+HI,0,1,0,0,0,1,1,2017,8,-230,0
2017-03-21,DST states,5,13,20,25,7,71,81,2017,9,-229,1
2017-03-21,AZ+HI,1,0,1,0,0,2,3,2017,9,-229,1
2017-03-22,DST states,9,19,12,26,8,75,79,2017,10,-228,2
2017-03-22,AZ+HI,0,0,0,1,0,1,1,2017,10,-228,2
2017-03-23,DST states,9,15,16,25,14,80,84,2017,11,-227,3
2017-03-23,AZ+HI,0,1,0,0,0,1,1,2017,11,-227,3
2017-03-24,DST states,16,10,17,23,14,80,90,2017,12,-226,4
2017-03-24,AZ+HI,1,0,2,2,0,5,5,2017,12,-226,4
2017-03-25,DST states,26,16,18,31,10,101,109,2017,13,-225,5
2017-03-25,AZ+HI,0,0,0,1,0,1,1,2017,13,-225,5
2017-03-26,DST states,30,6,12,24,8,80,87,2017,14,-224,6
2017-03-26,AZ+HI,1,1,0,0,1,3,3,2017,14,-224,6
2017-03-27,DST states,10,22,14,16,10,73,79,2017,15,-223,0
2017-03-27,AZ+HI,0,0,0,1,1,3,3,2017,15,-223,0
2017-03-28,DST states,8,17,21,22,5,74,80,2017,16,-222,1
2017-03-28,AZ+HI,0,0,1,1,0,2,2,2017,16,-222,1
2017-03-29,DST states,10,19,14,26,7,76,93,2017,17,-221,2
2017-03-29,AZ+HI,0,0,0,0,0,0,0,2017,17,-221,2
2017-03-30,DST states,10,17,18,26,20,92,99,2017,18,-220,3
2017-03-30,AZ+HI,0,1,0,1,1,3,3,2017,18,-220,3
2017-03-31,DST states,11,19,12,21,22,85,92,2017,19,-219,4
2017-03-31,AZ+HI,1,2,1,2,0,6,9,2017,19,-219,4
2017-04-01,DST states,22,15,19,29,16,101,111,2017,20,-218,5
2017-04-01,AZ+HI,1,1,1,2,0,5,5,2017,20,-218,5
2017-04-02,DST states,22,14,17,36,14,103,118,2017,21,-217,6
2017-04-02,AZ+HI,0,0,0,1,0,1,1,2017,21,-217,6
2017-04-03,DST states,14,14,17,17,15,77,82,2017,22,-216,0
2017-04-03,AZ+HI,1,0,0,0,0,1,1,2017,22,-216,0
2017-04-04,DST states,9,21,17,19,12,78,85,2017,23,-215,1
2017-04-04,AZ+HI,0,0,1,0,1,2,2,2017,23,-215,1
2017-04-05,DST states,8,15,13,28,12,76,82,2017,24,-214,2
2017-04-05,AZ+HI,2,2,1,0,0,5,5,2017,24,-214,2
2017-04-06,DST states,10,23,15,33,10,92,98,2017,25,-213,3
2017-04-06,AZ+HI,0,0,0,1,0,2,2,2017,25,-213,3
2017-04-07,DST states,13,17,19,29,17,95,104,2017,26,-212,4
2017-04-07,AZ+HI,1,1,0,3,0,5,5,2017,26,-212,4
2017-04-08,DST states,24,11,15,42,14,107,116,2017,27,-211,5
2017-04-08,AZ+HI,0,1,0,1,1,3,3,2017,27,-211,5
2017-04-09,DST states,24,18,15,45,14,118,128,2017,28,-210,6
2017-04-09,AZ+HI,0,0,1,0,1,2,2,2017,28,-210,6
2017-04-10,DST states,12,8,18,28,8,74,81,2017,29,-209,0
2017-04-10,AZ+HI,0,1,0,0,2,3,3,2017,29,-209,0
2017-04-11,DST states,6,17,15,17,18,73,75,2017,30,-208,1
2017-04-11,AZ+HI,2,0,1,1,0,5,5,2017,30,-208,1
2017-04-12,DST states,8,11,13,25,20,77,80,2017,31,-207,2
2017-04-12,AZ+HI,0,0,0,1,0,1,1,2017,31,-207,2
2017-04-13,DST states,10,18,17,26,18,89,100,2017,32,-206,3
2017-04-13,AZ+HI,0,0,0,2,0,2,4,2017,32,-206,3
2017-04-14,DST states,17,18,16,45,13,110,121,2017,33,-205,4
2017-04-14,AZ+HI,3,1,0,0,1,5,7,2017,33,-205,4
2017-04-15,DST states,22,13,18,39,24,117,129,2017,34,-204,5
2017-04-15,AZ+HI,1,0,0,0,0,1,1,2017,34,-204,5
2017-04-16,DST states,19,6,23,27,13,88,91,2017,35,-203,6
2017-04-16,AZ+HI,0,0,0,2,0,2,2,2017,35,-203,6
2017-04-17,DST states,13,14,21,29,7,84,93,2017,36,-202,0
2017-04-17,AZ+HI,0,0,0,0,0,0,0,2017,36,-202,0
2017-04-18,DST states,10,11,18,28,13,80,82,2017,37,-201,1
2017-04-18,AZ+HI,0,2,0,0,0,2,2,2017,37,-201,1
2017-04-19,DST states,6,10,16,22,11,66,69,2017,38,-200,2
2017-04-19,AZ+HI,0,0,2,0,0,2,2,2017,38,-200,2
2017-04-20,DST states,8,11,18,25,11,73,79,2017,39,-199,3
2017-04-20,AZ+HI,0,2,0,1,1,4,6,2017,39,-199,3
2017-04-21,DST states,12,13,13,32,14,84,85,2017,40,-198,4
2017-04-21,AZ+HI,2,0,1,1,0,4,4,2017,40,-198,4
2017-04-22,DST states,22,12,26,32,21,114,125,2017,41,-197,5
2017-04-22,AZ+HI,0,0,1,1,1,3,3,2017,41,-197,5
2017-04-23,DST states,28,13,14,39,10,104,120,2017,42,-196,6
2017-04-23,AZ+HI,0,1,1,2,0,4,5,2017,42,-196,6
2017-04-24,DST states,8,15,18,30,12,83,93,2017,43,-195,0
2017-04-24,AZ+HI,2,0,0,1,0,3,3,2017,43,-195,0
2017-04-25,DST states,5,16,21,25,10,77,82,2017,44,-194,1
2017-04-25,AZ+HI,0,0,0,1,0,1,1,2017,44,-194,1
2017-04-26,DST states,12,13,17,19,11,72,73,2017,45,-193,2
2017-04-26,AZ+HI,0,2,0,0,0,2,2,2017,45,-193,2
2017-04-27,DST states,10,9,13,26,7,66,69,2017,46,-192,3
2017-04-27,AZ+HI,0,0,1,0,1,2,2,2017,46,-192,3
2017-04-28,DST states,18,13,17,28,20,97,108,2017,47,-191,4
2017-04-28,AZ+HI,0,2,1,2,0,5,5,2017,47,-191,4
2017-04-29,DST states,27,9,24,36,17,115,124,2017,48,-190,5
2017-04-29,AZ+HI,0,0,0,1,1,2,2,2017,48,-190,5
2017-04-30,DST states,19,7,18,34,20,100,103,2017,49,-189,6
2017-04-30,AZ+HI,0,0,0,0,1,1,1,2017,49,-189,6
2017-05-01,DST states,12,16,15,30,11,84,92,2017,50,-188,0
2017-05-01,AZ+HI,0,1,0,2,0,3,4,2017,50,-188,0
2017-05-02,DST states,6,9,9,26,10,60,65,2017,51,-187,1
2017-05-02,AZ+HI,1,0,1,0,0,2,2,2017,51,-187,1
2017-05-03,DST states,8,11,19,21,8,68,72,2017,52,-186,2
2017-05-03,AZ+HI,0,2,0,3,0,5,5,2017,52,-186,2
2017-05-04,DST states,5,17,26,24,7,79,83,2017,53,-185,3
2017-05-04,AZ+HI,0,1,2,1,0,4,4,2017,53,-185,3
2017-05-05,DST states,22,16,18,24,23,103,108,2017,54,-184,4
2017-05-05,AZ+HI,0,1,0,4,0,5,5,2017,54,-184,4
2017-05-06,DST states,36,13,16,24,13,102,108,2017,55,-183,5
2017-05-06,AZ+HI,2,0,1,0,2,6,7,2017,55,-183,5
2017-05-07,DST states,31,9,21,26,13,100,109,2017,56,-182,6
2017-05-07,AZ+HI,1,0,2,0,2,5,6,2017,56,-182,6
2017-05-08,DST states,9,15,17,20,8,70,76,2017,57,-181,0
2017-05-08,AZ+HI,0,0,0,0,0,0,0,2017,57,-181,0
2017-05-09,DST states,12,17,18,24,19,90,99,2017,58,-180,1
2017-05-09,AZ+HI,0,1,1,1,0,3,3,2017,58,-180,1
2017-05-10,DST states,8,10,13,36,10,77,79,2017,59,-179,2
2017-05-10,AZ+HI,0,0,0,1,2,3,3,2017,59,-179,2
2017-05-11,DST states,14,12,14,26,12,80,87,2017,60,-178,3
2017-05-11,AZ+HI,1,0,1,0,0,2,2,2017,60,-178,3
2017-05-12,DST states,18,12,17,36,25,108,126,2017,61,-177,4
2017-05-12,AZ+HI,0,0,0,2,2,4,4,2017,61,-177,4
2017-05-13,DST states,27,15,25,36,20,124,140,2017,62,-176,5
2017-05-13,AZ+HI,0,0,0,0,1,1,1,2017,62,-176,5
2017-05-14,DST states,32,10,18,29,12,102,114,2017,63,-175,6
2017-05-14,AZ+HI,3,2,1,1,0,7,8,2017,63,-175,6
2017-05-15,DST states,15,10,20,27,14,86,95,2017,64,-174,0
2017-05-15,AZ+HI,0,0,0,1,0,1,1,2017,64,-174,0
2017-05-16,DST states,7,13,29,23,12,84,92,2017,65,-173,1
2017-05-16,AZ+HI,0,0,2,0,1,4,5,2017,65,-173,1
2017-05-17,DST states,10,18,15,33,13,90,97,2017,66,-172,2
2017-05-17,AZ+HI,0,1,0,0,0,1,3,2017,66,-172,2
2017-05-18,DST states,18,25,19,38,21,123,134,2017,67,-171,3
2017-05-18,AZ+HI,1,3,0,0,1,5,6,2017,67,-171,3
2017-05-19,DST states,17,17,20,38,17,109,118,2017,68,-170,4
2017-05-19,AZ+HI,0,0,1,0,0,1,1,2017,68,-170,4
2017-05-20,DST states,22,12,13,34,20,101,108,2017,69,-169,5
2017-05-20,AZ+HI,0,1,2,0,1,4,6,2017,69,-169,5
2017-05-21,DST states,26,7,22,33,11,99,106,2017,70,-168,6
2017-05-21,AZ+HI,0,0,2,0,0,2,2,2017,70,-168,6
2017-05-22,DST states,10,17,23,23,13,86,94,2017,71,-167,0
2017-05-22,AZ+HI,0,1,1,0,1,3,3,2017,71,-167,0
2017-05-23,DST states,7,8,21,22,18,76,82,2017,72,-166,1
2017-05-23,AZ+HI,1,1,1,1,0,4,4,2017,72,-166,1
2017-05-24,DST states,7,8,16,28,9,70,81,2017,73,-165,2
2017-05-24,AZ+HI,0,0,2,1,0,3,3,2017,73,-165,2
2017-05-25,DST states,6,4,27,18,10,66,69,2017,74,-164,3
2017-05-25,AZ+HI,2,0,1,1,0,4,4,2017,74,-164,3
2017-05-26,DST states,14,13,22,35,19,104,110,2017,75,-163,4
2017-05-26,AZ+HI,0,1,0,0,2,3,7,2017,75,-163,4
2017-05-27,DST states,28,15,11,30,22,107,124,2017,76,-162,5
2017-05-27,AZ+HI,0,0,1,0,0,1,1,2017,76,-162,5
2017-05-28,DST states,24,12,20,32,11,100,108,2017,77,-161,6
2017-05-28,AZ+HI,0,1,1,1,0,3,5,2017,77,-161,6
2017-05-29,DST states,20,12,20,34,14,102,113,2017,78,-160,0
2017-05-29,AZ+HI,0,1,0,0,0,1,1,2017,78,-160,0
2017-05-30,DST states,11,18,22,21,15,88,101,2017,79,-159,1
2017-05-30,AZ+HI,1,1,0,1,0,3,3,2017,79,-159,1
2017-05-31,DST states,12,7,19,27,13,79,84,2017,80,-158,2
2017-05-31,AZ+HI,1,2,0,1,1,5,5,2017,80,-158,2
2017-06-01,DST states,11,9,17,35,14,87,93,2017,81,-157,3
2017-06-01,AZ+HI,1,1,0,0,1,3,3,2017,81,-157,3
2017-06-02,DST states,15,12,18,32,27,106,112,2017,82,-156,4
2017-06-02,AZ+HI,0,0,0,2,1,3,3,2017,82,-156,4
2017-06-03,DST states,28,16,17,33,23,118,126,2017,83,-155,5
2017-06-03,AZ+HI,3,0,0,0,0,3,3,2017,83,-155,5
2017-06-04,DST states,33,6,22,34,13,110,115,2017,84,-154,6
2017-06-04,AZ+HI,0,0,0,1,0,1,1,2017,84,-154,6
2017-06-05,DST states,12,21,14,21,10,79,81,2017,85,-153,0
2017-06-05,AZ+HI,0,1,1,1,1,4,4,2017,85,-153,0
2017-06-06,DST states,11,9,19,37,12,88,102,2017,86,-152,1
2017-06-06,AZ+HI,0,0,1,2,1,4,5,2017,86,-152,1
2017-06-07,DST states,9,15,17,25,17,84,88,2017,87,-151,2
2017-06-07,AZ+HI,1,1,1,1,0,4,4,2017,87,-151,2
2017-06-08,DST states,9,16,18,29,13,85,91,2017,88,-150,3
2017-06-08,AZ+HI,0,0,0,0,0,0,0,2017,88,-150,3
2017-06-09,DST states,15,15,24,30,18,102,111,2017,89,-149,4
2017-06-09,AZ+HI,0,1,1,1,0,3,3,2017,89,-149,4
2017-06-10,DST states,29,13,27,46,22,138,151,2017,90,-148,5
2017-06-10,AZ+HI,1,0,1,0,2,4,4,2017,90,-148,5
2017-06-11,DST states,36,15,24,33,17,127,133,2017,91,-147,6
2017-06-11,AZ+HI,0,0,1,0,0,1,1,2017,91,-147,6
2017-06-12,DST states,14,16,28,39,11,110,120,2017,92,-146,0
2017-06-12,AZ+HI,0,1,0,3,0,4,4,2017,92,-146,0
2017-06-13,DST states,10,11,24,24,7,77,83,2017,93,-145,1
2017-06-13,AZ+HI,0,0,2,1,0,3,3,2017,93,-145,1
2017-06-14,DST states,8,10,25,28,12,85,92,2017,94,-144,2
2017-06-14,AZ+HI,0,0,0,0,0,0,0,2017,94,-144,2
2017-06-15,DST states,8,18,23,24,18,91,94,2017,95,-143,3
2017-06-15,AZ+HI,1,0,0,1,1,3,3,2017,95,-143,3
2017-06-16,DST states,11,16,21,30,21,99,114,2017,96,-142,4
2017-06-16,AZ+HI,0,2,2,0,1,5,5,2017,96,-142,4
2017-06-17,DST states,29,14,19,37,26,125,133,2017,97,-141,5
2017-06-17,AZ+HI,0,0,1,1,1,3,3,2017,97,-141,5
2017-06-18,DST states,31,8,18,28,20,105,113,2017,98,-140,6
2017-06-18,AZ+HI,0,0,0,0,0,0,0,2017,98,-140,6
2017-06-19,DST states,16,10,22,35,12,95,106,2017,99,-139,0
2017-06-19,AZ+HI,0,0,1,1,0,2,2,2017,99,-139,0
2017-06-20,DST states,11,15,19,30,16,92,100,2017,100,-138,1
2017-06-20,AZ+HI,0,0,1,1,0,2,2,2017,100,-138,1
2017-06-21,DST states,12,12,30,30,15,100,109,2017,101,-137,2
2017-06-21,AZ+HI,0,1,0,1,1,3,3,2017,101,-137,2
2017-06-22,DST states,14,9,17,22,16,78,87,2017,102,-136,3
2017-06-22,AZ+HI,0,0,0,0,1,1,1,2017,102,-136,3
2017-06-23,DST states,18,17,31,30,15,111,117,2017,103,-135,4
2017-06-23,AZ+HI,1,0,0,1,0,2,2,2017,103,-135,4
2017-06-24,DST states,22,21,28,38,22,132,143,2017,104,-134,5
2017-06-24,AZ+HI,0,1,3,0,3,7,7,2017,104,-134,5
2017-06-25,DST states,25,9,15,35,10,96,106,2017,105,-133,6
2017-06-25,AZ+HI,1,0,1,0,1,3,3,2017,105,-133,6
2017-06-26,DST states,13,15,18,19,12,79,82,2017,106,-132,0
2017-06-26,AZ+HI,0,1,0,2,0,3,3,2017,106,-132,0
2017-06-27,DST states,8,8,23,23,10,72,78,2017,107,-131,1
2017-06-27,AZ+HI,0,0,0,0,0,0,0,2017,107,-131,1
2017-06-28,DST states,11,9,15,35,14,84,96,2017,108,-130,2
2017-06-28,AZ+HI,0,0,0,1,0,1,1,2017,108,-130,2
2017-06-29,DST states,15,11,21,22,18,89,98,2017,109,-129,3
2017-06-29,AZ+HI,0,1,0,1,0,2,2,2017,109,-129,3
2017-06-30,DST states,13,15,19,37,30,114,130,2017,110,-128,4
2017-06-30,AZ+HI,0,0,0,0,0,0,0,2017,110,-128,4
2017-07-01,DST states,28,8,17,44,30,128,140,2017,111,-127,5
2017-07-01,AZ+HI,1,0,1,2,0,4,4,2017,111,-127,5
2017-07-02,DST states,21,8,15,41,24,109,117,2017,112,-126,6
2017-07-02,AZ+HI,0,0,1,0,0,1,1,2017,112,-126,6
2017-07-03,DST states,15,11,25,42,23,119,130,2017,113,-125,0
2017-07-03,AZ+HI,2,0,1,1,0,4,5,2017,113,-125,0
2017-07-04,DST states,24,11,22,35,24,118,134,2017,114,-124,1
2017-07-04,AZ+HI,1,0,1,1,0,3,3,2017,114,-124,1
2017-07-05,DST states,13,10,17,30,15,89,98,2017,115,-123,2
2017-07-05,AZ+HI,0,0,0,0,0,0,0,2017,115,-123,2
2017-07-06,DST states,13,13,21,16,14,79,85,2017,116,-122,3
2017-07-06,AZ+HI,2,0,1,2,2,7,7,2017,116,-122,3
2017-07-07,DST states,16,8,25,30,17,97,110,2017,117,-121,4
2017-07-07,AZ+HI,1,1,1,1,1,5,5,2017,117,-121,4
2017-07-08,DST states,27,3,20,29,22,103,113,2017,118,-120,5
2017-07-08,AZ+HI,0,0,0,4,0,4,4,2017,118,-120,5
2017-07-09,DST states,21,14,25,29,18,107,117,2017,119,-119,6
2017-07-09,AZ+HI,1,0,0,1,0,2,2,2017,119,-119,6
2017-07-10,DST states,7,9,25,32,16,89,97,2017,120,-118,0
2017-07-10,AZ+HI,1,0,1,0,0,2,2,2017,120,-118,0
2017-07-11,DST states,9,16,27,25,8,86,100,2017,121,-117,1
2017-07-11,AZ+HI,0,0,1,1,0,2,2,2017,121,-117,1
2017-07-12,DST states,8,13,28,19,20,88,94,2017,122,-116,2
2017-07-12,AZ+HI,1,1,0,2,1,5,5,2017,122,-116,2
2017-07-13,DST states,11,10,19,32,22,94,107,2017,123,-115,3
2017-07-13,AZ+HI,1,1,0,1,0,3,4,2017,123,-115,3
2017-07-14,DST states,16,23,24,36,27,126,131,2017,124,-114,4
2017-07-14,AZ+HI,1,1,1,1,1,5,5,2017,124,-114,4
2017-07-15,DST states,33,19,21,38,31,144,150,2017,125,-113,5
2017-07-15,AZ+HI,0,0,0,0,1,1,1,2017,125,-113,5
2017-07-16,DST states,29,10,26,30,15,110,117,2017,126,-112,6
2017-07-16,AZ+HI,1,0,0,0,0,1,1,2017,126,-112,6
2017-07-17,DST states,11,11,21,31,10,86,98,2017,127,-111,0
2017-07-17,AZ+HI,0,0,0,1,1,2,2,2017,127,-111,0
2017-07-18,DST states,11,15,22,25,10,84,89,2017,128,-110,1
2017-07-18,AZ+HI,0,0,1,1,0,3,3,2017,128,-110,1
2017-07-19,DST states,12,16,20,22,17,87,93,2017,129,-109,2
2017-07-19,AZ+HI,0,0,1,0,0,1,1,2017,129,-109,2
2017-07-20,DST states,16,17,20,27,24,104,110,2017,130,-108,3
2017-07-20,AZ+HI,0,1,2,2,0,5,7,2017,130,-108,3
2017-07-21,DST states,22,21,29,39,16,127,137,2017,131,-107,4
2017-07-21,AZ+HI,1,0,1,1,0,3,3,2017,131,-107,4
2017-07-22,DST states,19,10,23,30,28,110,121,2017,132,-106,5
2017-07-22,AZ+HI,0,0,0,1,2,3,3,2017,132,-106,5
2017-07-23,DST states,25,10,23,41,18,117,130,2017,133,-105,6
2017-07-23,AZ+HI,0,2,0,0,0,2,2,2017,133,-105,6
2017-07-24,DST states,14,20,24,23,6,88,95,2017,134,-104,0
2017-07-24,AZ+HI,1,0,1,2,0,4,4,2017,134,-104,0
2017-07-25,DST states,5,18,24,27,9,83,89,2017,135,-103,1
2017-07-25,AZ+HI,2,1,0,2,0,5,6,2017,135,-103,1
2017-07-26,DST states,13,15,12,24,14,79,87,2017,136,-102,2
2017-07-26,AZ+HI,0,1,0,0,0,1,1,2017,136,-102,2
2017-07-27,DST states,11,12,24,31,15,95,105,2017,137,-101,3
2017-07-27,AZ+HI,2,0,1,0,0,3,3,2017,137,-101,3
2017-07-28,DST states,18,17,18,34,19,106,116,2017,138,-100,4
2017-07-28,AZ+HI,3,0,0,1,0,4,5,2017,138,-100,4
2017-07-29,DST states,26,15,23,31,14,110,124,2017,139,-99,5
2017-07-29,AZ+HI,1,0,1,0,1,3,3,2017,139,-99,5
2017-07-30,DST states,17,15,19,37,15,105,115,2017,140,-98,6
2017-07-30,AZ+HI,0,1,0,0,0,1,1,2017,140,-98,6
2017-07-31,DST states,6,13,14,32,12,78,81,2017,141,-97,0
2017-07-31,AZ+HI,1,0,1,1,0,3,3,2017,141,-97,0
2017-08-01,DST states,18,13,28,24,8,91,97,2017,142,-96,1
2017-08-01,AZ+HI,0,1,0,1,0,2,2,2017,142,-96,1
2017-08-02,DST states,10,6,20,26,13,76,85,2017,143,-95,2
2017-08-02,AZ+HI,0,0,2,0,0,2,3,2017,143,-95,2
2017-08-03,DST states,9,13,22,31,11,87,90,2017,144,-94,3
2017-08-03,AZ+HI,0,1,0,1,1,3,3,2017,144,-94,3
2017-08-04,DST states,19,22,28,32,25,129,135,2017,145,-93,4
2017-08-04,AZ+HI,1,0,1,1,0,3,4,2017,145,-93,4
2017-08-05,DST states,27,15,35,36,25,139,148,2017,146,-92,5
2017-08-05,AZ+HI,0,0,0,0,0,0,0,2017,146,-92,5
2017-08-06,DST states,31,9,16,31,16,104,114,2017,147,-91,6
2017-08-06,AZ+HI,0,0,2,1,2,5,6,2017,147,-91,6
2017-08-07,DST states,12,15,11,27,11,77,83,2017,148,-90,0
2017-08-07,AZ+HI,0,1,0,0,0,1,1,2017,148,-90,0
2017-08-08,DST states,8,9,14,23,8,65,68,2017,149,-89,1
2017-08-08,AZ+HI,0,1,0,0,1,2,2,2017,149,-89,1
2017-08-09,DST states,9,9,24,29,13,86,91,2017,150,-88,2
2017-08-09,AZ+HI,1,0,1,1,1,4,4,2017,150,-88,2
2017-08-10,DST states,8,17,23,28,14,92,101,2017,151,-87,3
2017-08-10,AZ+HI,0,0,1,2,0,3,3,2017,151,-87,3
2017-08-11,DST states,14,20,18,30,13,95,102,2017,152,-86,4
2017-08-11,AZ+HI,0,0,0,3,0,3,3,2017,152,-86,4
2017-08-12,DST states,28,14,14,31,16,104,111,2017,153,-85,5
2017-08-12,AZ+HI,0,0,0,1,0,1,1,2017,153,-85,5
2017-08-13,DST states,40,14,17,28,17,116,122,2017,154,-84,6
2017-08-13,AZ+HI,0,0,1,3,0,4,4,2017,154,-84,6
2017-08-14,DST states,15,10,19,23,10,80,88,2017,155,-83,0
2017-08-14,AZ+HI,0,1,0,2,0,3,3,2017,155,-83,0
2017-08-15,DST states,14,16,15,15,17,77,79,2017,156,-82,1
2017-08-15,AZ+HI,0,0,1,0,0,1,1,2017,156,-82,1
2017-08-16,DST states,6,10,18,33,18,85,95,2017,157,-81,2
2017-08-16,AZ+HI,0,0,1,0,0,1,1,2017,157,-81,2
2017-08-17,DST states,12,18,25,32,15,103,106,2017,158,-80,3
2017-08-17,AZ+HI,0,1,1,0,0,2,2,2017,158,-80,3
2017-08-18,DST states,12,13,22,29,21,97,102,2017,159,-79,4
2017-08-18,AZ+HI,2,0,1,2,1,6,10,2017,159,-79,4
2017-08-19,DST states,28,15,20,35,26,126,133,2017,160,-78,5
2017-08-19,AZ+HI,1,1,0,0,0,2,2,2017,160,-78,5
2017-08-20,DST states,29,10,11,41,10,104,110,2017,161,-77,6
2017-08-20,AZ+HI,1,1,1,0,0,3,3,2017,161,-77,6
2017-08-21,DST states,16,17,19,27,14,93,98,2017,162,-76,0
2017-08-21,AZ+HI,1,0,0,1,1,3,3,2017,162,-76,0
2017-08-22,DST states,14,18,15,35,17,100,108,2017,163,-75,1
2017-08-22,AZ+HI,0,0,1,0,0,1,1,2017,163,-75,1
2017-08-23,DST states,11,13,13,24,11,73,76,2017,164,-74,2
2017-08-23,AZ+HI,0,0,0,1,0,1,2,2017,164,-74,2
2017-08-24,DST states,11,6,15,33,14,79,84,2017,165,-73,3
2017-08-24,AZ+HI,0,0,2,0,0,2,2,2017,165,-73,3
2017-08-25,DST states,13,10,21,20,20,85,88,2017,166,-72,4
2017-08-25,AZ+HI,0,1,0,5,1,7,7,2017,166,-72,4
2017-08-26,DST states,32,10,31,41,17,134,144,2017,167,-71,5
2017-08-26,AZ+HI,1,0,0,0,0,1,1,2017,167,-71,5
2017-08-27,DST states,26,10,13,23,17,89,93,2017,168,-70,6
2017-08-27,AZ+HI,1,0,0,0,2,3,3,2017,168,-70,6
2017-08-28,DST states,9,15,21,13,13,72,75,2017,169,-69,0
2017-08-28,AZ+HI,1,0,0,0,0,1,1,2017,169,-69,0
2017-08-29,DST states,12,11,16,25,12,76,83,2017,170,-68,1
2017-08-29,AZ+HI,0,0,0,1,0,1,1,2017,170,-68,1
2017-08-30,DST states,14,19,9,33,15,90,93,2017,171,-67,2
2017-08-30,AZ+HI,0,0,0,1,0,1,1,2017,171,-67,2
2017-08-31,DST states,18,16,19,25,12,90,95,2017,172,-66,3
2017-08-31,AZ+HI,0,1,2,1,0,4,4,2017,172,-66,3
2017-09-01,DST states,14,22,26,29,27,118,125,2017,173,-65,4
2017-09-01,AZ+HI,0,0,3,1,0,4,5,2017,173,-65,4
2017-09-02,DST states,23,17,29,25,21,116,126,2017,174,-64,5
2017-09-02,AZ+HI,1,0,1,2,1,5,5,2017,174,-64,5
2017-09-03,DST states,26,11,15,35,19,106,110,2017,175,-63,6
2017-09-03,AZ+HI,0,0,0,0,0,0,0,2017,175,-63,6
2017-09-04,DST states,15,10,15,24,14,79,84,2017,176,-62,0
2017-09-04,AZ+HI,0,0,0,2,1,3,3,2017,176,-62,0
2017-09-05,DST states,11,16,18,32,15,92,99,2017,177,-61,1
2017-09-05,AZ+HI,1,0,1,2,0,4,4,2017,177,-61,1
2017-09-06,DST states,7,16,14,30,14,82,89,2017,178,-60,2
2017-09-06,AZ+HI,1,0,0,2,0,3,4,2017,178,-60,2
2017-09-07,DST states,9,22,20,24,13,89,93,2017,179,-59,3
2017-09-07,AZ+HI,0,0,0,2,0,2,2,2017,179,-59,3
2017-09-08,DST states,12,10,13,37,14,86,95,2017,180,-58,4
2017-09-08,AZ+HI,1,0,0,0,1,2,2,2017,180,-58,4
2017-09-09,DST states,23,12,23,44,21,123,135,2017,181,-57,5
2017-09-09,AZ+HI,1,1,0,1,1,4,4,2017,181,-57,5
2017-09-10,DST states,18,17,13,38,13,99,112,2017,182,-56,6
2017-09-10,AZ+HI,2,0,1,0,0,3,3,2017,182,-56,6
2017-09-11,DST states,12,18,16,26,7,79,83,2017,183,-55,0
2017-09-11,AZ+HI,1,0,0,0,0,1,1,2017,183,-55,0
2017-09-12,DST states,10,21,19,24,5,79,86,2017,184,-54,1
2017-09-12,AZ+HI,1,1,0,2,0,4,4,2017,184,-54,1
2017-09-13,DST states,11,13,19,26,15,85,88,2017,185,-53,2
2017-09-13,AZ+HI,1,0,0,1,0,2,2,2017,185,-53,2
2017-09-14,DST states,11,20,14,40,16,102,111,2017,186,-52,3
2017-09-14,AZ+HI,1,0,0,1,0,2,2,2017,186,-52,3
2017-09-15,DST states,14,20,20,35,17,106,110,2017,187,-51,4
2017-09-15,AZ+HI,0,1,0,1,0,2,2,2017,187,-51,4
2017-09-16,DST states,31,16,20,42,18,128,137,2017,188,-50,5
2017-09-16,AZ+HI,0,0,1,1,2,4,4,2017,188,-50,5
2017-09-17,DST states,37,10,15,32,11,107,123,2017,189,-49,6
2017-09-17,AZ+HI,0,1,1,2,0,5,5,2017,189,-49,6
2017-09-18,DST states,12,23,25,20,13,95,105,2017,190,-48,0
2017-09-18,AZ+HI,0,0,1,0,0,1,2,2017,190,-48,0
2017-09-19,DST states,7,21,12,30,10,81,89,2017,191,-47,1
2017-09-19,AZ+HI,0,3,0,1,0,4,4,2017,191,-47,1
2017-09-20,DST states,9,15,16,28,12,80,88,2017,192,-46,2
2017-09-20,AZ+HI,0,1,2,1,0,4,5,2017,192,-46,2
2017-09-21,DST states,10,19,21,26,15,91,95,2017,193,-45,3
2017-09-21,AZ+HI,0,0,2,1,0,3,3,2017,193,-45,3
2017-09-22,DST states,12,15,15,45,23,110,123,2017,194,-44,4
2017-09-22,AZ+HI,1,1,1,2,0,5,5,2017,194,-44,4
2017-09-23,DST states,22,14,24,37,26,124,131,2017,195,-43,5
2017-09-23,AZ+HI,1,1,0,0,0,2,4,2017,195,-43,5
2017-09-24,DST states,31,14,27,42,11,125,140,2017,196,-42,6
2017-09-24,AZ+HI,1,1,0,1,1,4,4,2017,196,-42,6
2017-09-25,DST states,9,23,13,34,12,91,96,2017,197,-41,0
2017-09-25,AZ+HI,1,0,0,1,0,2,2,2017,197,-41,0
2017-09-26,DST states,10,19,17,39,14,99,109,2017,198,-40,1
2017-09-26,AZ+HI,0,0,1,0,0,1,1,2017,198,-40,1
2017-09-27,DST states,8,24,26,38,13,109,112,2017,199,-39,2
2017-09-27,AZ+HI,0,0,0,2,0,2,2,2017,199,-39,2
2017-09-28,DST states,9,17,19,38,8,92,99,2017,200,-38,3
2017-09-28,AZ+HI,1,0,1,1,2,5,5,2017,200,-38,3
2017-09-29,DST states,10,20,25,35,22,112,124,2017,201,-37,4
2017-09-29,AZ+HI,0,1,0,0,2,3,3,2017,201,-37,4
2017-09-30,DST states,34,15,19,38,25,133,156,2017,202,-36,5
2017-09-30,AZ+HI,0,0,0,3,1,4,7,2017,202,-36,5
2017-10-01,DST states,27,13,14,30,15,100,113,2017,203,-35,6
2017-10-01,AZ+HI,0,0,0,2,1,4,4,2017,203,-35,6
2017-10-02,DST states,9,22,17,41,11,102,111,2017,204,-34,0
2017-10-02,AZ+HI,1,0,0,5,0,6,8,2017,204,-34,0
2017-10-03,DST states,8,24,27,29,11,99,104,2017,205,-33,1
2017-10-03,AZ+HI,0,0,0,3,0,3,3,2017,205,-33,1
2017-10-04,DST states,3,17,18,30,20,89,94,2017,206,-32,2
2017-10-04,AZ+HI,0,1,1,0,0,2,2,2017,206,-32,2
2017-10-05,DST states,7,21,23,34,11,97,100,2017,207,-31,3
2017-10-05,AZ+HI,1,0,0,0,0,1,1,2017,207,-31,3
2017-10-06,DST states,14,22,10,40,26,112,123,2017,208,-30,4
2017-10-06,AZ+HI,0,0,0,4,0,4,4,2017,208,-30,4
2017-10-07,DST states,27,15,24,41,15,123,134,2017,209,-29,5
2017-10-07,AZ+HI,0,1,1,1,1,4,4,2017,209,-29,5
2017-10-08,DST states,23,16,19,26,17,101,116,2017,210,-28,6
2017-10-08,AZ+HI,0,1,0,0,0,1,1,2017,210,-28,6
2017-10-09,DST states,18,16,12,32,6,85,91,2017,211,-27,0
2017-10-09,AZ+HI,0,1,0,0,0,1,1,2017,211,-27,0
2017-10-10,DST states,11,12,11,25,13,72,74,2017,212,-26,1
2017-10-10,AZ+HI,0,0,0,0,0,0,0,2017,212,-26,1
2017-10-11,DST states,6,20,9,26,9,70,73,2017,213,-25,2
2017-10-11,AZ+HI,0,1,0,1,1,3,4,2017,213,-25,2
2017-10-12,DST states,13,23,18,31,16,101,104,2017,214,-24,3
2017-10-12,AZ+HI,1,0,0,2,1,4,4,2017,214,-24,3
2017-10-13,DST states,12,18,21,39,24,114,119,2017,215,-23,4
2017-10-13,AZ+HI,0,2,1,1,1,5,5,2017,215,-23,4
2017-10-14,DST states,18,16,17,40,26,117,127,2017,216,-22,5
2017-10-14,AZ+HI,0,2,1,1,0,5,6,2017,216,-22,5
2017-10-15,DST states,26,13,21,28,11,100,109,2017,217,-21,6
2017-10-15,AZ+HI,0,1,1,4,0,6,6,2017,217,-21,6
2017-10-16,DST states,12,24,16,24,11,87,94,2017,218,-20,0
2017-10-16,AZ+HI,0,1,0,1,0,2,2,2017,218,-20,0
2017-10-17,DST states,4,14,22,35,11,86,96,2017,219,-19,1
2017-10-17,AZ+HI,0,1,0,0,1,2,2,2017,219,-19,1
2017-10-18,DST states,8,18,16,29,9,80,88,2017,220,-18,2
2017-10-18,AZ+HI,1,1,2,1,0,5,6,2017,220,-18,2
2017-10-19,DST states,7,22,22,29,8,88,92,2017,221,-17,3
2017-10-19,AZ+HI,0,1,0,1,0,2,5,2017,221,-17,3
2017-10-20,DST states,14,10,19,44,21,108,113,2017,222,-16,4
2017-10-20,AZ+HI,0,0,0,1,0,1,1,2017,222,-16,4
2017-10-21,DST states,29,10,22,28,19,108,123,2017,223,-15,5
2017-10-21,AZ+HI,0,1,0,0,3,4,6,2017,223,-15,5
2017-10-22,DST states,28,16,23,42,11,120,134,2017,224,-14,6
2017-10-22,AZ+HI,0,0,3,0,1,4,4,2017,224,-14,6
2017-10-23,DST states,11,18,22,31,11,93,104,2017,225,-13,0
2017-10-23,AZ+HI,0,0,1,0,1,2,3,2017,225,-13,0
2017-10-24,DST states,5,23,19,34,8,89,95,2017,226,-12,1
2017-10-24,AZ+HI,1,1,0,2,0,4,4,2017,226,-12,1
2017-10-25,DST states,12,20,19,32,7,91,97,2017,227,-11,2
2017-10-25,AZ+HI,0,0,0,2,0,2,2,2017,227,-11,2
2017-10-26,DST states,10,18,9,38,7,82,95,2017,228,-10,3
2017-10-26,AZ+HI,0,0,0,1,0,1,1,2017,228,-10,3
2017-10-27,DST states,13,17,22,24,18,94,106,2017,229,-9,4
2017-10-27,AZ+HI,0,1,0,1,0,2,2,2017,229,-9,4
2017-10-28,DST states,37,13,18,29,19,116,121,2017,230,-8,5
2017-10-28,AZ+HI,0,1,1,0,2,4,4,2017,230,-8,5
2017-10-29,DST states,33,18,17,32,9,112,119,2017,231,-7,6
2017-10-29,AZ+HI,0,1,2,1,0,4,5,2017,231,-7,6
2017-10-30,DST states,11,22,21,35,6,95,104,2017,232,-6,0
2017-10-30,AZ+HI,1,1,0,0,0,2,2,2017,232,-6,0
2017-10-31,DST states,7,15,21,22,15,83,88,2017,233,-5,1
2017-10-31,AZ+HI,1,0,0,1,1,3,3,2017,233,-5,1
2017-11-01,DST states,9,28,17,34,11,101,111,2017,234,-4,2
2017-11-01,AZ+HI,0,0,0,1,0,1,1,2017,234,-4,2
2017-11-02,DST states,12,14,25,26,17,96,100,2017,235,-3,3
2017-11-02,AZ+HI,2,0,3,1,0,6,6,2017,235,-3,3
2017-11-03,DST states,5,15,17,36,16,90,94,2017,236,-2,4
2017-11-03,AZ+HI,0,0,0,5,0,5,6,2017,236,-2,4
2017-11-04,DST states,28,12,14,36,16,107,116,2017,237,-1,5
2017-11-04,AZ+HI,1,0,0,2,0,3,3,2017,237,-1,5
2017-11-05,DST states,32,6,14,31,12,97,112,2017,238,0,6
2017-11-05,AZ+HI,1,0,0,2,0,3,4,2017,238,0,6
2017-11-06,DST states,13,14,23,40,6,96,101,2017,239,1,0
2017-11-06,AZ+HI,0,0,1,1,0,2,4,2017,239,1,0
2017-11-07,DST states,11,19,20,29,7,86,91,2017,240,2,1
2017-11-07,AZ+HI,0,0,3,0,0,3,5,2017,240,2,1
2017-11-08,DST states,9,10,16,22,16,73,77,2017,241,3,2
2017-11-08,AZ+HI,1,0,1,1,0,3,3,2017,241,3,2
2017-11-09,DST states,10,12,20,30,14,86,90,2017,242,4,3
2017-11-09,AZ+HI,0,1,0,1,0,2,2,2017,242,4,3
2017-11-10,DST states,19,15,13,39,18,104,111,2017,243,5,4
2017-11-10,AZ+HI,0,0,1,0,1,2,2,2017,243,5,4
2017-11-11,DST states,15,7,10,42,16,91,103,2017,244,6,5
2017-11-11,AZ+HI,0,0,1,4,0,5,5,2017,244,6,5
2017-11-12,DST states,29,8,14,25,12,91,99,2017,245,7,6
2017-11-12,AZ+HI,0,1,0,0,1,2,2,2017,245,7,6
2017-11-13,DST states,15,15,13,16,12,72,80,2017,246,8,0
2017-11-13,AZ+HI,0,0,0,1,0,1,1,2017,246,8,0
2017-11-14,DST states,11,14,20,23,13,81,90,2017,247,9,1
2017-11-14,AZ+HI,0,0,0,1,0,1,1,2017,247,9,1
2017-11-15,DST states,7,17,15,40,17,96,100,2017,248,10,2
2017-11-15,AZ+HI,0,0,0,0,0,0,0,2017,248,10,2
2017-11-16,DST states,10,15,15,32,9,81,88,2017,249,11,3
2017-11-16,AZ+HI,0,0,1,1,0,2,2,2017,249,11,3
2017-11-17,DST states,8,14,18,53,21,115,127,2017,250,12,4
2017-11-17,AZ+HI,0,2,0,0,0,2,2,2017,250,12,4
2017-11-18,DST states,34,12,14,30,15,106,114,2017,251,13,5
2017-11-18,AZ+HI,0,0,1,3,0,4,4,2017,251,13,5
2017-11-19,DST states,31,8,11,38,6,95,105,2017,252,14,6
2017-11-19,AZ+HI,0,1,0,0,0,1,1,2017,252,14,6
2017-11-20,DST states,6,22,24,32,6,92,93,2017,253,15,0
2017-11-20,AZ+HI,0,0,0,3,0,3,3,2017,253,15,0
2017-11-21,DST states,9,16,21,27,12,85,91,2017,254,16,1
2017-11-21,AZ+HI,1,0,0,0,0,1,1,2017,254,16,1
2017-11-22,DST states,9,22,17,40,15,103,116,2017,255,17,2
2017-11-22,AZ+HI,0,0,1,1,0,2,2,2017,255,17,2
2017-11-23,DST states,21,9,12,47,16,105,123,2017,256,18,3
2017-11-23,AZ+HI,3,0,0,1,0,4,4,2017,256,18,3
2017-11-24,DST states,16,18,24,43,13,117,123,2017,257,19,4
2017-11-24,AZ+HI,1,0,3,2,0,6,7,2017,257,19,4
2017-11-25,DST states,22,10,15,32,20,101,114,2017,258,20,5
2017-11-25,AZ+HI,0,0,2,1,0,3,3,2017,258,20,5
2017-11-26,DST states,25,8,21,26,15,95,111,2017,259,21,6
2017-11-26,AZ+HI,1,0,0,2,1,4,4,2017,259,21,6
2017-11-27,DST states,8,9,19,40,6,83,88,2017,260,22,0
2017-11-27,AZ+HI,0,0,1,0,1,2,2,2017,260,22,0
2017-11-28,DST states,4,16,20,30,8,78,78,2017,261,23,1
2017-11-28,AZ+HI,0,1,0,2,0,3,3,2017,261,23,1
2017-11-29,DST states,10,19,16,47,9,101,110,2017,262,24,2
2017-11-29,AZ+HI,1,0,2,1,2,6,9,2017,262,24,2
2017-11-30,DST states,6,18,20,39,13,96,100,2017,263,25,3
2017-11-30,AZ+HI,0,0,0,1,0,1,1,2017,263,25,3
2017-12-01,DST states,10,24,14,37,15,102,111,2017,264,26,4
2017-12-01,AZ+HI,0,0,2,0,0,2,2,2017,264,26,4
2017-12-02,DST states,27,14,18,36,18,115,121,2017,265,27,5
2017-12-02,AZ+HI,0,0,0,6,0,6,6,2017,265,27,5
2017-12-03,DST states,26,16,18,35,11,107,117,2017,266,28,6
2017-12-03,AZ+HI,0,0,0,2,0,2,2,2017,266,28,6
2017-12-04,DST states,6,15,22,21,9,73,78,2017,267,29,0
2017-12-04,AZ+HI,0,1,1,0,0,2,2,2017,267,29,0
2017-12-05,DST states,6,20,12,33,11,82,85,2017,268,30,1
2017-12-05,AZ+HI,0,0,0,1,0,2,2,2017,268,30,1
2017-12-06,DST states,6,17,18,30,2,73,76,2017,269,31,2
2017-12-06,AZ+HI,0,1,0,0,1,2,2,2017,269,31,2
2017-12-07,DST states,11,19,20,32,6,88,96,2017,270,32,3
2017-12-07,AZ+HI,0,1,0,0,1,2,2,2017,270,32,3
2017-12-08,DST states,10,17,25,34,14,102,111,2017,271,33,4
2017-12-08,AZ+HI,0,0,2,0,0,2,2,2017,271,33,4
2017-12-09,DST states,31,14,15,28,12,101,112,2017,272,34,5
2017-12-09,AZ+HI,1,0,1,2,0,4,4,2017,272,34,5
2017-12-10,DST states,20,9,6,38,7,82,90,2017,273,35,6
2017-12-10,AZ+HI,0,1,0,1,0,2,2,2017,273,35,6
2017-12-11,DST states,5,12,27,37,7,89,94,2017,274,36,0
2017-12-11,AZ+HI,0,0,0,1,0,1,1,2017,274,36,0
2017-12-12,DST states,3,26,23,26,7,85,91,2017,275,37,1
2017-12-12,AZ+HI,0,0,1,1,0,2,2,2017,275,37,1
2017-12-13,DST states,8,16,14,44,11,93,99,2017,276,38,2
2017-12-13,AZ+HI,0,0,2,1,0,3,3,2017,276,38,2
2017-12-14,DST states,11,13,19,35,13,92,103,2017,277,39,3
2017-12-14,AZ+HI,0,0,4,2,0,6,7,2017,277,39,3
2017-12-15,DST states,14,16,17,30,17,94,100,2017,278,40,4
2017-12-15,AZ+HI,1,1,0,2,0,4,4,2017,278,40,4
2017-12-16,DST states,24,9,18,46,16,114,122,2017,279,41,5
2017-12-16,AZ+HI,1,0,1,0,0,2,2,2017,279,41,5
2017-12-17,DST states,24,11,11,26,14,86,94,2017,280,42,6
2017-12-17,AZ+HI,1,0,0,1,0,2,2,2017,280,42,6
2017-12-18,DST states,7,22,21,32,9,92,99,2017,281,43,0
2017-12-18,AZ+HI,0,0,1,1,0,2,2,2017,281,43,0
2017-12-19,DST states,13,19,22,29,12,95,111,2017,282,44,1
2017-12-19,AZ+HI,0,0,0,2,1,3,4,2017,282,44,1
2017-12-20,DST states,9,20,16,29,6,82,85,2017,283,45,2
2017-12-20,AZ+HI,0,0,0,1,1,2,4,2017,283,45,2
2017-12-21,DST states,17,12,27,40,13,110,119,2017,284,46,3
2017-12-21,AZ+HI,1,2,0,3,0,6,6,2017,284,46,3
2017-12-22,DST states,13,12,17,40,16,99,107,2017,285,47,4
2017-12-22,AZ+HI,1,0,3,4,0,8,11,2017,285,47,4
2017-12-23,DST states,27,16,16,30,9,100,112,2017,286,48,5
2017-12-23,AZ+HI,0,0,1,2,0,3,3,2017,286,48,5
2017-12-24,DST states,23,8,18,24,15,89,95,2017,287,49,6
2017-12-24,AZ+HI,0,1,2,1,0,4,4,2017,287,49,6
2017-12-25,DST states,12,2,15,24,12,66,78,2017,288,50,0
2017-12-25,AZ+HI,1,0,0,0,0,1,1,2017,288,50,0
2017-12-26,DST states,8,11,13,35,9,78,89,2017,289,51,1
2017-12-26,AZ+HI,0,0,2,1,0,3,3,2017,289,51,1
2017-12-27,DST states,9,11,20,31,12,85,88,2017,290,52,2
2017-12-27,AZ+HI,0,0,0,0,0,0,0,2017,290,52,2
2017-12-28,DST states,12,11,18,19,10,70,75,2017,291,53,3
2017-12-28,AZ+HI,0,2,0,5,0,7,7,2017,291,53,3
2017-12-29,DST states,11,7,18,26,15,77,86,2017,292,54,4
2017-12-29,AZ+HI,0,1,1,1,0,4,4,2017,292,54,4
2017-12-30,DST states,19,14,13,27,15,90,100,2017,293,55,5
2017-12-30,AZ+HI,2,0,0,0,0,2,2,2017,293,55,5
2017-12-31,DST states,7,14,10,27,9,67,71,2017,294,56,6
2017-12-31,AZ+HI,1,1,0,1,0,3,3,2017,294,56,6
2018-01-01,DST states,43,17,12,26,8,106,111,2018,-69,-307,0
2018-01-01,AZ+HI,0,1,2,1,0,5,5,2018,-69,-307,0
2018-01-02,DST states,5,9,14,30,10,68,70,2018,-68,-306,1
2018-01-02,AZ+HI,0,1,0,1,2,4,8,2018,-68,-306,1
2018-01-03,DST states,13,14,25,27,11,90,95,2018,-67,-305,2
2018-01-03,AZ+HI,1,1,0,1,1,4,5,2018,-67,-305,2
2018-01-04,DST states,8,14,11,34,14,81,88,2018,-66,-304,3
2018-01-04,AZ+HI,0,0,1,3,0,4,4,2018,-66,-304,3
2018-01-05,DST states,5,25,17,38,14,100,107,2018,-65,-303,4
2018-01-05,AZ+HI,1,0,0,3,0,4,4,2018,-65,-303,4
2018-01-06,DST states,16,11,14,24,8,74,83,2018,-64,-302,5
2018-01-06,AZ+HI,1,0,0,0,1,2,2,2018,-64,-302,5
2018-01-07,DST states,24,12,13,19,11,79,91,2018,-63,-301,6
2018-01-07,AZ+HI,0,0,1,3,1,5,6,2018,-63,-301,6
2018-01-08,DST states,10,19,28,24,14,95,102,2018,-62,-300,0
2018-01-08,AZ+HI,0,0,2,0,1,3,3,2018,-62,-300,0
2018-01-09,DST states,12,17,13,34,2,78,84,2018,-61,-299,1
2018-01-09,AZ+HI,1,0,0,3,0,4,5,2018,-61,-299,1
2018-01-10,DST states,11,22,21,35,15,105,108,2018,-60,-298,2
2018-01-10,AZ+HI,0,0,0,3,0,3,4,2018,-60,-298,2
2018-01-11,DST states,9,20,14,34,13,90,97,2018,-59,-297,3
2018-01-11,AZ+HI,1,0,0,1,0,2,2,2018,-59,-297,3
2018-01-12,DST states,23,15,16,31,8,93,100,2018,-58,-296,4
2018-01-12,AZ+HI,0,1,1,0,1,3,3,2018,-58,-296,4
2018-01-13,DST states,19,10,7,29,18,85,93,2018,-57,-295,5
2018-01-13,AZ+HI,0,1,0,1,0,2,2,2018,-57,-295,5
2018-01-14,DST states,24,11,13,28,7,83,93,2018,-56,-294,6
2018-01-14,AZ+HI,1,1,0,2,0,4,5,2018,-56,-294,6
2018-01-15,DST states,5,18,19,25,9,76,81,2018,-55,-293,0
2018-01-15,AZ+HI,0,0,0,0,0,0,0,2018,-55,-293,0
2018-01-16,DST states,7,8,12,22,9,58,61,2018,-54,-292,1
2018-01-16,AZ+HI,0,1,1,0,0,2,2,2018,-54,-292,1
2018-01-17,DST states,4,16,18,18,8,64,68,2018,-53,-291,2
2018-01-17,AZ+HI,0,1,0,1,2,4,4,2018,-53,-291,2
2018-01-18,DST states,5,11,15,21,9,62,65,2018,-52,-290,3
2018-01-18,AZ+HI,2,0,1,0,1,4,4,2018,-52,-290,3
2018-01-19,DST states,10,17,23,30,8,89,95,2018,-51,-289,4
2018-01-19,AZ+HI,1,0,1,2,0,4,5,2018,-51,-289,4
2018-01-20,DST states,15,16,12,20,16,82,86,2018,-50,-288,5
2018-01-20,AZ+HI,1,2,0,1,0,4,4,2018,-50,-288,5
2018-01-21,DST states,33,14,10,20,8,86,100,2018,-49,-287,6
2018-01-21,AZ+HI,0,0,0,2,0,2,2,2018,-49,-287,6
2018-01-22,DST states,6,12,20,36,6,82,86,2018,-48,-286,0
2018-01-22,AZ+HI,0,0,0,0,0,0,0,2018,-48,-286,0
2018-01-23,DST states,11,12,12,23,9,67,68,2018,-47,-285,1
2018-01-23,AZ+HI,1,1,1,1,1,5,5,2018,-47,-285,1
2018-01-24,DST states,13,10,20,31,6,81,86,2018,-46,-284,2
2018-01-24,AZ+HI,1,1,1,1,0,4,4,2018,-46,-284,2
2018-01-25,DST states,9,18,11,26,13,77,82,2018,-45,-283,3
2018-01-25,AZ+HI,0,0,1,1,0,2,2,2018,-45,-283,3
2018-01-26,DST states,4,16,12,39,16,87,94,2018,-44,-282,4
2018-01-26,AZ+HI,1,0,0,1,4,7,7,2018,-44,-282,4
2018-01-27,DST states,22,17,14,34,14,102,111,2018,-43,-281,5
2018-01-27,AZ+HI,0,0,0,3,0,3,3,2018,-43,-281,5
2018-01-28,DST states,16,11,15,29,11,82,86,2018,-42,-280,6
2018-01-28,AZ+HI,0,0,1,1,0,2,2,2018,-42,-280,6
2018-01-29,DST states,6,9,18,27,9,69,78,2018,-41,-279,0
2018-01-29,AZ+HI,0,0,0,0,0,0,0,2018,-41,-279,0
2018-01-30,DST states,2,14,13,29,5,64,69,2018,-40,-278,1
2018-01-30,AZ+HI,1,0,1,1,0,3,4,2018,-40,-278,1
2018-01-31,DST states,7,11,17,31,13,79,87,2018,-39,-277,2
2018-01-31,AZ+HI,0,2,0,0,0,2,2,2018,-39,-277,2
2018-02-01,DST states,8,11,10,23,7,60,64,2018,-38,-276,3
2018-02-01,AZ+HI,0,2,1,1,0,4,4,2018,-38,-276,3
2018-02-02,DST states,7,12,23,37,13,92,98,2018,-37,-275,4
2018-02-02,AZ+HI,0,0,0,3,0,3,4,2018,-37,-275,4
2018-02-03,DST states,20,14,14,30,7,86,97,2018,-36,-274,5
2018-02-03,AZ+HI,1,0,1,3,0,5,5,2018,-36,-274,5
2018-02-04,DST states,19,11,14,29,10,83,96,2018,-35,-273,6
2018-02-04,AZ+HI,1,0,0,0,0,1,1,2018,-35,-273,6
2018-02-05,DST states,9,20,23,33,5,90,99,2018,-34,-272,0
2018-02-05,AZ+HI,0,0,1,3,0,4,5,2018,-34,-272,0
2018-02-06,DST states,6,10,15,28,10,69,78,2018,-33,-271,1
2018-02-06,AZ+HI,0,0,0,1,1,2,2,2018,-33,-271,1
2018-02-07,DST states,11,20,14,28,9,82,89,2018,-32,-270,2
2018-02-07,AZ+HI,0,1,3,2,0,6,8,2018,-32,-270,2
2018-02-08,DST states,9,18,10,29,12,78,80,2018,-31,-269,3
2018-02-08,AZ+HI,1,1,1,1,0,4,4,2018,-31,-269,3
2018-02-09,DST states,11,13,16,26,14,81,86,2018,-30,-268,4
2018-02-09,AZ+HI,0,0,1,1,0,4,4,2018,-30,-268,4
2018-02-10,DST states,15,7,19,23,13,77,86,2018,-29,-267,5
2018-02-10,AZ+HI,0,0,0,0,0,0,0,2018,-29,-267,5
2018-02-11,DST states,24,7,13,21,8,73,85,2018,-28,-266,6
2018-02-11,AZ+HI,2,0,0,0,0,2,2,2018,-28,-266,6
2018-02-12,DST states,9,17,19,25,8,78,82,2018,-27,-265,0
2018-02-12,AZ+HI,0,0,0,1,0,1,1,2018,-27,-265,0
2018-02-13,DST states,6,20,13,26,5,70,75,2018,-26,-264,1
2018-02-13,AZ+HI,1,0,0,1,0,2,2,2018,-26,-264,1
2018-02-14,DST states,7,17,14,29,8,75,85,2018,-25,-263,2
2018-02-14,AZ+HI,0,0,2,0,1,3,3,2018,-25,-263,2
2018-02-15,DST states,5,17,14,28,11,75,79,2018,-24,-262,3
2018-02-15,AZ+HI,0,1,2,1,1,5,5,2018,-24,-262,3
2018-02-16,DST states,11,13,16,26,10,77,88,2018,-23,-261,4
2018-02-16,AZ+HI,1,0,0,1,0,2,2,2018,-23,-261,4
2018-02-17,DST states,25,17,15,32,12,102,106,2018,-22,-260,5
2018-02-17,AZ+HI,0,0,2,0,1,3,3,2018,-22,-260,5
2018-02-18,DST states,27,12,9,31,15,94,99,2018,-21,-259,6
2018-02-18,AZ+HI,1,1,0,0,2,4,4,2018,-21,-259,6
2018-02-19,DST states,4,16,6,29,8,63,65,2018,-20,-258,0
2018-02-19,AZ+HI,0,0,1,2,1,4,5,2018,-20,-258,0
2018-02-20,DST states,15,17,18,32,7,89,97,2018,-19,-257,1
2018-02-20,AZ+HI,0,0,0,2,1,3,3,2018,-19,-257,1
2018-02-21,DST states,6,8,14,24,11,63,65,2018,-18,-256,2
2018-02-21,AZ+HI,0,0,0,0,0,0,0,2018,-18,-256,2
2018-02-22,DST states,10,11,10,22,13,66,72,2018,-17,-255,3
2018-02-22,AZ+HI,0,0,1,1,0,2,2,2018,-17,-255,3
2018-02-23,DST states,16,17,12,32,19,96,107,2018,-16,-254,4
2018-02-23,AZ+HI,0,0,0,0,0,0,0,2018,-16,-254,4
2018-02-24,DST states,24,15,16,36,23,115,120,2018,-15,-253,5
2018-02-24,AZ+HI,2,0,0,0,1,3,3,2018,-15,-253,5
2018-02-25,DST states,19,10,14,37,7,87,100,2018,-14,-252,6
2018-02-25,AZ+HI,0,0,2,0,0,3,3,2018,-14,-252,6
2018-02-26,DST states,7,13,18,31,9,79,83,2018,-13,-251,0
2018-02-26,AZ+HI,1,2,0,0,0,3,3,2018,-13,-251,0
2018-02-27,DST states,10,14,13,34,4,75,80,2018,-12,-250,1
2018-02-27,AZ+HI,0,1,0,0,1,2,2,2018,-12,-250,1
2018-02-28,DST states,6,12,16,27,9,70,75,2018,-11,-249,2
2018-02-28,AZ+HI,0,0,0,0,0,0,0,2018,-11,-249,2
2018-03-01,DST states,14,18,13,20,17,85,90,2018,-10,-248,3
2018-03-01,AZ+HI,0,1,2,1,0,4,5,2018,-10,-248,3
2018-03-02,DST states,13,21,17,30,20,103,111,2018,-9,-247,4
2018-03-02,AZ+HI,0,0,1,2,1,4,4,2018,-9,-247,4
2018-03-03,DST states,29,16,23,23,19,111,120,2018,-8,-246,5
2018-03-03,AZ+HI,0,0,2,2,1,5,5,2018,-8,-246,5
2018-03-04,DST states,32,10,11,23,7,83,85,2018,-7,-245,6
2018-03-04,AZ+HI,1,0,0,1,0,2,2,2018,-7,-245,6
2018-03-05,DST states,5,20,17,25,7,74,83,2018,-6,-244,0
2018-03-05,AZ+HI,0,1,1,3,0,5,5,2018,-6,-244,0
2018-03-06,DST states,4,15,9,26,5,59,63,2018,-5,-243,1
2018-03-06,AZ+HI,2,0,0,2,0,4,4,2018,-5,-243,1
2018-03-07,DST states,5,9,14,19,8,56,60,2018,-4,-242,2
2018-03-07,AZ+HI,0,0,0,0,0,0,0,2018,-4,-242,2
2018-03-08,DST states,8,15,14,26,5,69,75,2018,-3,-241,3
2018-03-08,AZ+HI,0,0,0,0,0,0,0,2018,-3,-241,3
2018-03-09,DST states,10,15,12,36,12,88,98,2018,-2,-240,4
2018-03-09,AZ+HI,0,2,0,3,0,5,6,2018,-2,-240,4
2018-03-10,DST states,27,9,14,35,19,105,116,2018,-1,-239,5
2018-03-10,AZ+HI,2,0,0,3,1,6,7,2018,-1,-239,5
2018-03-11,DST states,29,13,14,39,15,110,116,2018,0,-238,6
2018-03-11,AZ+HI,2,1,0,2,1,6,7,2018,0,-238,6
2018-03-12,DST states,9,14,15,23,4,66,68,2018,1,-237,0
2018-03-12,AZ+HI,0,0,2,1,1,4,4,2018,1,-237,0
2018-03-13,DST states,12,18,14,26,12,82,87,2018,2,-236,1
2018-03-13,AZ+HI,0,1,0,0,1,2,4,2018,2,-236,1
2018-03-14,DST states,8,14,14,13,15,64,66,2018,3,-235,2
2018-03-14,AZ+HI,0,0,0,1,0,1,1,2018,3,-235,2
2018-03-15,DST states,6,22,25,26,11,90,99,2018,4,-234,3
2018-03-15,AZ+HI,0,0,0,1,0,1,1,2018,4,-234,3
2018-03-16,DST states,13,20,17,31,16,97,107,2018,5,-233,4
2018-03-16,AZ+HI,0,0,1,2,1,4,4,2018,5,-233,4
2018-03-17,DST states,25,16,17,33,12,104,108,2018,6,-232,5
2018-03-17,AZ+HI,1,1,1,1,0,4,4,2018,6,-232,5
2018-03-18,DST states,22,9,13,24,16,84,95,2018,7,-231,6
2018-03-18,AZ+HI,2,0,0,2,1,5,5,2018,7,-231,6
2018-03-19,DST states,10,17,18,18,13,76,80,2018,8,-230,0
2018-03-19,AZ+HI,0,1,1,2,0,4,5,2018,8,-230,0
2018-03-20,DST states,8,17,14,20,11,71,78,2018,9,-229,1
2018-03-20,AZ+HI,0,0,1,1,0,2,2,2018,9,-229,1
2018-03-21,DST states,3,10,25,15,11,64,66,2018,10,-228,2
2018-03-21,AZ+HI,0,0,0,2,0,2,2,2018,10,-228,2
2018-03-22,DST states,13,15,13,15,11,67,75,2018,11,-227,3
2018-03-22,AZ+HI,0,0,0,0,1,1,1,2018,11,-227,3
2018-03-23,DST states,9,18,20,19,11,79,96,2018,12,-226,4
2018-03-23,AZ+HI,0,0,0,1,0,1,1,2018,12,-226,4
2018-03-24,DST states,17,15,16,26,9,84,95,2018,13,-225,5
2018-03-24,AZ+HI,1,0,2,0,0,3,7,2018,13,-225,5
2018-03-25,DST states,23,9,11,20,13,77,90,2018,14,-224,6
2018-03-25,AZ+HI,1,1,1,0,0,3,3,2018,14,-224,6
2018-03-26,DST states,15,18,15,19,10,77,87,2018,15,-223,0
2018-03-26,AZ+HI,0,0,0,1,0,1,1,2018,15,-223,0
2018-03-27,DST states,5,12,14,25,7,64,70,2018,16,-222,1
2018-03-27,AZ+HI,0,0,1,1,0,2,2,2018,16,-222,1
2018-03-28,DST states,4,17,17,19,14,71,74,2018,17,-221,2
2018-03-28,AZ+HI,0,0,0,1,0,1,1,2018,17,-221,2
2018-03-29,DST states,13,17,17,29,14,90,103,2018,18,-220,3
2018-03-29,AZ+HI,0,0,0,4,1,5,6,2018,18,-220,3
2018-03-30,DST states,13,12,8,20,14,67,74,2018,19,-219,4
2018-03-30,AZ+HI,1,1,0,0,2,4,4,2018,19,-219,4
2018-03-31,DST states,19,9,19,39,16,104,113,2018,20,-218,5
2018-03-31,AZ+HI,1,1,0,1,0,3,3,2018,20,-218,5
2018-04-01,DST states,17,6,16,34,14,87,96,2018,21,-217,6
2018-04-01,AZ+HI,0,0,1,0,0,1,1,2018,21,-217,6
2018-04-02,DST states,8,14,20,22,16,80,92,2018,22,-216,0
2018-04-02,AZ+HI,0,0,0,0,1,1,1,2018,22,-216,0
2018-04-03,DST states,8,7,20,28,9,74,78,2018,23,-215,1
2018-04-03,AZ+HI,0,2,1,1,1,6,6,2018,23,-215,1
2018-04-04,DST states,12,14,12,26,2,66,74,2018,24,-214,2
2018-04-04,AZ+HI,0,0,0,2,0,2,2,2018,24,-214,2
2018-04-05,DST states,13,12,11,30,6,72,77,2018,25,-213,3
2018-04-05,AZ+HI,0,1,1,0,1,3,3,2018,25,-213,3
2018-04-06,DST states,13,14,20,26,23,96,106,2018,26,-212,4
2018-04-06,AZ+HI,1,1,0,0,2,4,4,2018,26,-212,4
2018-04-07,DST states,20,8,10,20,22,80,93,2018,27,-211,5
2018-04-07,AZ+HI,1,0,2,3,0,6,7,2018,27,-211,5
2018-04-08,DST states,25,15,18,31,16,106,121,2018,28,-210,6
2018-04-08,AZ+HI,2,0,0,1,0,3,3,2018,28,-210,6
2018-04-09,DST states,5,15,19,30,12,81,90,2018,29,-209,0
2018-04-09,AZ+HI,0,0,0,0,0,1,1,2018,29,-209,0
2018-04-10,DST states,6,15,19,15,7,62,64,2018,30,-208,1
2018-04-10,AZ+HI,0,0,1,1,1,3,3,2018,30,-208,1
2018-04-11,DST states,11,11,11,22,7,62,67,2018,31,-207,2
2018-04-11,AZ+HI,2,0,0,1,1,4,4,2018,31,-207,2
2018-04-12,DST states,7,13,28,30,15,96,104,2018,32,-206,3
2018-04-12,AZ+HI,0,0,0,1,0,1,1,2018,32,-206,3
2018-04-13,DST states,14,9,19,33,28,104,108,2018,33,-205,4
2018-04-13,AZ+HI,0,1,2,1,1,5,5,2018,33,-205,4
2018-04-14,DST states,26,8,17,28,25,105,110,2018,34,-204,5
2018-04-14,AZ+HI,0,0,0,0,0,0,0,2018,34,-204,5
2018-04-15,DST states,25,12,10,18,8,74,84,2018,35,-203,6
2018-04-15,AZ+HI,0,0,1,1,2,4,4,2018,35,-203,6
2018-04-16,DST states,7,11,19,25,15,78,83,2018,36,-202,0
2018-04-16,AZ+HI,0,0,0,2,0,2,2,2018,36,-202,0
2018-04-17,DST states,8,15,18,19,13,74,83,2018,37,-201,1
2018-04-17,AZ+HI,0,2,0,0,0,2,2,2018,37,-201,1
2018-04-18,DST states,12,10,17,18,16,74,78,2018,38,-200,2
2018-04-18,AZ+HI,0,0,1,0,0,1,1,2018,38,-200,2
2018-04-19,DST states,6,13,16,26,16,77,83,2018,39,-199,3
2018-04-19,AZ+HI,2,0,0,0,0,2,2,2018,39,-199,3
2018-04-20,DST states,15,15,14,29,14,87,95,2018,40,-198,4
2018-04-20,AZ+HI,0,0,2,1,0,3,4,2018,40,-198,4
2018-04-21,DST states,33,8,15,30,11,98,105,2018,41,-197,5
2018-04-21,AZ+HI,2,0,1,1,0,4,4,2018,41,-197,5
2018-04-22,DST states,20,13,17,34,13,99,102,2018,42,-196,6
2018-04-22,AZ+HI,1,0,0,1,0,2,2,2018,42,-196,6
2018-04-23,DST states,8,12,18,25,8,71,76,2018,43,-195,0
2018-04-23,AZ+HI,1,0,0,0,0,1,1,2018,43,-195,0
2018-04-24,DST states,12,16,19,28,9,84,90,2018,44,-194,1
2018-04-24,AZ+HI,1,0,1,1,0,3,6,2018,44,-194,1
2018-04-25,DST states,4,9,15,19,15,62,68,2018,45,-193,2
2018-04-25,AZ+HI,0,0,0,1,0,1,1,2018,45,-193,2
2018-04-26,DST states,6,8,12,26,12,64,68,2018,46,-192,3
2018-04-26,AZ+HI,0,1,3,1,0,5,5,2018,46,-192,3
2018-04-27,DST states,13,16,18,33,17,97,104,2018,47,-191,4
2018-04-27,AZ+HI,2,0,0,4,2,8,8,2018,47,-191,4
2018-04-28,DST states,17,16,21,37,15,108,122,2018,48,-190,5
2018-04-28,AZ+HI,1,0,0,2,3,6,6,2018,48,-190,5
2018-04-29,DST states,20,8,13,31,6,78,93,2018,49,-189,6
2018-04-29,AZ+HI,1,0,2,1,2,6,7,2018,49,-189,6
2018-04-30,DST states,11,16,17,30,11,85,91,2018,50,-188,0
2018-04-30,AZ+HI,0,1,0,0,0,1,1,2018,50,-188,0
2018-05-01,DST states,14,21,20,22,13,90,92,2018,51,-187,1
2018-05-01,AZ+HI,1,0,1,1,0,3,3,2018,51,-187,1
2018-05-02,DST states,15,17,19,36,14,101,113,2018,52,-186,2
2018-05-02,AZ+HI,1,0,1,0,0,2,2,2018,52,-186,2
2018-05-03,DST states,11,14,19,31,17,92,95,2018,53,-185,3
2018-05-03,AZ+HI,0,0,3,0,0,3,5,2018,53,-185,3
2018-05-04,DST states,15,18,15,31,15,94,100,2018,54,-184,4
2018-05-04,AZ+HI,0,0,1,0,0,1,1,2018,54,-184,4
2018-05-05,DST states,15,15,13,43,30,116,130,2018,55,-183,5
2018-05-05,AZ+HI,0,0,2,0,1,3,4,2018,55,-183,5
2018-05-06,DST states,35,10,20,37,16,119,126,2018,56,-182,6
2018-05-06,AZ+HI,0,0,1,1,0,2,3,2018,56,-182,6
2018-05-07,DST states,20,19,19,29,13,100,106,2018,57,-181,0
2018-05-07,AZ+HI,0,1,0,1,0,2,2,2018,57,-181,0
2018-05-08,DST states,5,20,16,29,15,85,96,2018,58,-180,1
2018-05-08,AZ+HI,1,0,1,1,0,3,3,2018,58,-180,1
2018-05-09,DST states,9,16,23,22,10,80,86,2018,59,-179,2
2018-05-09,AZ+HI,0,1,0,1,0,2,2,2018,59,-179,2
2018-05-10,DST states,13,16,13,34,12,88,92,2018,60,-178,3
2018-05-10,AZ+HI,0,1,0,0,1,2,2,2018,60,-178,3
2018-05-11,DST states,8,13,19,33,22,95,109,2018,61,-177,4
2018-05-11,AZ+HI,0,0,0,1,0,1,1,2018,61,-177,4
2018-05-12,DST states,30,12,29,35,16,123,132,2018,62,-176,5
2018-05-12,AZ+HI,0,0,1,2,2,5,5,2018,62,-176,5
2018-05-13,DST states,22,7,23,34,15,102,107,2018,63,-175,6
2018-05-13,AZ+HI,0,2,0,2,0,4,4,2018,63,-175,6
2018-05-14,DST states,18,14,21,22,18,93,102,2018,64,-174,0
2018-05-14,AZ+HI,0,0,0,3,0,3,4,2018,64,-174,0
2018-05-15,DST states,10,12,14,30,10,77,87,2018,65,-173,1
2018-05-15,AZ+HI,0,1,0,2,0,3,3,2018,65,-173,1
2018-05-16,DST states,9,15,15,29,10,78,82,2018,66,-172,2
2018-05-16,AZ+HI,0,0,2,2,0,4,4,2018,66,-172,2
2018-05-17,DST states,19,15,24,27,8,94,99,2018,67,-171,3
2018-05-17,AZ+HI,0,0,1,0,0,1,1,2018,67,-171,3
2018-05-18,DST states,12,15,14,24,17,83,87,2018,68,-170,4
2018-05-18,AZ+HI,0,0,1,2,1,4,4,2018,68,-170,4
2018-05-19,DST states,23,11,18,32,22,107,118,2018,69,-169,5
2018-05-19,AZ+HI,0,0,0,0,2,2,4,2018,69,-169,5
2018-05-20,DST states,28,9,19,32,18,106,119,2018,70,-168,6
2018-05-20,AZ+HI,2,0,0,1,1,4,4,2018,70,-168,6
2018-05-21,DST states,8,10,18,17,19,72,74,2018,71,-167,0
2018-05-21,AZ+HI,2,0,1,1,0,4,5,2018,71,-167,0
2018-05-22,DST states,7,13,18,23,12,73,81,2018,72,-166,1
2018-05-22,AZ+HI,0,0,0,0,0,0,0,2018,72,-166,1
2018-05-23,DST states,7,12,17,26,12,74,77,2018,73,-165,2
2018-05-23,AZ+HI,1,1,1,0,0,3,4,2018,73,-165,2
2018-05-24,DST states,12,13,13,21,12,72,75,2018,74,-164,3
2018-05-24,AZ+HI,0,0,1,1,0,2,2,2018,74,-164,3
2018-05-25,DST states,15,15,12,39,14,95,102,2018,75,-163,4
2018-05-25,AZ+HI,1,0,0,1,2,4,4,2018,75,-163,4
2018-05-26,DST states,31,13,27,42,25,139,154,2018,76,-162,5
2018-05-26,AZ+HI,0,0,0,0,1,1,1,2018,76,-162,5
2018-05-27,DST states,37,13,16,32,15,114,127,2018,77,-161,6
2018-05-27,AZ+HI,0,0,2,2,1,5,6,2018,77,-161,6
2018-05-28,DST states,23,6,25,27,16,97,105,2018,78,-160,0
2018-05-28,AZ+HI,0,1,1,0,0,2,2,2018,78,-160,0
2018-05-29,DST states,6,17,20,25,8,77,88,2018,79,-159,1
2018-05-29,AZ+HI,0,1,1,2,1,5,5,2018,79,-159,1
2018-05-30,DST states,7,9,23,26,17,82,85,2018,80,-158,2
2018-05-30,AZ+HI,2,1,1,0,0,4,4,2018,80,-158,2
2018-05-31,DST states,13,20,16,13,9,72,75,2018,81,-157,3
2018-05-31,AZ+HI,0,0,0,2,1,3,3,2018,81,-157,3
2018-06-01,DST states,14,7,27,29,21,99,111,2018,82,-156,4
2018-06-01,AZ+HI,0,0,1,1,2,4,5,2018,82,-156,4
2018-06-02,DST states,25,22,21,35,21,125,133,2018,83,-155,5
2018-06-02,AZ+HI,0,0,0,2,2,5,5,2018,83,-155,5
2018-06-03,DST states,26,16,12,27,10,91,98,2018,84,-154,6
2018-06-03,AZ+HI,0,0,0,2,2,4,4,2018,84,-154,6
2018-06-04,DST states,12,17,33,19,13,96,106,2018,85,-153,0
2018-06-04,AZ+HI,1,0,1,0,1,3,3,2018,85,-153,0
2018-06-05,DST states,9,20,24,34,12,99,109,2018,86,-152,1
2018-06-05,AZ+HI,1,1,0,0,0,2,2,2018,86,-152,1
2018-06-06,DST states,17,19,15,32,15,99,105,2018,87,-151,2
2018-06-06,AZ+HI,0,0,0,0,0,0,0,2018,87,-151,2
2018-06-07,DST states,7,20,33,32,14,106,111,2018,88,-150,3
2018-06-07,AZ+HI,0,0,1,0,0,1,1,2018,88,-150,3
2018-06-08,DST states,12,18,24,37,12,103,115,2018,89,-149,4
2018-06-08,AZ+HI,0,0,0,1,0,1,1,2018,89,-149,4
2018-06-09,DST states,27,11,21,39,18,116,134,2018,90,-148,5
2018-06-09,AZ+HI,3,1,0,1,0,5,5,2018,90,-148,5
2018-06-10,DST states,31,18,19,33,14,117,124,2018,91,-147,6
2018-06-10,AZ+HI,3,1,1,0,1,6,6,2018,91,-147,6
2018-06-11,DST states,13,15,15,38,14,97,102,2018,92,-146,0
2018-06-11,AZ+HI,0,0,0,1,1,2,2,2018,92,-146,0
2018-06-12,DST states,7,7,23,26,12,76,82,2018,93,-145,1
2018-06-12,AZ+HI,0,0,2,1,0,3,3,2018,93,-145,1
2018-06-13,DST states,11,15,21,22,18,87,95,2018,94,-144,2
2018-06-13,AZ+HI,0,0,0,0,1,1,1,2018,94,-144,2
2018-06-14,DST states,12,13,18,31,11,86,89,2018,95,-143,3
2018-06-14,AZ+HI,1,0,1,1,2,5,5,2018,95,-143,3
2018-06-15,DST states,15,18,26,39,31,129,143,2018,96,-142,4
2018-06-15,AZ+HI,3,1,0,0,0,4,4,2018,96,-142,4
2018-06-16,DST states,27,17,28,35,23,130,144,2018,97,-141,5
2018-06-16,AZ+HI,1,0,0,1,0,2,3,2018,97,-141,5
2018-06-17,DST states,27,15,22,25,14,105,123,2018,98,-140,6
2018-06-17,AZ+HI,0,1,0,0,1,2,2,2018,98,-140,6
2018-06-18,DST states,10,8,26,30,15,90,98,2018,99,-139,0
2018-06-18,AZ+HI,2,0,1,1,0,4,4,2018,99,-139,0
2018-06-19,DST states,8,9,15,30,17,79,91,2018,100,-138,1
2018-06-19,AZ+HI,0,0,0,0,0,0,0,2018,100,-138,1
2018-06-20,DST states,7,15,18,21,11,72,78,2018,101,-137,2
2018-06-20,AZ+HI,0,0,1,0,0,1,1,2018,101,-137,2
2018-06-21,DST states,12,22,16,23,14,87,102,2018,102,-136,3
2018-06-21,AZ+HI,1,0,0,1,0,2,2,2018,102,-136,3
2018-06-22,DST states,14,11,19,31,20,95,98,2018,103,-135,4
2018-06-22,AZ+HI,1,0,0,0,0,1,1,2018,103,-135,4
2018-06-23,DST states,25,10,18,36,31,122,130,2018,104,-134,5
2018-06-23,AZ+HI,1,0,0,0,1,2,2,2018,104,-134,5
2018-06-24,DST states,23,12,15,26,13,89,96,2018,105,-133,6
2018-06-24,AZ+HI,0,0,1,1,1,3,3,2018,105,-133,6
2018-06-25,DST states,7,16,14,29,10,77,86,2018,106,-132,0
2018-06-25,AZ+HI,0,0,0,1,0,1,1,2018,106,-132,0
2018-06-26,DST states,12,15,14,17,13,72,74,2018,107,-131,1
2018-06-26,AZ+HI,2,1,1,1,0,5,5,2018,107,-131,1
2018-06-27,DST states,10,9,24,15,9,67,71,2018,108,-130,2
2018-06-27,AZ+HI,1,1,0,0,1,3,3,2018,108,-130,2
2018-06-28,DST states,11,14,18,26,18,88,99,2018,109,-129,3
2018-06-28,AZ+HI,1,0,0,1,0,2,2,2018,109,-129,3
2018-06-29,DST states,16,8,22,32,31,111,130,2018,110,-128,4
2018-06-29,AZ+HI,1,1,0,0,2,4,4,2018,110,-128,4
2018-06-30,DST states,25,17,32,38,24,137,145,2018,111,-127,5
2018-06-30,AZ+HI,0,0,0,1,0,1,1,2018,111,-127,5
2018-07-01,DST states,29,6,23,15,12,85,87,2018,112,-126,6
2018-07-01,AZ+HI,0,0,0,1,0,1,1,2018,112,-126,6
2018-07-02,DST states,10,12,26,25,5,79,84,2018,113,-125,0
2018-07-02,AZ+HI,0,1,1,0,0,2,2,2018,113,-125,0
2018-07-03,DST states,6,11,25,37,18,97,109,2018,114,-124,1
2018-07-03,AZ+HI,1,1,0,0,0,2,2,2018,114,-124,1
2018-07-04,DST states,29,13,26,24,22,116,135,2018,115,-123,2
2018-07-04,AZ+HI,1,2,0,2,0,5,5,2018,115,-123,2
2018-07-05,DST states,15,11,28,25,15,94,102,2018,116,-122,3
2018-07-05,AZ+HI,0,0,0,0,0,0,0,2018,116,-122,3
2018-07-06,DST states,9,15,25,16,29,94,108,2018,117,-121,4
2018-07-06,AZ+HI,0,0,1,1,2,5,6,2018,117,-121,4
2018-07-07,DST states,16,10,26,30,18,100,109,2018,118,-120,5
2018-07-07,AZ+HI,2,0,1,1,0,4,4,2018,118,-120,5
2018-07-08,DST states,34,7,15,35,8,100,112,2018,119,-119,6
2018-07-08,AZ+HI,1,1,0,0,0,2,2,2018,119,-119,6
2018-07-09,DST states,16,17,23,29,17,103,110,2018,120,-118,0
2018-07-09,AZ+HI,0,0,0,1,0,2,2,2018,120,-118,0
2018-07-10,DST states,4,16,15,34,13,83,90,2018,121,-117,1
2018-07-10,AZ+HI,1,0,2,3,0,7,7,2018,121,-117,1
2018-07-11,DST states,10,13,20,22,16,81,88,2018,122,-116,2
2018-07-11,AZ+HI,0,1,0,1,0,2,2,2018,122,-116,2
2018-07-12,DST states,9,18,21,19,16,83,91,2018,123,-115,3
2018-07-12,AZ+HI,0,0,0,0,0,0,0,2018,123,-115,3
2018-07-13,DST states,15,14,19,32,17,98,106,2018,124,-114,4
2018-07-13,AZ+HI,1,2,0,1,0,4,4,2018,124,-114,4
2018-07-14,DST states,35,22,23,30,22,134,146,2018,125,-113,5
2018-07-14,AZ+HI,2,1,0,3,0,6,7,2018,125,-113,5
2018-07-15,DST states,32,18,14,32,16,114,126,2018,126,-112,6
2018-07-15,AZ+HI,2,0,0,1,2,5,6,2018,126,-112,6
2018-07-16,DST states,19,12,19,22,18,92,97,2018,127,-111,0
2018-07-16,AZ+HI,1,1,0,2,1,5,5,2018,127,-111,0
2018-07-17,DST states,11,12,25,20,13,81,85,2018,128,-110,1
2018-07-17,AZ+HI,1,0,1,1,1,5,5,2018,128,-110,1
2018-07-18,DST states,12,12,25,24,14,88,97,2018,129,-109,2
2018-07-18,AZ+HI,1,0,0,1,0,2,2,2018,129,-109,2
2018-07-19,DST states,10,20,20,20,18,88,94,2018,130,-108,3
2018-07-19,AZ+HI,1,2,1,1,0,5,5,2018,130,-108,3
2018-07-20,DST states,17,12,14,34,27,104,110,2018,131,-107,4
2018-07-20,AZ+HI,0,0,1,1,1,3,5,2018,131,-107,4
2018-07-21,DST states,29,13,18,31,27,118,125,2018,132,-106,5
2018-07-21,AZ+HI,0,0,1,0,0,1,1,2018,132,-106,5
2018-07-22,DST states,28,12,23,31,13,107,119,2018,133,-105,6
2018-07-22,AZ+HI,1,0,1,1,0,3,3,2018,133,-105,6
2018-07-23,DST states,6,14,11,18,15,64,70,2018,134,-104,0
2018-07-23,AZ+HI,0,0,1,1,1,3,3,2018,134,-104,0
2018-07-24,DST states,5,13,19,29,10,76,85,2018,135,-103,1
2018-07-24,AZ+HI,0,0,0,0,0,0,0,2018,135,-103,1
2018-07-25,DST states,7,16,16,27,12,78,82,2018,136,-102,2
2018-07-25,AZ+HI,0,0,0,1,0,1,1,2018,136,-102,2
2018-07-26,DST states,11,18,17,34,13,95,101,2018,137,-101,3
2018-07-26,AZ+HI,1,0,2,3,0,6,6,2018,137,-101,3
2018-07-27,DST states,15,16,18,37,17,103,114,2018,138,-100,4
2018-07-27,AZ+HI,0,1,0,1,1,3,3,2018,138,-100,4
2018-07-28,DST states,36,14,25,41,24,142,156,2018,139,-99,5
2018-07-28,AZ+HI,0,0,0,0,1,1,1,2018,139,-99,5
2018-07-29,DST states,23,19,20,24,15,104,122,2018,140,-98,6
2018-07-29,AZ+HI,0,0,2,1,0,3,3,2018,140,-98,6
2018-07-30,DST states,16,15,21,23,9,84,91,2018,141,-97,0
2018-07-30,AZ+HI,0,1,1,0,0,2,2,2018,141,-97,0
2018-07-31,DST states,13,16,24,17,9,79,89,2018,142,-96,1
2018-07-31,AZ+HI,1,1,0,0,0,2,2,2018,142,-96,1
2018-08-01,DST states,12,16,28,28,18,103,111,2018,143,-95,2
2018-08-01,AZ+HI,0,0,2,1,0,3,3,2018,143,-95,2
2018-08-02,DST states,22,19,18,28,19,106,117,2018,144,-94,3
2018-08-02,AZ+HI,0,0,1,0,0,1,1,2018,144,-94,3
2018-08-03,DST states,18,5,29,33,20,105,116,2018,145,-93,4
2018-08-03,AZ+HI,1,0,1,2,0,4,4,2018,145,-93,4
2018-08-04,DST states,27,17,35,36,24,139,147,2018,146,-92,5
2018-08-04,AZ+HI,2,2,0,0,0,4,4,2018,146,-92,5
2018-08-05,DST states,27,12,17,30,22,108,117,2018,147,-91,6
2018-08-05,AZ+HI,0,0,0,0,0,0,0,2018,147,-91,6
2018-08-06,DST states,11,15,18,32,14,90,101,2018,148,-90,0
2018-08-06,AZ+HI,0,0,0,1,0,1,1,2018,148,-90,0
2018-08-07,DST states,12,15,21,28,15,92,96,2018,149,-89,1
2018-08-07,AZ+HI,0,1,0,0,0,1,1,2018,149,-89,1
2018-08-08,DST states,8,15,19,24,23,89,95,2018,150,-88,2
2018-08-08,AZ+HI,0,0,0,1,0,1,3,2018,150,-88,2
2018-08-09,DST states,10,13,16,31,14,84,88,2018,151,-87,3
2018-08-09,AZ+HI,0,0,0,0,0,0,0,2018,151,-87,3
2018-08-10,DST states,16,15,18,37,18,105,121,2018,152,-86,4
2018-08-10,AZ+HI,0,0,0,0,2,2,2,2018,152,-86,4
2018-08-11,DST states,37,15,33,30,16,131,141,2018,153,-85,5
2018-08-11,AZ+HI,1,1,0,0,0,2,2,2018,153,-85,5
2018-08-12,DST states,24,15,14,20,17,92,102,2018,154,-84,6
2018-08-12,AZ+HI,1,0,0,1,0,2,2,2018,154,-84,6
2018-08-13,DST states,8,21,19,22,11,82,93,2018,155,-83,0
2018-08-13,AZ+HI,0,0,0,2,0,2,2,2018,155,-83,0
2018-08-14,DST states,10,14,16,17,9,67,71,2018,156,-82,1
2018-08-14,AZ+HI,0,0,1,0,0,1,1,2018,156,-82,1
2018-08-15,DST states,12,19,20,26,9,86,91,2018,157,-81,2
2018-08-15,AZ+HI,0,0,0,0,0,0,0,2018,157,-81,2
2018-08-16,DST states,11,13,26,27,14,91,93,2018,158,-80,3
2018-08-16,AZ+HI,0,2,0,0,0,2,2,2018,158,-80,3
2018-08-17,DST states,15,10,25,26,18,95,98,2018,159,-79,4
2018-08-17,AZ+HI,1,0,0,1,0,2,2,2018,159,-79,4
2018-08-18,DST states,28,8,8,34,23,102,117,2018,160,-78,5
2018-08-18,AZ+HI,1,1,0,2,0,4,5,2018,160,-78,5
2018-08-19,DST states,25,15,21,29,15,107,116,2018,161,-77,6
2018-08-19,AZ+HI,3,0,0,1,1,5,10,2018,161,-77,6
2018-08-20,DST states,11,11,12,21,8,63,65,2018,162,-76,0
2018-08-20,AZ+HI,2,0,1,2,0,5,5,2018,162,-76,0
2018-08-21,DST states,8,9,17,30,9,73,83,2018,163,-75,1
2018-08-21,AZ+HI,0,0,0,0,0,0,0,2018,163,-75,1
2018-08-22,DST states,6,8,15,31,12,72,79,2018,164,-74,2
2018-08-22,AZ+HI,2,1,0,1,0,4,4,2018,164,-74,2
2018-08-23,DST states,13,10,21,23,18,85,93,2018,165,-73,3
2018-08-23,AZ+HI,0,0,0,1,1,2,3,2018,165,-73,3
2018-08-24,DST states,12,16,26,34,19,108,115,2018,166,-72,4
2018-08-24,AZ+HI,0,0,1,1,0,2,3,2018,166,-72,4
2018-08-25,DST states,36,14,19,45,21,136,149,2018,167,-71,5
2018-08-25,AZ+HI,1,0,1,1,0,3,3,2018,167,-71,5
2018-08-26,DST states,20,6,14,31,15,87,95,2018,168,-70,6
2018-08-26,AZ+HI,2,1,0,0,0,3,3,2018,168,-70,6
2018-08-27,DST states,18,13,21,23,6,82,83,2018,169,-69,0
2018-08-27,AZ+HI,0,0,0,0,2,2,2,2018,169,-69,0
2018-08-28,DST states,9,26,19,31,9,95,98,2018,170,-68,1
2018-08-28,AZ+HI,0,0,0,1,0,1,1,2018,170,-68,1
2018-08-29,DST states,8,12,14,29,10,74,85,2018,171,-67,2
2018-08-29,AZ+HI,0,1,0,1,0,2,4,2018,171,-67,2
2018-08-30,DST states,14,20,19,25,13,91,102,2018,172,-66,3
2018-08-30,AZ+HI,0,0,0,2,0,2,4,2018,172,-66,3
2018-08-31,DST states,25,14,14,38,11,103,120,2018,173,-65,4
2018-08-31,AZ+HI,0,2,1,0,0,3,3,2018,173,-65,4
2018-09-01,DST states,28,19,19,28,19,114,127,2018,174,-64,5
2018-09-01,AZ+HI,1,0,0,3,0,4,5,2018,174,-64,5
2018-09-02,DST states,25,13,25,30,17,111,126,2018,175,-63,6
2018-09-02,AZ+HI,0,0,0,0,1,1,1,2018,175,-63,6
2018-09-03,DST states,26,8,33,40,15,122,137,2018,176,-62,0
2018-09-03,AZ+HI,1,1,0,0,0,2,2,2018,176,-62,0
2018-09-04,DST states,8,15,24,25,21,93,100,2018,177,-61,1
2018-09-04,AZ+HI,0,2,0,0,1,3,3,2018,177,-61,1
2018-09-05,DST states,8,15,24,30,15,92,95,2018,178,-60,2
2018-09-05,AZ+HI,0,0,0,0,3,3,3,2018,178,-60,2
2018-09-06,DST states,11,13,17,25,7,74,80,2018,179,-59,3
2018-09-06,AZ+HI,0,0,1,0,0,1,2,2018,179,-59,3
2018-09-07,DST states,8,15,15,34,15,87,99,2018,180,-58,4
2018-09-07,AZ+HI,0,1,0,0,1,2,3,2018,180,-58,4
2018-09-08,DST states,22,16,23,32,17,110,119,2018,181,-57,5
2018-09-08,AZ+HI,0,1,0,3,0,4,4,2018,181,-57,5
2018-09-09,DST states,23,6,18,35,13,96,102,2018,182,-56,6
2018-09-09,AZ+HI,0,0,0,1,0,1,2,2018,182,-56,6
2018-09-10,DST states,8,19,21,25,9,82,85,2018,183,-55,0
2018-09-10,AZ+HI,0,0,0,1,0,1,1,2018,183,-55,0
2018-09-11,DST states,7,23,13,32,17,92,96,2018,184,-54,1
2018-09-11,AZ+HI,0,1,1,0,0,2,2,2018,184,-54,1
2018-09-12,DST states,8,20,22,26,16,92,97,2018,185,-53,2
2018-09-12,AZ+HI,0,0,1,4,0,5,5,2018,185,-53,2
2018-09-13,DST states,10,18,20,29,19,97,105,2018,186,-52,3
2018-09-13,AZ+HI,0,0,0,3,2,5,5,2018,186,-52,3
2018-09-14,DST states,10,18,24,38,24,115,119,2018,187,-51,4
2018-09-14,AZ+HI,0,1,3,1,0,5,5,2018,187,-51,4
2018-09-15,DST states,27,17,23,38,23,131,145,2018,188,-50,5
2018-09-15,AZ+HI,0,1,0,3,0,4,8,2018,188,-50,5
2018-09-16,DST states,32,22,23,34,12,123,134,2018,189,-49,6
2018-09-16,AZ+HI,0,0,1,2,0,3,3,2018,189,-49,6
2018-09-17,DST states,6,22,19,31,9,89,96,2018,190,-48,0
2018-09-17,AZ+HI,0,0,1,1,0,2,2,2018,190,-48,0
2018-09-18,DST states,8,24,13,28,18,92,98,2018,191,-47,1
2018-09-18,AZ+HI,0,0,1,2,0,3,3,2018,191,-47,1
2018-09-19,DST states,17,18,17,27,6,87,97,2018,192,-46,2
2018-09-19,AZ+HI,1,0,0,1,1,3,9,2018,192,-46,2
2018-09-20,DST states,13,18,12,33,17,93,105,2018,193,-45,3
2018-09-20,AZ+HI,1,0,1,2,1,5,5,2018,193,-45,3
2018-09-21,DST states,11,20,23,34,18,106,110,2018,194,-44,4
2018-09-21,AZ+HI,0,1,0,1,1,3,4,2018,194,-44,4
2018-09-22,DST states,23,12,17,23,28,103,108,2018,195,-43,5
2018-09-22,AZ+HI,2,1,1,2,1,7,7,2018,195,-43,5
2018-09-23,DST states,31,11,17,34,13,107,117,2018,196,-42,6
2018-09-23,AZ+HI,2,1,1,0,0,4,4,2018,196,-42,6
2018-09-24,DST states,7,20,18,29,13,87,92,2018,197,-41,0
2018-09-24,AZ+HI,0,1,1,0,0,2,2,2018,197,-41,0
2018-09-25,DST states,9,28,18,27,7,89,95,2018,198,-40,1
2018-09-25,AZ+HI,3,1,1,1,0,6,8,2018,198,-40,1
2018-09-26,DST states,8,21,19,17,8,74,78,2018,199,-39,2
2018-09-26,AZ+HI,0,0,1,1,1,3,3,2018,199,-39,2
2018-09-27,DST states,10,17,18,30,14,89,97,2018,200,-38,3
2018-09-27,AZ+HI,1,0,0,2,0,3,3,2018,200,-38,3
2018-09-28,DST states,10,21,15,42,19,108,114,2018,201,-37,4
2018-09-28,AZ+HI,0,1,0,1,2,4,4,2018,201,-37,4
2018-09-29,DST states,30,15,23,31,15,114,120,2018,202,-36,5
2018-09-29,AZ+HI,0,0,1,1,0,2,3,2018,202,-36,5
2018-09-30,DST states,32,11,14,32,9,99,112,2018,203,-35,6
2018-09-30,AZ+HI,1,1,0,0,0,3,3,2018,203,-35,6
2018-10-01,DST states,7,16,18,38,20,99,113,2018,204,-34,0
2018-10-01,AZ+HI,0,0,1,0,0,1,2,2018,204,-34,0
2018-10-02,DST states,4,16,25,27,15,87,103,2018,205,-33,1
2018-10-02,AZ+HI,0,0,0,0,0,0,0,2018,205,-33,1
2018-10-03,DST states,12,23,17,32,15,99,109,2018,206,-32,2
2018-10-03,AZ+HI,1,0,1,0,2,4,4,2018,206,-32,2
2018-10-04,DST states,14,19,14,38,10,96,105,2018,207,-31,3
2018-10-04,AZ+HI,1,0,0,3,1,5,5,2018,207,-31,3
2018-10-05,DST states,14,13,28,47,15,117,129,2018,208,-30,4
2018-10-05,AZ+HI,0,0,0,1,0,1,2,2018,208,-30,4
2018-10-06,DST states,31,19,26,35,24,135,161,2018,209,-29,5
2018-10-06,AZ+HI,0,0,1,1,0,2,2,2018,209,-29,5
2018-10-07,DST states,37,13,17,34,12,113,126,2018,210,-28,6
2018-10-07,AZ+HI,0,2,0,0,0,2,2,2018,210,-28,6
2018-10-08,DST states,15,16,18,31,9,90,96,2018,211,-27,0
2018-10-08,AZ+HI,0,0,1,0,0,1,1,2018,211,-27,0
2018-10-09,DST states,9,21,18,42,11,101,105,2018,212,-26,1
2018-10-09,AZ+HI,1,2,0,5,1,9,9,2018,212,-26,1
2018-10-10,DST states,5,26,18,36,8,94,102,2018,213,-25,2
2018-10-10,AZ+HI,0,0,1,3,0,4,4,2018,213,-25,2
2018-10-11,DST states,8,22,13,35,8,86,90,2018,214,-24,3
2018-10-11,AZ+HI,1,1,0,0,0,2,2,2018,214,-24,3
2018-10-12,DST states,12,22,20,26,20,100,108,2018,215,-23,4
2018-10-12,AZ+HI,1,0,0,0,0,1,1,2018,215,-23,4
2018-10-13,DST states,22,7,16,37,25,107,118,2018,216,-22,5
2018-10-13,AZ+HI,0,1,1,2,0,4,4,2018,216,-22,5
2018-10-14,DST states,26,9,15,37,11,100,105,2018,217,-21,6
2018-10-14,AZ+HI,0,1,2,0,0,3,3,2018,217,-21,6
2018-10-15,DST states,15,28,14,23,10,91,101,2018,218,-20,0
2018-10-15,AZ+HI,0,0,1,1,1,4,4,2018,218,-20,0
2018-10-16,DST states,12,24,16,36,10,98,108,2018,219,-19,1
2018-10-16,AZ+HI,0,1,0,1,0,2,2,2018,219,-19,1
2018-10-17,DST states,9,14,20,28,9,81,85,2018,220,-18,2
2018-10-17,AZ+HI,0,1,0,0,2,3,3,2018,220,-18,2
2018-10-18,DST states,9,16,15,29,16,85,91,2018,221,-17,3
2018-10-18,AZ+HI,1,1,1,1,1,5,8,2018,221,-17,3
2018-10-19,DST states,5,14,23,36,18,96,109,2018,222,-16,4
2018-10-19,AZ+HI,1,1,0,1,2,5,6,2018,222,-16,4
2018-10-20,DST states,26,7,27,37,13,110,118,2018,223,-15,5
2018-10-20,AZ+HI,1,1,0,1,0,3,3,2018,223,-15,5
2018-10-21,DST states,27,9,18,36,12,103,112,2018,224,-14,6
2018-10-21,AZ+HI,0,1,0,3,0,4,4,2018,224,-14,6
2018-10-22,DST states,11,16,24,30,11,93,98,2018,225,-13,0
2018-10-22,AZ+HI,0,0,2,2,0,4,4,2018,225,-13,0
2018-10-23,DST states,4,25,14,30,12,85,96,2018,226,-12,1
2018-10-23,AZ+HI,0,1,1,0,0,2,2,2018,226,-12,1
2018-10-24,DST states,6,13,13,36,10,79,82,2018,227,-11,2
2018-10-24,AZ+HI,0,0,1,0,0,1,1,2018,227,-11,2
2018-10-25,DST states,14,22,15,37,12,101,110,2018,228,-10,3
2018-10-25,AZ+HI,0,0,1,2,0,3,3,2018,228,-10,3
2018-10-26,DST states,7,23,13,36,15,95,108,2018,229,-9,4
2018-10-26,AZ+HI,1,0,1,2,0,4,4,2018,229,-9,4
2018-10-27,DST states,28,14,21,19,19,101,109,2018,230,-8,5
2018-10-27,AZ+HI,0,0,0,2,1,3,3,2018,230,-8,5
2018-10-28,DST states,32,12,16,29,25,115,123,2018,231,-7,6
2018-10-28,AZ+HI,0,0,1,0,0,1,1,2018,231,-7,6
2018-10-29,DST states,8,23,15,27,8,81,84,2018,232,-6,0
2018-10-29,AZ+HI,0,0,0,1,1,2,2,2018,232,-6,0
2018-10-30,DST states,12,18,18,37,9,95,105,2018,233,-5,1
2018-10-30,AZ+HI,1,0,0,0,0,1,2,2018,233,-5,1
2018-10-31,DST states,4,25,15,29,12,86,92,2018,234,-4,2
2018-10-31,AZ+HI,0,1,0,1,1,3,3,2018,234,-4,2
2018-11-01,DST states,13,24,16,25,16,96,102,2018,235,-3,3
2018-11-01,AZ+HI,0,0,1,0,0,1,1,2018,235,-3,3
2018-11-02,DST states,11,19,7,39,13,89,97,2018,236,-2,4
2018-11-02,AZ+HI,0,0,0,1,0,1,1,2018,236,-2,4
2018-11-03,DST states,19,13,19,44,25,121,129,2018,237,-1,5
2018-11-03,AZ+HI,0,0,0,1,1,2,2,2018,237,-1,5
2018-11-04,DST states,22,18,12,34,13,101,108,2018,238,0,6
2018-11-04,AZ+HI,0,0,1,1,0,3,3,2018,238,0,6
2018-11-05,DST states,9,14,16,37,7,83,90,2018,239,1,0
2018-11-05,AZ+HI,2,0,2,0,0,4,4,2018,239,1,0
2018-11-06,DST states,8,19,21,35,14,98,103,2018,240,2,1
2018-11-06,AZ+HI,0,1,0,2,0,3,3,2018,240,2,1
2018-11-07,DST states,6,16,12,35,11,82,84,2018,241,3,2
2018-11-07,AZ+HI,1,0,0,2,0,3,3,2018,241,3,2
2018-11-08,DST states,11,15,12,37,9,84,93,2018,242,4,3
2018-11-08,AZ+HI,3,0,1,1,0,5,5,2018,242,4,3
2018-11-09,DST states,6,17,11,44,16,95,100,2018,243,5,4
2018-11-09,AZ+HI,0,1,1,1,0,3,3,2018,243,5,4
2018-11-10,DST states,33,12,5,41,14,106,115,2018,244,6,5
2018-11-10,AZ+HI,1,0,0,0,1,2,2,2018,244,6,5
2018-11-11,DST states,22,14,13,21,10,81,91,2018,245,7,6
2018-11-11,AZ+HI,0,0,0,1,0,1,1,2018,245,7,6
2018-11-12,DST states,11,13,19,30,10,83,86,2018,246,8,0
2018-11-12,AZ+HI,1,0,1,0,0,2,2,2018,246,8,0
2018-11-13,DST states,8,23,19,35,15,100,108,2018,247,9,1
2018-11-13,AZ+HI,0,1,0,1,1,3,3,2018,247,9,1
2018-11-14,DST states,6,13,17,37,9,82,94,2018,248,10,2
2018-11-14,AZ+HI,0,0,0,2,0,2,2,2018,248,10,2
2018-11-15,DST states,13,23,13,36,16,102,110,2018,249,11,3
2018-11-15,AZ+HI,0,0,0,2,0,2,2,2018,249,11,3
2018-11-16,DST states,7,15,26,38,12,99,118,2018,250,12,4
2018-11-16,AZ+HI,1,1,1,0,0,4,4,2018,250,12,4
2018-11-17,DST states,19,19,19,33,17,108,112,2018,251,13,5
2018-11-17,AZ+HI,1,1,0,1,0,3,4,2018,251,13,5
2018-11-18,DST states,29,9,7,28,20,95,104,2018,252,14,6
2018-11-18,AZ+HI,0,0,2,0,1,3,3,2018,252,14,6
2018-11-19,DST states,17,17,18,40,5,97,102,2018,253,15,0
2018-11-19,AZ+HI,0,0,0,0,1,1,1,2018,253,15,0
2018-11-20,DST states,13,13,20,26,12,84,91,2018,254,16,1
2018-11-20,AZ+HI,0,1,1,0,0,2,4,2018,254,16,1
2018-11-21,DST states,8,16,13,37,20,94,102,2018,255,17,2
2018-11-21,AZ+HI,1,0,1,0,0,2,2,2018,255,17,2
2018-11-22,DST states,19,10,24,29,14,96,106,2018,256,18,3
2018-11-22,AZ+HI,0,0,0,2,0,2,2,2018,256,18,3
2018-11-23,DST states,15,10,19,27,21,93,104,2018,257,19,4
2018-11-23,AZ+HI,0,0,0,1,0,1,1,2018,257,19,4
2018-11-24,DST states,25,8,15,31,11,91,99,2018,258,20,5
2018-11-24,AZ+HI,0,0,1,2,1,4,4,2018,258,20,5
2018-11-25,DST states,14,17,11,24,3,69,70,2018,259,21,6
2018-11-25,AZ+HI,0,0,1,0,0,2,2,2018,259,21,6
2018-11-26,DST states,3,9,13,34,11,72,79,2018,260,22,0
2018-11-26,AZ+HI,0,0,0,0,0,0,0,2018,260,22,0
2018-11-27,DST states,2,14,13,31,10,70,78,2018,261,23,1
2018-11-27,AZ+HI,0,0,0,0,1,1,1,2018,261,23,1
2018-11-28,DST states,8,9,14,25,14,70,76,2018,262,24,2
2018-11-28,AZ+HI,0,0,1,1,0,2,2,2018,262,24,2
2018-11-29,DST states,6,14,13,30,11,74,81,2018,263,25,3
2018-11-29,AZ+HI,1,0,0,2,0,3,3,2018,263,25,3
2018-11-30,DST states,13,16,16,47,12,105,109,2018,264,26,4
2018-11-30,AZ+HI,1,0,0,3,0,4,4,2018,264,26,4
2018-12-01,DST states,22,17,9,30,13,91,96,2018,265,27,5
2018-12-01,AZ+HI,0,0,0,2,0,2,2,2018,265,27,5
2018-12-02,DST states,15,10,13,29,11,78,85,2018,266,28,6
2018-12-02,AZ+HI,1,1,0,0,1,3,3,2018,266,28,6
2018-12-03,DST states,13,19,19,34,7,94,101,2018,267,29,0
2018-12-03,AZ+HI,0,1,0,0,0,1,1,2018,267,29,0
2018-12-04,DST states,8,11,24,28,7,78,83,2018,268,30,1
2018-12-04,AZ+HI,0,0,0,0,0,0,0,2018,268,30,1
2018-12-05,DST states,3,19,17,36,6,82,91,2018,269,31,2
2018-12-05,AZ+HI,0,1,0,1,2,4,4,2018,269,31,2
2018-12-06,DST states,6,26,15,35,8,90,93,2018,270,32,3
2018-12-06,AZ+HI,0,0,0,1,1,2,2,2018,270,32,3
2018-12-07,DST states,14,9,14,46,19,103,114,2018,271,33,4
2018-12-07,AZ+HI,0,0,0,1,1,2,2,2018,271,33,4
2018-12-08,DST states,19,10,13,18,21,82,87,2018,272,34,5
2018-12-08,AZ+HI,0,2,1,2,0,5,5,2018,272,34,5
2018-12-09,DST states,23,9,14,24,3,74,82,2018,273,35,6
2018-12-09,AZ+HI,0,1,1,0,0,2,3,2018,273,35,6
2018-12-10,DST states,7,10,13,34,7,73,78,2018,274,36,0
2018-12-10,AZ+HI,0,4,1,3,0,8,9,2018,274,36,0
2018-12-11,DST states,8,19,21,33,8,89,97,2018,275,37,1
2018-12-11,AZ+HI,0,0,0,0,0,0,0,2018,275,37,1
2018-12-12,DST states,16,16,12,23,8,75,80,2018,276,38,2
2018-12-12,AZ+HI,1,1,0,1,0,4,4,2018,276,38,2
2018-12-13,DST states,9,16,15,28,8,77,82,2018,277,39,3
2018-12-13,AZ+HI,0,0,0,3,0,3,3,2018,277,39,3
2018-12-14,DST states,11,17,16,31,12,87,93,2018,278,40,4
2018-12-14,AZ+HI,0,0,1,2,1,4,4,2018,278,40,4
2018-12-15,DST states,24,20,18,29,25,117,121,2018,279,41,5
2018-12-15,AZ+HI,0,1,0,4,1,6,6,2018,279,41,5
2018-12-16,DST states,29,13,16,31,16,106,121,2018,280,42,6
2018-12-16,AZ+HI,0,2,0,0,0,2,2,2018,280,42,6
2018-12-17,DST states,12,21,10,21,8,72,79,2018,281,43,0
2018-12-17,AZ+HI,1,0,0,0,0,1,1,2018,281,43,0
2018-12-18,DST states,8,15,20,27,13,83,84,2018,282,44,1
2018-12-18,AZ+HI,1,1,1,0,0,4,4,2018,282,44,1
2018-12-19,DST states,10,19,17,30,11,87,91,2018,283,45,2
2018-12-19,AZ+HI,0,1,1,1,1,4,4,2018,283,45,2
2018-12-20,DST states,9,9,11,39,17,85,89,2018,284,46,3
2018-12-20,AZ+HI,0,2,2,0,0,4,4,2018,284,46,3
2018-12-21,DST states,8,18,21,40,15,102,108,2018,285,47,4
2018-12-21,AZ+HI,1,1,2,0,0,6,9,2018,285,47,4
2018-12-22,DST states,21,11,23,36,11,102,110,2018,286,48,5
2018-12-22,AZ+HI,0,0,1,3,0,4,5,2018,286,48,5
2018-12-23,DST states,25,7,16,21,13,82,86,2018,287,49,6
2018-12-23,AZ+HI,0,1,0,2,1,4,4,2018,287,49,6
2018-12-24,DST states,18,7,16,28,17,86,97,2018,288,50,0
2018-12-24,AZ+HI,1,0,0,0,0,1,1,2018,288,50,0
2018-12-25,DST states,12,10,17,21,9,69,78,2018,289,51,1
2018-12-25,AZ+HI,0,0,0,2,0,2,2,2018,289,51,1
2018-12-26,DST states,6,13,23,27,9,80,91,2018,290,52,2
2018-12-26,AZ+HI,0,0,0,2,0,2,2,2018,290,52,2
2018-12-27,DST states,7,13,16,22,12,70,75,2018,291,53,3
2018-12-27,AZ+HI,0,0,0,1,2,3,3,2018,291,53,3
2018-12-28,DST states,8,15,19,30,17,90,99,2018,292,54,4
2018-12-28,AZ+HI,0,0,0,0,0,0,0,2018,292,54,4
2018-12-29,DST states,11,13,10,31,14,81,87,2018,293,55,5
2018-12-29,AZ+HI,2,0,1,0,0,3,3,2018,293,55,5
2018-12-30,DST states,19,7,13,31,9,79,86,2018,294,56,6
2018-12-30,AZ+HI,1,0,1,1,0,3,4,2018,294,56,6
2018-12-31,DST states,10,8,16,45,16,95,101,2018,295,57,0
2018-12-31,AZ+HI,0,1,1,0,0,2,2,2018,295,57,0
2019-01-01,DST states,36,14,16,25,11,102,109,2019,-68,-306,1
2019-01-01,AZ+HI,0,1,0,0,0,1,1,2019,-68,-306,1
2019-01-02,DST states,6,21,15,31,9,82,91,2019,-67,-305,2
2019-01-02,AZ+HI,0,0,0,1,0,1,1,2019,-67,-305,2
2019-01-03,DST states,5,25,15,37,16,99,116,2019,-66,-304,3
2019-01-03,AZ+HI,2,0,0,2,0,4,4,2019,-66,-304,3
2019-01-04,DST states,8,15,11,25,15,76,81,2019,-65,-303,4
2019-01-04,AZ+HI,1,0,0,0,2,3,3,2019,-65,-303,4
2019-01-05,DST states,16,9,15,28,14,82,84,2019,-64,-302,5
2019-01-05,AZ+HI,0,0,0,5,0,5,10,2019,-64,-302,5
2019-01-06,DST states,14,14,20,26,8,82,90,2019,-63,-301,6
2019-01-06,AZ+HI,1,0,1,0,1,3,3,2019,-63,-301,6
2019-01-07,DST states,13,13,20,37,17,101,109,2019,-62,-300,0
2019-01-07,AZ+HI,0,1,0,1,0,2,2,2019,-62,-300,0
2019-01-08,DST states,5,14,15,27,5,66,66,2019,-61,-299,1
2019-01-08,AZ+HI,1,1,0,2,0,4,4,2019,-61,-299,1
2019-01-09,DST states,7,19,10,20,10,66,74,2019,-60,-298,2
2019-01-09,AZ+HI,0,1,1,4,0,6,6,2019,-60,-298,2
2019-01-10,DST states,10,15,10,37,10,82,87,2019,-59,-297,3
2019-01-10,AZ+HI,0,0,0,0,0,0,0,2019,-59,-297,3
2019-01-11,DST states,8,20,16,42,14,101,110,2019,-58,-296,4
2019-01-11,AZ+HI,2,0,0,1,1,4,4,2019,-58,-296,4
2019-01-12,DST states,20,15,14,41,17,108,119,2019,-57,-295,5
2019-01-12,AZ+HI,1,1,0,1,1,4,4,2019,-57,-295,5
2019-01-13,DST states,12,8,11,29,3,63,67,2019,-56,-294,6
2019-01-13,AZ+HI,2,1,0,1,0,4,4,2019,-56,-294,6
2019-01-14,DST states,10,14,16,23,7,70,73,2019,-55,-293,0
2019-01-14,AZ+HI,0,0,1,1,0,2,2,2019,-55,-293,0
2019-01-15,DST states,6,14,14,29,7,73,77,2019,-54,-292,1
2019-01-15,AZ+HI,0,1,0,0,2,3,3,2019,-54,-292,1
2019-01-16,DST states,4,12,14,27,7,66,70,2019,-53,-291,2
2019-01-16,AZ+HI,0,0,1,1,0,2,3,2019,-53,-291,2
2019-01-17,DST states,10,17,12,29,8,76,79,2019,-52,-290,3
2019-01-17,AZ+HI,0,1,1,1,0,3,3,2019,-52,-290,3
2019-01-18,DST states,9,15,14,44,12,96,101,2019,-51,-289,4
2019-01-18,AZ+HI,0,1,0,2,0,3,4,2019,-51,-289,4
2019-01-19,DST states,22,7,10,27,16,82,88,2019,-50,-288,5
2019-01-19,AZ+HI,1,1,1,1,0,4,4,2019,-50,-288,5
2019-01-20,DST states,23,2,18,17,12,73,79,2019,-49,-287,6
2019-01-20,AZ+HI,2,1,2,2,0,7,7,2019,-49,-287,6
2019-01-21,DST states,10,12,14,22,8,66,73,2019,-48,-286,0
2019-01-21,AZ+HI,0,0,0,0,1,1,1,2019,-48,-286,0
2019-01-22,DST states,9,16,15,20,6,66,70,2019,-47,-285,1
2019-01-22,AZ+HI,0,0,0,0,1,1,1,2019,-47,-285,1
2019-01-23,DST states,5,9,11,25,9,59,62,2019,-46,-284,2
2019-01-23,AZ+HI,0,1,1,2,0,4,4,2019,-46,-284,2
2019-01-24,DST states,10,22,16,23,5,77,82,2019,-45,-283,3
2019-01-24,AZ+HI,0,0,1,2,0,3,3,2019,-45,-283,3
2019-01-25,DST states,8,12,13,21,13,67,74,2019,-44,-282,4
2019-01-25,AZ+HI,0,0,0,0,0,0,0,2019,-44,-282,4
2019-01-26,DST states,15,13,11,24,10,73,80,2019,-43,-281,5
2019-01-26,AZ+HI,1,2,1,2,0,6,6,2019,-43,-281,5
2019-01-27,DST states,24,10,10,26,9,79,88,2019,-42,-280,6
2019-01-27,AZ+HI,0,0,1,0,0,1,1,2019,-42,-280,6
2019-01-28,DST states,9,16,8,25,11,71,77,2019,-41,-279,0
2019-01-28,AZ+HI,0,1,0,1,0,2,4,2019,-41,-279,0
2019-01-29,DST states,5,16,14,20,6,62,65,2019,-40,-278,1
2019-01-29,AZ+HI,1,1,0,0,0,2,2,2019,-40,-278,1
2019-01-30,DST states,7,9,16,24,6,63,68,2019,-39,-277,2
2019-01-30,AZ+HI,0,0,1,1,1,3,4,2019,-39,-277,2
2019-01-31,DST states,7,15,9,19,5,55,59,2019,-38,-276,3
2019-01-31,AZ+HI,0,1,0,1,2,4,4,2019,-38,-276,3
2019-02-01,DST states,15,10,13,31,15,86,89,2019,-37,-275,4
2019-02-01,AZ+HI,0,1,2,0,0,3,3,2019,-37,-275,4
2019-02-02,DST states,20,9,10,32,17,88,103,2019,-36,-274,5
2019-02-02,AZ+HI,0,1,0,4,1,6,6,2019,-36,-274,5
2019-02-03,DST states,24,8,16,33,17,99,110,2019,-35,-273,6
2019-02-03,AZ+HI,2,0,0,0,0,2,2,2019,-35,-273,6
2019-02-04,DST states,14,11,14,25,12,76,79,2019,-34,-272,0
2019-02-04,AZ+HI,0,0,0,1,0,1,1,2019,-34,-272,0
2019-02-05,DST states,8,15,22,27,13,86,94,2019,-33,-271,1
2019-02-05,AZ+HI,0,1,0,0,0,1,1,2019,-33,-271,1
2019-02-06,DST states,9,17,11,26,10,73,77,2019,-32,-270,2
2019-02-06,AZ+HI,0,0,0,1,0,1,1,2019,-32,-270,2
2019-02-07,DST states,7,19,16,26,7,76,83,2019,-31,-269,3
2019-02-07,AZ+HI,0,1,0,1,0,2,2,2019,-31,-269,3
2019-02-08,DST states,9,14,19,31,8,81,88,2019,-30,-268,4
2019-02-08,AZ+HI,1,0,0,0,0,2,2,2019,-30,-268,4
2019-02-09,DST states,24,5,18,31,11,90,98,2019,-29,-267,5
2019-02-09,AZ+HI,1,0,0,2,1,4,4,2019,-29,-267,5
2019-02-10,DST states,19,11,18,22,15,85,94,2019,-28,-266,6
2019-02-10,AZ+HI,0,0,0,1,0,1,1,2019,-28,-266,6
2019-02-11,DST states,8,13,12,16,13,64,68,2019,-27,-265,0
2019-02-11,AZ+HI,0,0,1,1,2,4,6,2019,-27,-265,0
2019-02-12,DST states,4,10,14,25,7,60,64,2019,-26,-264,1
2019-02-12,AZ+HI,0,0,0,1,0,2,2,2019,-26,-264,1
2019-02-13,DST states,8,12,14,29,5,69,73,2019,-25,-263,2
2019-02-13,AZ+HI,0,0,0,1,0,1,1,2019,-25,-263,2
2019-02-14,DST states,5,18,9,22,10,64,64,2019,-24,-262,3
2019-02-14,AZ+HI,1,0,1,0,0,2,2,2019,-24,-262,3
2019-02-15,DST states,20,12,17,36,10,95,105,2019,-23,-261,4
2019-02-15,AZ+HI,1,0,0,1,0,2,2,2019,-23,-261,4
2019-02-16,DST states,17,7,14,26,14,78,86,2019,-22,-260,5
2019-02-16,AZ+HI,1,1,0,3,0,5,6,2019,-22,-260,5
2019-02-17,DST states,16,5,11,25,6,63,80,2019,-21,-259,6
2019-02-17,AZ+HI,1,1,2,1,0,5,5,2019,-21,-259,6
2019-02-18,DST states,4,7,22,17,9,59,67,2019,-20,-258,0
2019-02-18,AZ+HI,0,0,0,0,2,2,2,2019,-20,-258,0
2019-02-19,DST states,8,13,17,17,4,60,66,2019,-19,-257,1
2019-02-19,AZ+HI,0,1,1,2,1,5,7,2019,-19,-257,1
2019-02-20,DST states,4,16,17,21,6,64,67,2019,-18,-256,2
2019-02-20,AZ+HI,0,0,0,0,0,0,0,2019,-18,-256,2
2019-02-21,DST states,5,22,8,24,11,71,73,2019,-17,-255,3
2019-02-21,AZ+HI,1,2,0,3,2,8,9,2019,-17,-255,3
2019-02-22,DST states,11,19,15,34,10,90,96,2019,-16,-254,4
2019-02-22,AZ+HI,1,1,0,1,1,4,4,2019,-16,-254,4
2019-02-23,DST states,21,10,16,32,17,96,104,2019,-15,-253,5
2019-02-23,AZ+HI,0,0,0,3,0,3,3,2019,-15,-253,5
2019-02-24,DST states,17,11,10,35,10,84,88,2019,-14,-252,6
2019-02-24,AZ+HI,1,0,0,0,0,1,1,2019,-14,-252,6
2019-02-25,DST states,6,11,11,18,8,55,60,2019,-13,-251,0
2019-02-25,AZ+HI,0,1,0,0,0,1,1,2019,-13,-251,0
2019-02-26,DST states,6,13,22,22,6,70,77,2019,-12,-250,1
2019-02-26,AZ+HI,1,0,2,0,0,3,5,2019,-12,-250,1
2019-02-27,DST states,15,12,16,21,10,74,79,2019,-11,-249,2
2019-02-27,AZ+HI,0,0,0,2,0,2,2,2019,-11,-249,2
2019-02-28,DST states,8,10,10,28,14,71,75,2019,-10,-248,3
2019-02-28,AZ+HI,1,2,0,2,0,5,5,2019,-10,-248,3
2019-03-01,DST states,9,8,17,23,7,64,74,2019,-9,-247,4
2019-03-01,AZ+HI,0,1,1,2,1,5,5,2019,-9,-247,4
2019-03-02,DST states,11,17,11,26,15,80,85,2019,-8,-246,5
2019-03-02,AZ+HI,0,1,0,1,0,2,2,2019,-8,-246,5
2019-03-03,DST states,25,11,9,24,11,80,85,2019,-7,-245,6
2019-03-03,AZ+HI,0,1,0,1,1,3,4,2019,-7,-245,6
2019-03-04,DST states,9,14,5,19,13,61,63,2019,-6,-244,0
2019-03-04,AZ+HI,0,1,0,0,0,2,2,2019,-6,-244,0
2019-03-05,DST states,8,17,14,20,9,68,71,2019,-5,-243,1
2019-03-05,AZ+HI,0,2,1,2,0,5,6,2019,-5,-243,1
2019-03-06,DST states,11,11,11,25,9,69,80,2019,-4,-242,2
2019-03-06,AZ+HI,0,1,0,2,0,3,3,2019,-4,-242,2
2019-03-07,DST states,8,14,10,22,6,61,62,2019,-3,-241,3
2019-03-07,AZ+HI,2,0,0,1,0,3,3,2019,-3,-241,3
2019-03-08,DST states,11,9,15,30,11,78,88,2019,-2,-240,4
2019-03-08,AZ+HI,0,0,0,0,0,0,0,2019,-2,-240,4
2019-03-09,DST states,12,13,15,30,19,89,100,2019,-1,-239,5
2019-03-09,AZ+HI,2,0,1,3,0,6,6,2019,-1,-239,5
2019-03-10,DST states,26,7,13,35,12,93,101,2019,0,-238,6
2019-03-10,AZ+HI,0,2,1,0,0,3,3,2019,0,-238,6
2019-03-11,DST states,10,17,18,24,11,80,87,2019,1,-237,0
2019-03-11,AZ+HI,0,0,0,2,0,2,2,2019,1,-237,0
2019-03-12,DST states,8,14,19,19,10,70,80,2019,2,-236,1
2019-03-12,AZ+HI,0,0,2,0,1,3,3,2019,2,-236,1
2019-03-13,DST states,10,14,19,24,11,78,85,2019,3,-235,2
2019-03-13,AZ+HI,0,0,0,0,0,0,0,2019,3,-235,2
2019-03-14,DST states,5,14,15,18,13,65,67,2019,4,-234,3
2019-03-14,AZ+HI,1,1,1,1,0,4,4,2019,4,-234,3
2019-03-15,DST states,11,16,18,28,20,93,98,2019,5,-233,4
2019-03-15,AZ+HI,0,1,0,3,0,4,4,2019,5,-233,4
2019-03-16,DST states,16,14,21,21,14,87,102,2019,6,-232,5
2019-03-16,AZ+HI,0,0,1,1,1,3,3,2019,6,-232,5
2019-03-17,DST states,26,8,11,21,13,79,85,2019,7,-231,6
2019-03-17,AZ+HI,1,0,1,1,0,3,4,2019,7,-231,6
2019-03-18,DST states,8,14,12,23,3,60,63,2019,8,-230,0
2019-03-18,AZ+HI,0,0,0,1,0,1,2,2019,8,-230,0
2019-03-19,DST states,6,17,20,26,10,79,83,2019,9,-229,1
2019-03-19,AZ+HI,0,0,0,1,0,1,1,2019,9,-229,1
2019-03-20,DST states,10,15,17,20,7,70,77,2019,10,-228,2
2019-03-20,AZ+HI,1,0,0,2,2,5,5,2019,10,-228,2
2019-03-21,DST states,11,20,12,16,13,72,78,2019,11,-227,3
2019-03-21,AZ+HI,0,3,0,2,0,5,6,2019,11,-227,3
2019-03-22,DST states,9,23,19,36,21,108,116,2019,12,-226,4
2019-03-22,AZ+HI,1,0,1,3,0,5,5,2019,12,-226,4
2019-03-23,DST states,21,14,17,39,15,108,114,2019,13,-225,5
2019-03-23,AZ+HI,0,0,0,0,0,0,0,2019,13,-225,5
2019-03-24,DST states,16,12,13,24,13,78,94,2019,14,-224,6
2019-03-24,AZ+HI,0,0,0,0,0,0,0,2019,14,-224,6
2019-03-25,DST states,9,14,19,27,6,75,79,2019,15,-223,0
2019-03-25,AZ+HI,0,0,0,0,0,0,0,2019,15,-223,0
2019-03-26,DST states,7,22,16,22,10,78,82,2019,16,-222,1
2019-03-26,AZ+HI,0,1,0,0,2,3,3,2019,16,-222,1
2019-03-27,DST states,7,14,9,20,8,59,67,2019,17,-221,2
2019-03-27,AZ+HI,1,1,1,0,2,5,8,2019,17,-221,2
2019-03-28,DST states,7,15,13,20,20,75,78,2019,18,-220,3
2019-03-28,AZ+HI,0,0,1,1,0,2,2,2019,18,-220,3
2019-03-29,DST states,15,13,31,23,20,104,116,2019,19,-219,4
2019-03-29,AZ+HI,0,0,0,1,1,2,2,2019,19,-219,4
2019-03-30,DST states,20,13,20,34,26,114,128,2019,20,-218,5
2019-03-30,AZ+HI,1,0,1,0,0,2,3,2019,20,-218,5
2019-03-31,DST states,31,10,8,24,8,81,84,2019,21,-217,6
2019-03-31,AZ+HI,1,0,3,1,1,6,6,2019,21,-217,6
2019-04-01,DST states,11,10,16,23,7,67,76,2019,22,-216,0
2019-04-01,AZ+HI,0,0,0,1,0,1,1,2019,22,-216,0
2019-04-02,DST states,7,14,11,19,10,61,67,2019,23,-215,1
2019-04-02,AZ+HI,1,0,1,1,0,3,3,2019,23,-215,1
2019-04-03,DST states,7,21,14,16,10,68,69,2019,24,-214,2
2019-04-03,AZ+HI,1,0,1,2,0,4,5,2019,24,-214,2
2019-04-04,DST states,14,22,11,27,12,87,92,2019,25,-213,3
2019-04-04,AZ+HI,0,0,1,1,1,3,3,2019,25,-213,3
2019-04-05,DST states,14,12,18,32,16,93,99,2019,26,-212,4
2019-04-05,AZ+HI,2,0,0,0,0,2,2,2019,26,-212,4
2019-04-06,DST states,23,9,17,42,21,112,122,2019,27,-211,5
2019-04-06,AZ+HI,0,1,0,2,0,3,3,2019,27,-211,5
2019-04-07,DST states,43,6,19,18,8,94,97,2019,28,-210,6
2019-04-07,AZ+HI,0,2,3,2,0,7,9,2019,28,-210,6
2019-04-08,DST states,7,20,16,27,17,87,89,2019,29,-209,0
2019-04-08,AZ+HI,0,1,0,2,0,3,5,2019,29,-209,0
2019-04-09,DST states,16,19,21,30,9,96,101,2019,30,-208,1
2019-04-09,AZ+HI,0,1,1,1,1,4,4,2019,30,-208,1
2019-04-10,DST states,10,13,13,26,13,75,79,2019,31,-207,2
2019-04-10,AZ+HI,0,2,1,0,1,4,4,2019,31,-207,2
2019-04-11,DST states,11,19,17,17,16,80,84,2019,32,-206,3
2019-04-11,AZ+HI,0,0,0,3,0,3,3,2019,32,-206,3
2019-04-12,DST states,7,9,20,27,12,75,84,2019,33,-205,4
2019-04-12,AZ+HI,1,0,0,1,1,3,3,2019,33,-205,4
2019-04-13,DST states,22,14,18,27,15,97,109,2019,34,-204,5
2019-04-13,AZ+HI,0,0,1,2,2,5,6,2019,34,-204,5
2019-04-14,DST states,22,7,14,25,11,80,85,2019,35,-203,6
2019-04-14,AZ+HI,0,0,0,1,1,2,2,2019,35,-203,6
2019-04-15,DST states,7,13,15,19,10,64,68,2019,36,-202,0
2019-04-15,AZ+HI,0,0,0,0,0,0,0,2019,36,-202,0
2019-04-16,DST states,12,9,17,23,10,71,74,2019,37,-201,1
2019-04-16,AZ+HI,0,0,1,1,0,2,2,2019,37,-201,1
2019-04-17,DST states,10,14,18,27,8,77,80,2019,38,-200,2
2019-04-17,AZ+HI,0,0,1,0,1,2,2,2019,38,-200,2
2019-04-18,DST states,10,17,16,30,11,85,89,2019,39,-199,3
2019-04-18,AZ+HI,0,1,1,0,0,2,2,2019,39,-199,3
2019-04-19,DST states,15,11,16,30,14,87,95,2019,40,-198,4
2019-04-19,AZ+HI,0,0,1,2,0,3,3,2019,40,-198,4
2019-04-20,DST states,28,13,22,35,21,119,134,2019,41,-197,5
2019-04-20,AZ+HI,1,2,2,2,0,7,8,2019,41,-197,5
2019-04-21,DST states,18,3,12,38,17,88,98,2019,42,-196,6
2019-04-21,AZ+HI,1,0,1,0,0,3,3,2019,42,-196,6
2019-04-22,DST states,9,13,15,16,11,65,72,2019,43,-195,0
2019-04-22,AZ+HI,1,0,0,0,0,1,1,2019,43,-195,0
2019-04-23,DST states,5,18,22,21,7,73,75,2019,44,-194,1
2019-04-23,AZ+HI,0,1,1,2,2,6,6,2019,44,-194,1
2019-04-24,DST states,8,14,20,24,8,74,84,2019,45,-193,2
2019-04-24,AZ+HI,0,1,3,0,0,5,5,2019,45,-193,2
2019-04-25,DST states,7,24,17,24,14,86,97,2019,46,-192,3
2019-04-25,AZ+HI,0,0,1,0,0,1,1,2019,46,-192,3
2019-04-26,DST states,16,13,18,25,17,90,97,2019,47,-191,4
2019-04-26,AZ+HI,0,0,1,3,1,5,5,2019,47,-191,4
2019-04-27,DST states,22,16,19,30,12,100,110,2019,48,-190,5
2019-04-27,AZ+HI,1,0,1,1,0,3,3,2019,48,-190,5
2019-04-28,DST states,20,7,17,42,13,99,107,2019,49,-189,6
2019-04-28,AZ+HI,2,2,2,1,0,7,7,2019,49,-189,6
2019-04-29,DST states,9,17,14,22,11,74,83,2019,50,-188,0
2019-04-29,AZ+HI,0,0,0,0,2,2,2,2019,50,-188,0
2019-04-30,DST states,13,22,22,21,13,91,101,2019,51,-187,1
2019-04-30,AZ+HI,0,0,0,0,0,0,0,2019,51,-187,1
2019-05-01,DST states,12,20,25,18,7,82,88,2019,52,-186,2
2019-05-01,AZ+HI,0,1,3,0,0,4,4,2019,52,-186,2
2019-05-02,DST states,13,19,20,24,8,85,96,2019,53,-185,3
2019-05-02,AZ+HI,0,0,2,0,1,3,3,2019,53,-185,3
2019-05-03,DST states,5,20,15,31,21,92,97,2019,54,-184,4
2019-05-03,AZ+HI,0,0,1,0,0,1,1,2019,54,-184,4
2019-05-04,DST states,20,18,26,32,23,120,132,2019,55,-183,5
2019-05-04,AZ+HI,0,0,1,0,3,4,4,2019,55,-183,5
2019-05-05,DST states,23,6,26,39,9,103,115,2019,56,-182,6
2019-05-05,AZ+HI,1,1,1,3,0,6,10,2019,56,-182,6
2019-05-06,DST states,21,18,22,27,7,95,102,2019,57,-181,0
2019-05-06,AZ+HI,0,1,0,1,0,2,2,2019,57,-181,0
2019-05-07,DST states,9,10,21,18,10,68,76,2019,58,-180,1
2019-05-07,AZ+HI,0,0,0,1,0,1,1,2019,58,-180,1
2019-05-08,DST states,16,14,18,32,12,92,99,2019,59,-179,2
2019-05-08,AZ+HI,0,0,1,4,2,7,7,2019,59,-179,2
2019-05-09,DST states,12,9,20,31,14,86,92,2019,60,-178,3
2019-05-09,AZ+HI,0,1,0,1,0,2,2,2019,60,-178,3
2019-05-10,DST states,12,10,16,17,12,67,73,2019,61,-177,4
2019-05-10,AZ+HI,0,0,1,2,1,4,5,2019,61,-177,4
2019-05-11,DST states,24,9,12,32,18,95,98,2019,62,-176,5
2019-05-11,AZ+HI,0,0,1,1,0,2,2,2019,62,-176,5
2019-05-12,DST states,30,12,19,27,12,101,114,2019,63,-175,6
2019-05-12,AZ+HI,1,0,1,0,0,2,2,2019,63,-175,6
2019-05-13,DST states,12,20,15,20,11,79,80,2019,64,-174,0
2019-05-13,AZ+HI,0,0,0,0,0,0,0,2019,64,-174,0
2019-05-14,DST states,6,9,13,24,16,69,75,2019,65,-173,1
2019-05-14,AZ+HI,0,1,0,1,0,3,3,2019,65,-173,1
2019-05-15,DST states,13,12,20,34,10,89,102,2019,66,-172,2
2019-05-15,AZ+HI,0,0,1,1,1,3,3,2019,66,-172,2
2019-05-16,DST states,19,17,16,30,23,105,116,2019,67,-171,3
2019-05-16,AZ+HI,0,0,1,1,0,2,2,2019,67,-171,3
2019-05-17,DST states,10,17,27,24,18,98,103,2019,68,-170,4
2019-05-17,AZ+HI,0,0,1,0,1,2,2,2019,68,-170,4
2019-05-18,DST states,22,11,14,43,22,112,125,2019,69,-169,5
2019-05-18,AZ+HI,1,1,0,0,0,3,3,2019,69,-169,5
2019-05-19,DST states,35,14,18,21,11,99,106,2019,70,-168,6
2019-05-19,AZ+HI,0,1,2,1,1,5,5,2019,70,-168,6
2019-05-20,DST states,4,13,16,21,12,67,68,2019,71,-167,0
2019-05-20,AZ+HI,0,1,0,0,0,1,1,2019,71,-167,0
2019-05-21,DST states,10,10,16,24,13,74,78,2019,72,-166,1
2019-05-21,AZ+HI,0,0,1,2,0,3,3,2019,72,-166,1
2019-05-22,DST states,14,15,16,18,13,77,86,2019,73,-165,2
2019-05-22,AZ+HI,0,1,0,0,1,2,2,2019,73,-165,2
2019-05-23,DST states,5,10,17,19,15,66,70,2019,74,-164,3
2019-05-23,AZ+HI,1,0,0,0,0,1,1,2019,74,-164,3
2019-05-24,DST states,18,7,17,38,30,112,121,2019,75,-163,4
2019-05-24,AZ+HI,0,1,0,1,0,2,6,2019,75,-163,4
2019-05-25,DST states,24,12,20,39,26,121,134,2019,76,-162,5
2019-05-25,AZ+HI,2,1,1,1,0,5,5,2019,76,-162,5
2019-05-26,DST states,36,12,23,28,22,124,144,2019,77,-161,6
2019-05-26,AZ+HI,0,0,1,2,1,4,4,2019,77,-161,6
2019-05-27,DST states,18,3,13,37,22,94,103,2019,78,-160,0
2019-05-27,AZ+HI,0,2,1,0,0,4,4,2019,78,-160,0
2019-05-28,DST states,6,16,16,23,10,73,82,2019,79,-159,1
2019-05-28,AZ+HI,1,0,0,0,0,2,2,2019,79,-159,1
2019-05-29,DST states,6,12,18,21,15,73,77,2019,80,-158,2
2019-05-29,AZ+HI,0,1,0,0,0,1,1,2019,80,-158,2
2019-05-30,DST states,11,10,27,30,17,95,97,2019,81,-157,3
2019-05-30,AZ+HI,1,0,1,0,0,2,2,2019,81,-157,3
2019-05-31,DST states,16,17,30,32,24,119,129,2019,82,-156,4
2019-05-31,AZ+HI,0,0,1,1,0,2,2,2019,82,-156,4
2019-06-01,DST states,20,12,20,38,29,119,128,2019,83,-155,5
2019-06-01,AZ+HI,1,0,1,0,1,3,3,2019,83,-155,5
2019-06-02,DST states,19,11,16,29,11,86,94,2019,84,-154,6
2019-06-02,AZ+HI,0,0,0,1,0,1,1,2019,84,-154,6
2019-06-03,DST states,15,17,23,24,15,97,111,2019,85,-153,0
2019-06-03,AZ+HI,1,0,0,0,0,1,1,2019,85,-153,0
2019-06-04,DST states,12,17,16,27,13,86,90,2019,86,-152,1
2019-06-04,AZ+HI,1,1,2,0,0,4,4,2019,86,-152,1
2019-06-05,DST states,13,14,19,21,18,85,97,2019,87,-151,2
2019-06-05,AZ+HI,0,0,1,0,0,1,1,2019,87,-151,2
2019-06-06,DST states,13,11,20,33,13,92,97,2019,88,-150,3
2019-06-06,AZ+HI,0,2,2,0,0,4,4,2019,88,-150,3
2019-06-07,DST states,12,14,27,23,20,98,108,2019,89,-149,4
2019-06-07,AZ+HI,0,1,0,2,0,4,4,2019,89,-149,4
2019-06-08,DST states,23,12,23,32,17,107,121,2019,90,-148,5
2019-06-08,AZ+HI,0,0,1,0,1,2,3,2019,90,-148,5
2019-06-09,DST states,30,14,19,33,17,114,124,2019,91,-147,6
2019-06-09,AZ+HI,0,1,0,2,0,3,3,2019,91,-147,6
2019-06-10,DST states,12,11,22,23,12,80,85,2019,92,-146,0
2019-06-10,AZ+HI,0,0,2,0,1,3,4,2019,92,-146,0
2019-06-11,DST states,7,12,27,32,12,90,94,2019,93,-145,1
2019-06-11,AZ+HI,0,0,0,2,0,2,2,2019,93,-145,1
2019-06-12,DST states,16,5,13,24,8,67,77,2019,94,-144,2
2019-06-12,AZ+HI,0,0,0,1,0,1,1,2019,94,-144,2
2019-06-13,DST states,14,12,11,23,13,73,81,2019,95,-143,3
2019-06-13,AZ+HI,0,1,1,0,1,3,3,2019,95,-143,3
2019-06-14,DST states,11,15,19,29,26,100,110,2019,96,-142,4
2019-06-14,AZ+HI,0,1,0,0,0,1,1,2019,96,-142,4
2019-06-15,DST states,29,11,22,39,15,116,124,2019,97,-141,5
2019-06-15,AZ+HI,0,0,0,1,2,3,3,2019,97,-141,5
2019-06-16,DST states,30,19,15,27,10,101,114,2019,98,-140,6
2019-06-16,AZ+HI,0,0,2,0,1,3,3,2019,98,-140,6
2019-06-17,DST states,7,13,19,21,8,68,77,2019,99,-139,0
2019-06-17,AZ+HI,1,0,0,1,1,3,4,2019,99,-139,0
2019-06-18,DST states,11,12,15,23,12,75,83,2019,100,-138,1
2019-06-18,AZ+HI,0,0,1,0,0,1,1,2019,100,-138,1
2019-06-19,DST states,11,12,18,20,11,73,82,2019,101,-137,2
2019-06-19,AZ+HI,0,0,0,0,0,0,0,2019,101,-137,2
2019-06-20,DST states,10,12,15,24,11,74,78,2019,102,-136,3
2019-06-20,AZ+HI,0,0,1,1,0,2,2,2019,102,-136,3
2019-06-21,DST states,14,20,18,39,16,108,123,2019,103,-135,4
2019-06-21,AZ+HI,1,0,0,1,1,3,3,2019,103,-135,4
2019-06-22,DST states,21,14,27,32,30,127,137,2019,104,-134,5
2019-06-22,AZ+HI,1,3,1,2,0,7,7,2019,104,-134,5
2019-06-23,DST states,33,18,26,25,14,116,128,2019,105,-133,6
2019-06-23,AZ+HI,1,0,1,1,1,4,4,2019,105,-133,6
2019-06-24,DST states,13,12,18,30,13,86,92,2019,106,-132,0
2019-06-24,AZ+HI,1,0,0,0,0,1,1,2019,106,-132,0
2019-06-25,DST states,11,8,28,26,9,83,87,2019,107,-131,1
2019-06-25,AZ+HI,0,0,0,0,0,0,0,2019,107,-131,1
2019-06-26,DST states,8,14,18,34,13,87,95,2019,108,-130,2
2019-06-26,AZ+HI,0,0,2,1,0,3,3,2019,108,-130,2
2019-06-27,DST states,18,9,27,28,16,99,106,2019,109,-129,3
2019-06-27,AZ+HI,1,0,1,2,1,5,5,2019,109,-129,3
2019-06-28,DST states,12,12,13,37,19,93,97,2019,110,-128,4
2019-06-28,AZ+HI,0,0,1,3,1,5,5,2019,110,-128,4
2019-06-29,DST states,29,17,22,33,22,124,136,2019,111,-127,5
2019-06-29,AZ+HI,0,2,1,1,0,4,5,2019,111,-127,5
2019-06-30,DST states,30,12,25,36,19,123,141,2019,112,-126,6
2019-06-30,AZ+HI,0,0,0,2,0,2,3,2019,112,-126,6
2019-07-01,DST states,11,9,28,41,19,109,119,2019,113,-125,0
2019-07-01,AZ+HI,1,0,1,0,1,3,3,2019,113,-125,0
2019-07-02,DST states,14,12,18,31,16,91,95,2019,114,-124,1
2019-07-02,AZ+HI,1,0,1,1,0,3,3,2019,114,-124,1
2019-07-03,DST states,11,19,14,22,21,89,97,2019,115,-123,2
2019-07-03,AZ+HI,1,0,1,0,0,2,2,2019,115,-123,2
2019-07-04,DST states,16,8,16,32,28,100,108,2019,116,-122,3
2019-07-04,AZ+HI,0,0,0,0,0,0,0,2019,116,-122,3
2019-07-05,DST states,27,13,20,25,13,98,109,2019,117,-121,4
2019-07-05,AZ+HI,0,0,1,0,2,3,3,2019,117,-121,4
2019-07-06,DST states,25,7,16,33,29,111,125,2019,118,-120,5
2019-07-06,AZ+HI,1,0,2,1,0,4,5,2019,118,-120,5
2019-07-07,DST states,28,10,15,29,11,95,109,2019,119,-119,6
2019-07-07,AZ+HI,1,0,2,2,1,6,6,2019,119,-119,6
2019-07-08,DST states,13,19,20,24,21,97,102,2019,120,-118,0
2019-07-08,AZ+HI,0,1,0,0,1,2,2,2019,120,-118,0
2019-07-09,DST states,6,10,19,24,13,75,78,2019,121,-117,1
2019-07-09,AZ+HI,0,0,0,1,0,1,1,2019,121,-117,1
2019-07-10,DST states,4,15,14,32,10,75,81,2019,122,-116,2
2019-07-10,AZ+HI,1,1,0,2,0,5,5,2019,122,-116,2
2019-07-11,DST states,8,15,22,28,15,90,100,2019,123,-115,3
2019-07-11,AZ+HI,1,0,1,1,1,4,4,2019,123,-115,3
2019-07-12,DST states,17,12,27,37,18,111,116,2019,124,-114,4
2019-07-12,AZ+HI,0,0,0,1,3,4,4,2019,124,-114,4
2019-07-13,DST states,24,9,24,32,16,105,111,2019,125,-113,5
2019-07-13,AZ+HI,0,0,1,0,3,4,5,2019,125,-113,5
2019-07-14,DST states,27,12,22,34,17,114,122,2019,126,-112,6
2019-07-14,AZ+HI,0,1,1,3,0,5,6,2019,126,-112,6
2019-07-15,DST states,15,18,19,23,11,86,94,2019,127,-111,0
2019-07-15,AZ+HI,0,0,0,0,1,1,1,2019,127,-111,0
2019-07-16,DST states,8,13,21,22,9,73,82,2019,128,-110,1
2019-07-16,AZ+HI,0,0,0,1,0,1,1,2019,128,-110,1
2019-07-17,DST states,17,12,19,20,13,81,83,2019,129,-109,2
2019-07-17,AZ+HI,3,1,0,0,0,4,4,2019,129,-109,2
2019-07-18,DST states,17,14,16,32,22,102,108,2019,130,-108,3
2019-07-18,AZ+HI,0,0,1,1,0,2,2,2019,130,-108,3
2019-07-19,DST states,15,13,25,34,19,107,120,2019,131,-107,4
2019-07-19,AZ+HI,1,0,1,1,1,4,4,2019,131,-107,4
2019-07-20,DST states,25,10,18,24,21,98,113,2019,132,-106,5
2019-07-20,AZ+HI,0,2,1,1,1,5,5,2019,132,-106,5
2019-07-21,DST states,32,13,27,18,15,105,115,2019,133,-105,6
2019-07-21,AZ+HI,1,0,1,1,0,3,4,2019,133,-105,6
2019-07-22,DST states,12,16,23,22,13,86,91,2019,134,-104,0
2019-07-22,AZ+HI,0,0,0,3,0,3,4,2019,134,-104,0
2019-07-23,DST states,11,22,18,31,12,94,109,2019,135,-103,1
2019-07-23,AZ+HI,0,0,0,0,0,0,0,2019,135,-103,1
2019-07-24,DST states,7,10,17,28,16,80,85,2019,136,-102,2
2019-07-24,AZ+HI,0,0,0,0,0,0,0,2019,136,-102,2
2019-07-25,DST states,10,11,22,24,21,88,94,2019,137,-101,3
2019-07-25,AZ+HI,0,0,0,0,0,0,0,2019,137,-101,3
2019-07-26,DST states,17,14,24,27,17,100,110,2019,138,-100,4
2019-07-26,AZ+HI,0,0,0,1,0,1,1,2019,138,-100,4
2019-07-27,DST states,29,21,19,35,22,127,143,2019,139,-99,5
2019-07-27,AZ+HI,0,0,0,0,2,2,2,2019,139,-99,5
2019-07-28,DST states,29,19,19,31,18,119,128,2019,140,-98,6
2019-07-28,AZ+HI,0,1,0,0,0,1,1,2019,140,-98,6
2019-07-29,DST states,10,12,26,30,17,95,104,2019,141,-97,0
2019-07-29,AZ+HI,0,1,0,1,0,2,2,2019,141,-97,0
2019-07-30,DST states,9,11,13,26,16,75,80,2019,142,-96,1
2019-07-30,AZ+HI,1,0,0,2,3,6,6,2019,142,-96,1
2019-07-31,DST states,6,12,16,29,14,77,83,2019,143,-95,2
2019-07-31,AZ+HI,1,0,0,0,1,3,4,2019,143,-95,2
2019-08-01,DST states,8,14,23,30,14,90,93,2019,144,-94,3
2019-08-01,AZ+HI,1,0,1,1,1,4,4,2019,144,-94,3
2019-08-02,DST states,15,14,22,37,24,113,126,2019,145,-93,4
2019-08-02,AZ+HI,0,0,1,0,1,2,2,2019,145,-93,4
2019-08-03,DST states,19,12,22,37,18,110,129,2019,146,-92,5
2019-08-03,AZ+HI,0,0,1,2,1,4,4,2019,146,-92,5
2019-08-04,DST states,31,9,23,37,19,120,138,2019,147,-91,6
2019-08-04,AZ+HI,0,0,0,1,1,2,2,2019,147,-91,6
2019-08-05,DST states,18,16,19,24,17,94,102,2019,148,-90,0
2019-08-05,AZ+HI,0,0,2,0,1,3,3,2019,148,-90,0
2019-08-06,DST states,6,15,24,20,12,77,82,2019,149,-89,1
2019-08-06,AZ+HI,0,0,0,0,0,0,0,2019,149,-89,1
2019-08-07,DST states,13,13,17,24,22,91,96,2019,150,-88,2
2019-08-07,AZ+HI,0,0,1,0,0,1,1,2019,150,-88,2
2019-08-08,DST states,10,12,22,31,16,91,96,2019,151,-87,3
2019-08-08,AZ+HI,1,0,0,2,0,3,3,2019,151,-87,3
2019-08-09,DST states,17,15,22,44,24,124,133,2019,152,-86,4
2019-08-09,AZ+HI,0,0,0,2,0,2,2,2019,152,-86,4
2019-08-10,DST states,20,13,21,25,26,105,109,2019,153,-85,5
2019-08-10,AZ+HI,1,0,0,2,1,4,4,2019,153,-85,5
2019-08-11,DST states,27,8,21,32,22,110,123,2019,154,-84,6
2019-08-11,AZ+HI,0,1,0,0,0,1,1,2019,154,-84,6
2019-08-12,DST states,9,20,16,21,12,80,83,2019,155,-83,0
2019-08-12,AZ+HI,0,1,1,1,0,3,4,2019,155,-83,0
2019-08-13,DST states,7,13,13,31,17,82,88,2019,156,-82,1
2019-08-13,AZ+HI,0,0,1,0,0,1,1,2019,156,-82,1
2019-08-14,DST states,8,12,17,29,24,90,96,2019,157,-81,2
2019-08-14,AZ+HI,0,2,1,0,1,4,4,2019,157,-81,2
2019-08-15,DST states,8,14,16,30,17,86,91,2019,158,-80,3
2019-08-15,AZ+HI,0,1,0,0,0,1,1,2019,158,-80,3
2019-08-16,DST states,11,23,14,27,21,97,103,2019,159,-79,4
2019-08-16,AZ+HI,0,1,1,0,0,2,2,2019,159,-79,4
2019-08-17,DST states,19,17,21,32,24,114,125,2019,160,-78,5
2019-08-17,AZ+HI,1,1,0,1,1,4,4,2019,160,-78,5
2019-08-18,DST states,25,15,18,24,20,102,111,2019,161,-77,6
2019-08-18,AZ+HI,1,0,1,0,0,2,2,2019,161,-77,6
2019-08-19,DST states,6,12,25,27,15,85,88,2019,162,-76,0
2019-08-19,AZ+HI,0,0,0,0,0,0,0,2019,162,-76,0
2019-08-20,DST states,8,16,18,31,17,90,97,2019,163,-75,1
2019-08-20,AZ+HI,0,0,0,2,0,2,2,2019,163,-75,1
2019-08-21,DST states,8,18,17,22,12,78,82,2019,164,-74,2
2019-08-21,AZ+HI,0,1,0,1,1,3,5,2019,164,-74,2
2019-08-22,DST states,11,18,14,20,21,86,92,2019,165,-73,3
2019-08-22,AZ+HI,1,0,0,0,0,1,1,2019,165,-73,3
2019-08-23,DST states,13,18,21,33,20,106,119,2019,166,-72,4
2019-08-23,AZ+HI,0,0,1,1,1,3,3,2019,166,-72,4
2019-08-24,DST states,27,24,21,37,25,134,147,2019,167,-71,5
2019-08-24,AZ+HI,0,0,0,2,2,4,4,2019,167,-71,5
2019-08-25,DST states,40,12,23,28,15,118,131,2019,168,-70,6
2019-08-25,AZ+HI,0,2,0,1,0,3,3,2019,168,-70,6
2019-08-26,DST states,10,18,25,28,8,90,94,2019,169,-69,0
2019-08-26,AZ+HI,0,0,1,0,0,1,1,2019,169,-69,0
2019-08-27,DST states,5,21,15,30,7,78,87,2019,170,-68,1
2019-08-27,AZ+HI,0,0,1,1,0,2,3,2019,170,-68,1
2019-08-28,DST states,8,9,12,24,12,69,74,2019,171,-67,2
2019-08-28,AZ+HI,0,0,0,1,0,1,1,2019,171,-67,2
2019-08-29,DST states,8,12,31,26,12,89,97,2019,172,-66,3
2019-08-29,AZ+HI,0,0,0,2,0,2,2,2019,172,-66,3
2019-08-30,DST states,12,13,23,41,23,112,127,2019,173,-65,4
2019-08-30,AZ+HI,1,0,1,0,0,2,2,2019,173,-65,4
2019-08-31,DST states,26,12,17,28,24,107,123,2019,174,-64,5
2019-08-31,AZ+HI,1,0,2,2,1,6,6,2019,174,-64,5
2019-09-01,DST states,22,16,13,50,19,120,131,2019,175,-63,6
2019-09-01,AZ+HI,1,0,1,2,0,4,4,2019,175,-63,6
2019-09-02,DST states,17,13,24,37,15,106,118,2019,176,-62,0
2019-09-02,AZ+HI,0,1,0,2,0,3,3,2019,176,-62,0
2019-09-03,DST states,11,22,24,38,14,109,123,2019,177,-61,1
2019-09-03,AZ+HI,0,0,0,0,1,1,1,2019,177,-61,1
2019-09-04,DST states,7,13,13,18,14,66,74,2019,178,-60,2
2019-09-04,AZ+HI,0,0,0,1,0,2,2,2019,178,-60,2
2019-09-05,DST states,10,16,20,25,11,83,86,2019,179,-59,3
2019-09-05,AZ+HI,0,1,1,0,0,3,3,2019,179,-59,3
2019-09-06,DST states,7,19,22,34,14,96,100,2019,180,-58,4
2019-09-06,AZ+HI,1,0,0,2,1,4,4,2019,180,-58,4
2019-09-07,DST states,25,11,18,32,21,109,117,2019,181,-57,5
2019-09-07,AZ+HI,0,0,0,0,0,0,0,2019,181,-57,5
2019-09-08,DST states,24,11,10,19,9,73,77,2019,182,-56,6
2019-09-08,AZ+HI,0,0,1,2,0,3,3,2019,182,-56,6
2019-09-09,DST states,10,16,21,20,9,76,78,2019,183,-55,0
2019-09-09,AZ+HI,0,1,1,1,1,4,4,2019,183,-55,0
2019-09-10,DST states,11,11,19,29,10,81,92,2019,184,-54,1
2019-09-10,AZ+HI,1,1,0,1,0,3,3,2019,184,-54,1
2019-09-11,DST states,11,15,27,31,18,102,106,2019,185,-53,2
2019-09-11,AZ+HI,0,1,1,1,0,3,3,2019,185,-53,2
2019-09-12,DST states,13,22,24,33,12,104,114,2019,186,-52,3
2019-09-12,AZ+HI,0,0,0,0,0,0,0,2019,186,-52,3
2019-09-13,DST states,17,14,25,25,23,105,115,2019,187,-51,4
2019-09-13,AZ+HI,0,0,0,0,0,0,0,2019,187,-51,4
2019-09-14,DST states,21,12,23,40,24,123,133,2019,188,-50,5
2019-09-14,AZ+HI,2,0,0,0,0,2,2,2019,188,-50,5
2019-09-15,DST states,32,14,21,40,14,122,129,2019,189,-49,6
2019-09-15,AZ+HI,1,0,0,0,0,1,1,2019,189,-49,6
2019-09-16,DST states,12,26,34,29,10,111,116,2019,190,-48,0
2019-09-16,AZ+HI,0,3,1,2,1,7,7,2019,190,-48,0
2019-09-17,DST states,5,11,19,31,9,76,79,2019,191,-47,1
2019-09-17,AZ+HI,0,0,0,0,0,0,0,2019,191,-47,1
2019-09-18,DST states,6,23,20,33,10,92,101,2019,192,-46,2
2019-09-18,AZ+HI,0,0,1,1,0,2,2,2019,192,-46,2
2019-09-19,DST states,13,10,17,25,17,85,92,2019,193,-45,3
2019-09-19,AZ+HI,0,0,1,2,0,3,3,2019,193,-45,3
2019-09-20,DST states,16,24,24,43,26,133,147,2019,194,-44,4
2019-09-20,AZ+HI,0,0,0,1,0,1,1,2019,194,-44,4
2019-09-21,DST states,31,14,19,44,13,121,132,2019,195,-43,5
2019-09-21,AZ+HI,1,0,0,1,1,3,3,2019,195,-43,5
2019-09-22,DST states,29,10,19,35,16,110,118,2019,196,-42,6
2019-09-22,AZ+HI,1,1,0,0,0,2,2,2019,196,-42,6
2019-09-23,DST states,9,16,16,22,14,77,81,2019,197,-41,0
2019-09-23,AZ+HI,0,0,1,1,1,3,3,2019,197,-41,0
2019-09-24,DST states,8,18,15,32,13,87,96,2019,198,-40,1
2019-09-24,AZ+HI,0,2,0,2,0,4,5,2019,198,-40,1
2019-09-25,DST states,13,22,25,38,15,113,118,2019,199,-39,2
2019-09-25,AZ+HI,0,0,0,0,1,1,1,2019,199,-39,2
2019-09-26,DST states,10,23,24,33,10,101,106,2019,200,-38,3
2019-09-26,AZ+HI,0,0,1,0,0,1,1,2019,200,-38,3
2019-09-27,DST states,7,17,22,48,23,118,128,2019,201,-37,4
2019-09-27,AZ+HI,0,1,2,0,1,4,4,2019,201,-37,4
2019-09-28,DST states,19,15,24,38,21,118,128,2019,202,-36,5
2019-09-28,AZ+HI,0,0,0,1,0,1,1,2019,202,-36,5
2019-09-29,DST states,26,16,27,27,18,116,124,2019,203,-35,6
2019-09-29,AZ+HI,2,1,0,1,0,4,4,2019,203,-35,6
2019-09-30,DST states,9,18,22,30,8,88,98,2019,204,-34,0
2019-09-30,AZ+HI,0,0,1,2,0,3,4,2019,204,-34,0
2019-10-01,DST states,11,20,17,35,9,94,99,2019,205,-33,1
2019-10-01,AZ+HI,0,2,2,0,0,4,5,2019,205,-33,1
2019-10-02,DST states,17,21,13,34,5,91,100,2019,206,-32,2
2019-10-02,AZ+HI,0,1,0,0,0,1,1,2019,206,-32,2
2019-10-03,DST states,10,13,14,36,16,89,99,2019,207,-31,3
2019-10-03,AZ+HI,0,1,0,1,0,2,2,2019,207,-31,3
2019-10-04,DST states,17,25,11,46,22,121,127,2019,208,-30,4
2019-10-04,AZ+HI,1,0,2,4,1,8,10,2019,208,-30,4
2019-10-05,DST states,27,10,28,27,18,110,120,2019,209,-29,5
2019-10-05,AZ+HI,1,0,1,3,0,5,5,2019,209,-29,5
2019-10-06,DST states,22,13,14,32,11,94,101,2019,210,-28,6
2019-10-06,AZ+HI,2,2,0,0,0,4,5,2019,210,-28,6
2019-10-07,DST states,8,23,14,27,11,83,86,2019,211,-27,0
2019-10-07,AZ+HI,0,0,0,2,0,2,2,2019,211,-27,0
2019-10-08,DST states,7,18,19,25,11,81,92,2019,212,-26,1
2019-10-08,AZ+HI,0,0,0,2,0,2,2,2019,212,-26,1
2019-10-09,DST states,10,20,21,31,9,91,101,2019,213,-25,2
2019-10-09,AZ+HI,0,0,1,0,0,1,1,2019,213,-25,2
2019-10-10,DST states,13,20,24,35,11,103,117,2019,214,-24,3
2019-10-10,AZ+HI,0,0,0,2,1,3,3,2019,214,-24,3
2019-10-11,DST states,15,21,17,39,19,112,119,2019,215,-23,4
2019-10-11,AZ+HI,0,0,2,1,2,5,5,2019,215,-23,4
2019-10-12,DST states,18,20,18,34,15,105,116,2019,216,-22,5
2019-10-12,AZ+HI,0,0,0,4,1,5,5,2019,216,-22,5
2019-10-13,DST states,25,9,21,31,13,99,115,2019,217,-21,6
2019-10-13,AZ+HI,0,0,2,1,0,3,3,2019,217,-21,6
2019-10-14,DST states,12,15,18,26,10,81,87,2019,218,-20,0
2019-10-14,AZ+HI,0,0,1,1,0,2,2,2019,218,-20,0
2019-10-15,DST states,5,18,14,29,6,73,74,2019,219,-19,1
2019-10-15,AZ+HI,0,0,0,1,0,1,1,2019,219,-19,1
2019-10-16,DST states,8,16,15,26,10,75,79,2019,220,-18,2
2019-10-16,AZ+HI,0,0,0,1,0,1,1,2019,220,-18,2
2019-10-17,DST states,10,20,11,37,19,97,109,2019,221,-17,3
2019-10-17,AZ+HI,0,0,0,1,1,2,3,2019,221,-17,3
2019-10-18,DST states,15,18,14,44,24,116,122,2019,222,-16,4
2019-10-18,AZ+HI,0,0,0,0,0,1,1,2019,222,-16,4
2019-10-19,DST states,29,20,12,26,29,117,129,2019,223,-15,5
2019-10-19,AZ+HI,1,1,0,0,0,3,4,2019,223,-15,5
2019-10-20,DST states,23,12,14,35,15,100,107,2019,224,-14,6
2019-10-20,AZ+HI,1,0,2,0,0,3,3,2019,224,-14,6
2019-10-21,DST states,10,17,20,30,10,87,94,2019,225,-13,0
2019-10-21,AZ+HI,1,0,1,2,0,4,6,2019,225,-13,0
2019-10-22,DST states,7,23,16,21,14,81,85,2019,226,-12,1
2019-10-22,AZ+HI,0,0,2,0,0,2,2,2019,226,-12,1
2019-10-23,DST states,9,21,14,23,10,78,83,2019,227,-11,2
2019-10-23,AZ+HI,1,0,0,0,1,2,2,2019,227,-11,2
2019-10-24,DST states,9,10,20,29,13,82,89,2019,228,-10,3
2019-10-24,AZ+HI,0,0,1,1,0,2,2,2019,228,-10,3
2019-10-25,DST states,14,17,17,33,14,95,101,2019,229,-9,4
2019-10-25,AZ+HI,1,1,0,0,1,3,3,2019,229,-9,4
2019-10-26,DST states,27,16,19,35,13,112,124,2019,230,-8,5
2019-10-26,AZ+HI,0,0,1,2,0,3,3,2019,230,-8,5
2019-10-27,DST states,35,12,15,29,11,103,111,2019,231,-7,6
2019-10-27,AZ+HI,0,1,1,0,0,2,2,2019,231,-7,6
2019-10-28,DST states,11,21,16,22,6,77,86,2019,232,-6,0
2019-10-28,AZ+HI,0,1,0,0,0,1,1,2019,232,-6,0
2019-10-29,DST states,7,24,15,25,5,76,87,2019,233,-5,1
2019-10-29,AZ+HI,1,1,0,2,0,4,5,2019,233,-5,1
2019-10-30,DST states,5,28,18,28,8,88,92,2019,234,-4,2
2019-10-30,AZ+HI,1,0,0,1,0,3,3,2019,234,-4,2
2019-10-31,DST states,6,13,12,24,15,71,77,2019,235,-3,3
2019-10-31,AZ+HI,0,1,0,5,0,6,6,2019,235,-3,3
2019-11-01,DST states,24,22,22,38,15,121,133,2019,236,-2,4
2019-11-01,AZ+HI,1,0,1,1,1,4,4,2019,236,-2,4
2019-11-02,DST states,19,11,15,30,18,93,99,2019,237,-1,5
2019-11-02,AZ+HI,0,0,1,3,1,5,6,2019,237,-1,5
2019-11-03,DST states,24,7,17,26,10,84,87,2019,238,0,6
2019-11-03,AZ+HI,1,0,1,2,1,5,5,2019,238,0,6
2019-11-04,DST states,6,12,16,35,6,75,80,2019,239,1,0
2019-11-04,AZ+HI,1,0,2,1,0,4,4,2019,239,1,0
2019-11-05,DST states,6,16,21,42,12,97,103,2019,240,2,1
2019-11-05,AZ+HI,0,0,0,0,0,0,0,2019,240,2,1
2019-11-06,DST states,11,19,10,46,6,93,101,2019,241,3,2
2019-11-06,AZ+HI,0,1,0,3,1,5,5,2019,241,3,2
2019-11-07,DST states,7,19,22,29,8,87,93,2019,242,4,3
2019-11-07,AZ+HI,1,1,1,0,0,4,4,2019,242,4,3
2019-11-08,DST states,14,18,19,35,20,107,114,2019,243,5,4
2019-11-08,AZ+HI,0,1,0,2,0,3,3,2019,243,5,4
2019-11-09,DST states,22,13,14,41,20,112,120,2019,244,6,5
2019-11-09,AZ+HI,0,0,1,1,0,2,2,2019,244,6,5
2019-11-10,DST states,27,11,15,41,10,105,115,2019,245,7,6
2019-11-10,AZ+HI,0,0,1,2,0,3,3,2019,245,7,6
2019-11-11,DST states,12,18,27,33,13,104,114,2019,246,8,0
2019-11-11,AZ+HI,0,0,0,2,0,2,3,2019,246,8,0
2019-11-12,DST states,8,16,19,32,10,86,90,2019,247,9,1
2019-11-12,AZ+HI,0,2,0,1,0,3,3,2019,247,9,1
2019-11-13,DST states,8,14,17,26,7,72,84,2019,248,10,2
2019-11-13,AZ+HI,0,2,3,3,0,8,9,2019,248,10,2
2019-11-14,DST states,6,8,17,34,12,77,80,2019,249,11,3
2019-11-14,AZ+HI,0,1,0,1,1,3,3,2019,249,11,3
2019-11-15,DST states,8,20,23,35,12,98,101,2019,250,12,4
2019-11-15,AZ+HI,1,2,1,2,1,7,8,2019,250,12,4
2019-11-16,DST states,20,18,21,20,18,97,108,2019,251,13,5
2019-11-16,AZ+HI,1,0,0,1,0,2,2,2019,251,13,5
2019-11-17,DST states,28,14,10,34,7,94,105,2019,252,14,6
2019-11-17,AZ+HI,1,0,0,2,0,3,3,2019,252,14,6
2019-11-18,DST states,3,20,6,37,9,77,82,2019,253,15,0
2019-11-18,AZ+HI,1,1,1,1,1,5,6,2019,253,15,0
2019-11-19,DST states,10,16,19,28,8,82,90,2019,254,16,1
2019-11-19,AZ+HI,0,2,0,1,1,4,4,2019,254,16,1
2019-11-20,DST states,6,15,18,33,2,75,82,2019,255,17,2
2019-11-20,AZ+HI,0,0,1,2,0,3,3,2019,255,17,2
2019-11-21,DST states,8,25,11,28,7,79,86,2019,256,18,3
2019-11-21,AZ+HI,1,0,0,1,0,2,2,2019,256,18,3
2019-11-22,DST states,9,20,14,28,18,90,102,2019,257,19,4
2019-11-22,AZ+HI,1,1,0,2,0,4,4,2019,257,19,4
2019-11-23,DST states,17,12,17,38,16,101,116,2019,258,20,5
2019-11-23,AZ+HI,1,0,1,1,0,3,5,2019,258,20,5
2019-11-24,DST states,21,14,20,30,9,96,104,2019,259,21,6
2019-11-24,AZ+HI,3,1,0,0,0,4,4,2019,259,21,6
2019-11-25,DST states,10,18,22,40,9,100,104,2019,260,22,0
2019-11-25,AZ+HI,0,2,0,0,0,2,2,2019,260,22,0
2019-11-26,DST states,9,13,11,38,10,82,92,2019,261,23,1
2019-11-26,AZ+HI,0,1,0,1,1,3,4,2019,261,23,1
2019-11-27,DST states,10,4,24,41,14,93,102,2019,262,24,2
2019-11-27,AZ+HI,0,0,0,2,1,3,3,2019,262,24,2
2019-11-28,DST states,14,13,10,33,11,81,92,2019,263,25,3
2019-11-28,AZ+HI,0,0,1,2,0,3,3,2019,263,25,3
2019-11-29,DST states,12,15,13,39,9,88,97,2019,264,26,4
2019-11-29,AZ+HI,0,0,0,1,1,2,2,2019,264,26,4
2019-11-30,DST states,23,10,12,32,15,92,97,2019,265,27,5
2019-11-30,AZ+HI,1,1,0,0,0,2,2,2019,265,27,5
2019-12-01,DST states,17,9,10,23,8,67,76,2019,266,28,6
2019-12-01,AZ+HI,0,0,3,1,0,4,4,2019,266,28,6
2019-12-02,DST states,10,12,13,20,7,63,65,2019,267,29,0
2019-12-02,AZ+HI,0,0,0,0,0,0,0,2019,267,29,0
2019-12-03,DST states,2,5,15,34,9,65,74,2019,268,30,1
2019-12-03,AZ+HI,0,0,0,1,2,3,3,2019,268,30,1
2019-12-04,DST states,11,21,21,26,11,91,93,2019,269,31,2
2019-12-04,AZ+HI,0,0,2,1,0,3,3,2019,269,31,2
2019-12-05,DST states,7,13,18,34,17,89,97,2019,270,32,3
2019-12-05,AZ+HI,0,1,0,0,0,1,1,2019,270,32,3
2019-12-06,DST states,14,20,13,32,19,98,111,2019,271,33,4
2019-12-06,AZ+HI,0,0,0,0,0,0,0,2019,271,33,4
2019-12-07,DST states,33,15,10,31,20,110,125,2019,272,34,5
2019-12-07,AZ+HI,1,1,1,1,1,5,5,2019,272,34,5
2019-12-08,DST states,28,9,15,27,6,85,98,2019,273,35,6
2019-12-08,AZ+HI,0,1,0,1,0,2,2,2019,273,35,6
2019-12-09,DST states,7,19,11,44,12,95,99,2019,274,36,0
2019-12-09,AZ+HI,0,0,0,0,0,0,0,2019,274,36,0
2019-12-10,DST states,7,15,16,30,6,75,78,2019,275,37,1
2019-12-10,AZ+HI,0,2,0,1,0,3,3,2019,275,37,1
2019-12-11,DST states,7,23,20,30,6,86,89,2019,276,38,2
2019-12-11,AZ+HI,0,0,0,3,0,3,3,2019,276,38,2
2019-12-12,DST states,3,17,12,41,11,84,85,2019,277,39,3
2019-12-12,AZ+HI,0,1,0,2,0,3,3,2019,277,39,3
2019-12-13,DST states,4,24,26,41,23,118,127,2019,278,40,4
2019-12-13,AZ+HI,0,1,0,0,0,1,1,2019,278,40,4
2019-12-14,DST states,19,11,13,33,13,89,98,2019,279,41,5
2019-12-14,AZ+HI,1,1,1,0,1,4,4,2019,279,41,5
2019-12-15,DST states,21,12,17,27,16,93,111,2019,280,42,6
2019-12-15,AZ+HI,0,0,1,0,0,1,1,2019,280,42,6
2019-12-16,DST states,7,16,20,29,9,81,89,2019,281,43,0
2019-12-16,AZ+HI,0,0,1,2,2,5,5,2019,281,43,0
2019-12-17,DST states,5,17,15,31,11,79,84,2019,282,44,1
2019-12-17,AZ+HI,1,0,0,2,1,4,4,2019,282,44,1
2019-12-18,DST states,11,20,17,35,5,89,97,2019,283,45,2
2019-12-18,AZ+HI,0,2,1,1,0,4,4,2019,283,45,2
2019-12-19,DST states,5,16,18,31,4,74,81,2019,284,46,3
2019-12-19,AZ+HI,0,0,1,1,0,2,2,2019,284,46,3
2019-12-20,DST states,11,15,16,43,20,105,116,2019,285,47,4
2019-12-20,AZ+HI,0,0,1,0,0,1,1,2019,285,47,4
2019-12-21,DST states,26,13,18,30,14,102,117,2019,286,48,5
2019-12-21,AZ+HI,0,0,0,0,0,0,0,2019,286,48,5
2019-12-22,DST states,28,18,13,22,7,89,99,2019,287,49,6
2019-12-22,AZ+HI,2,0,0,1,0,3,3,2019,287,49,6
2019-12-23,DST states,13,20,29,37,18,119,126,2019,288,50,0
2019-12-23,AZ+HI,1,0,0,2,0,3,3,2019,288,50,0
2019-12-24,DST states,10,9,16,30,12,79,90,2019,289,51,1
2019-12-24,AZ+HI,1,0,1,1,0,3,3,2019,289,51,1
2019-12-25,DST states,16,6,17,31,16,87,100,2019,290,52,2
2019-12-25,AZ+HI,0,0,1,0,0,1,1,2019,290,52,2
2019-12-26,DST states,7,11,11,30,6,65,75,2019,291,53,3
2019-12-26,AZ+HI,0,1,1,1,0,3,3,2019,291,53,3
2019-12-27,DST states,11,14,14,37,11,87,93,2019,292,54,4
2019-12-27,AZ+HI,0,0,0,1,0,1,1,2019,292,54,4
2019-12-28,DST states,13,17,18,33,13,95,101,2019,293,55,5
2019-12-28,AZ+HI,1,0,0,0,1,2,2,2019,293,55,5
2019-12-29,DST states,17,7,6,25,9,65,71,2019,294,56,6
2019-12-29,AZ+HI,0,0,0,1,0,1,1,2019,294,56,6
2019-12-30,DST states,5,7,18,37,14,81,85,2019,295,57,0
2019-12-30,AZ+HI,0,0,0,0,1,1,1,2019,295,57,0
2019-12-31,DST states,7,17,25,37,13,99,105,2019,296,58,1
2019-12-31,AZ+HI,0,0,0,2,1,3,3,2019,296,58,1
2020-01-01,DST states,34,11,11,22,11,89,97,2020,-67,-305,2
2020-01-01,AZ+HI,2,1,0,1,0,4,4,2020,-67,-305,2
2020-01-02,DST states,6,12,15,33,14,81,84,2020,-66,-304,3
2020-01-02,AZ+HI,0,0,1,1,0,2,4,2020,-66,-304,3
2020-01-03,DST states,12,16,21,38,12,99,107,2020,-65,-303,4
2020-01-03,AZ+HI,0,0,0,0,1,1,1,2020,-65,-303,4
2020-01-04,DST states,19,18,13,22,4,77,82,2020,-64,-302,5
2020-01-04,AZ+HI,2,0,1,1,1,5,6,2020,-64,-302,5
2020-01-05,DST states,14,13,9,26,7,70,81,2020,-63,-301,6
2020-01-05,AZ+HI,0,0,2,0,0,2,2,2020,-63,-301,6
2020-01-06,DST states,12,19,17,23,12,83,89,2020,-62,-300,0
2020-01-06,AZ+HI,0,0,0,1,0,1,1,2020,-62,-300,0
2020-01-07,DST states,11,14,16,18,10,69,72,2020,-61,-299,1
2020-01-07,AZ+HI,0,1,0,0,0,1,2,2020,-61,-299,1
2020-01-08,DST states,10,11,16,25,12,75,79,2020,-60,-298,2
2020-01-08,AZ+HI,0,0,0,0,0,0,0,2020,-60,-298,2
2020-01-09,DST states,7,14,17,32,13,83,85,2020,-59,-297,3
2020-01-09,AZ+HI,2,0,0,0,0,2,2,2020,-59,-297,3
2020-01-10,DST states,5,9,12,34,10,70,73,2020,-58,-296,4
2020-01-10,AZ+HI,0,0,2,1,1,4,5,2020,-58,-296,4
2020-01-11,DST states,21,13,18,31,9,93,102,2020,-57,-295,5
2020-01-11,AZ+HI,0,1,0,2,2,5,5,2020,-57,-295,5
2020-01-12,DST states,29,7,9,27,6,79,82,2020,-56,-294,6
2020-01-12,AZ+HI,0,0,1,2,0,3,3,2020,-56,-294,6
2020-01-13,DST states,3,11,11,23,7,55,58,2020,-55,-293,0
2020-01-13,AZ+HI,0,0,0,0,0,0,0,2020,-55,-293,0
2020-01-14,DST states,10,16,19,37,5,87,92,2020,-54,-292,1
2020-01-14,AZ+HI,1,1,0,0,1,3,3,2020,-54,-292,1
2020-01-15,DST states,11,13,17,29,13,83,87,2020,-53,-291,2
2020-01-15,AZ+HI,0,0,0,0,0,0,0,2020,-53,-291,2
2020-01-16,DST states,8,18,15,31,8,80,85,2020,-52,-290,3
2020-01-16,AZ+HI,0,1,0,2,1,5,5,2020,-52,-290,3
2020-01-17,DST states,15,14,13,20,12,77,86,2020,-51,-289,4
2020-01-17,AZ+HI,1,0,1,1,1,5,5,2020,-51,-289,4
2020-01-18,DST states,18,9,19,28,19,93,96,2020,-50,-288,5
2020-01-18,AZ+HI,0,0,2,0,0,2,2,2020,-50,-288,5
2020-01-19,DST states,23,10,14,19,14,80,94,2020,-49,-287,6
2020-01-19,AZ+HI,0,0,2,2,1,5,6,2020,-49,-287,6
2020-01-20,DST states,7,9,18,22,3,59,65,2020,-48,-286,0
2020-01-20,AZ+HI,0,1,0,0,0,1,1,2020,-48,-286,0
2020-01-21,DST states,7,12,12,17,8,56,58,2020,-47,-285,1
2020-01-21,AZ+HI,0,1,0,0,1,2,2,2020,-47,-285,1
2020-01-22,DST states,8,12,19,33,9,81,88,2020,-46,-284,2
2020-01-22,AZ+HI,0,1,0,1,1,3,3,2020,-46,-284,2
2020-01-23,DST states,8,16,18,33,8,84,88,2020,-45,-283,3
2020-01-23,AZ+HI,1,0,0,0,0,1,1,2020,-45,-283,3
2020-01-24,DST states,10,9,15,35,13,83,92,2020,-44,-282,4
2020-01-24,AZ+HI,0,0,0,0,1,1,1,2020,-44,-282,4
2020-01-25,DST states,15,15,18,23,12,83,91,2020,-43,-281,5
2020-01-25,AZ+HI,1,0,1,1,1,4,5,2020,-43,-281,5
2020-01-26,DST states,28,7,12,25,10,82,87,2020,-42,-280,6
2020-01-26,AZ+HI,0,1,0,2,0,3,4,2020,-42,-280,6
2020-01-27,DST states,5,15,8,22,13,63,66,2020,-41,-279,0
2020-01-27,AZ+HI,0,0,0,2,0,2,2,2020,-41,-279,0
2020-01-28,DST states,6,17,12,20,4,59,65,2020,-40,-278,1
2020-01-28,AZ+HI,0,2,0,1,0,4,4,2020,-40,-278,1
2020-01-29,DST states,9,14,13,32,6,74,78,2020,-39,-277,2
2020-01-29,AZ+HI,0,1,0,2,1,4,5,2020,-39,-277,2
2020-01-30,DST states,6,16,19,27,12,80,89,2020,-38,-276,3
2020-01-30,AZ+HI,0,0,1,1,0,2,2,2020,-38,-276,3
2020-01-31,DST states,7,12,13,37,12,81,82,2020,-37,-275,4
2020-01-31,AZ+HI,0,0,1,0,0,1,1,2020,-37,-275,4
2020-02-01,DST states,26,11,14,37,18,107,119,2020,-36,-274,5
2020-02-01,AZ+HI,0,1,0,3,1,5,7,2020,-36,-274,5
2020-02-02,DST states,23,4,16,33,19,96,105,2020,-35,-273,6
2020-02-02,AZ+HI,0,0,0,1,0,1,1,2020,-35,-273,6
2020-02-03,DST states,14,13,22,26,7,82,90,2020,-34,-272,0
2020-02-03,AZ+HI,1,0,2,1,0,4,4,2020,-34,-272,0
2020-02-04,DST states,7,16,15,38,6,83,91,2020,-33,-271,1
2020-02-04,AZ+HI,0,1,0,0,0,1,1,2020,-33,-271,1
2020-02-05,DST states,8,15,12,28,3,66,69,2020,-32,-270,2
2020-02-05,AZ+HI,0,2,0,1,1,4,4,2020,-32,-270,2
2020-02-06,DST states,6,12,13,26,10,68,72,2020,-31,-269,3
2020-02-06,AZ+HI,0,0,0,0,0,0,0,2020,-31,-269,3
2020-02-07,DST states,12,9,15,36,13,86,101,2020,-30,-268,4
2020-02-07,AZ+HI,0,1,1,0,0,2,2,2020,-30,-268,4
2020-02-08,DST states,21,9,19,28,15,93,107,2020,-29,-267,5
2020-02-08,AZ+HI,1,0,1,2,1,6,6,2020,-29,-267,5
2020-02-09,DST states,23,14,16,39,8,100,113,2020,-28,-266,6
2020-02-09,AZ+HI,0,0,0,4,0,4,4,2020,-28,-266,6
2020-02-10,DST states,8,11,13,25,9,67,69,2020,-27,-265,0
2020-02-10,AZ+HI,1,1,1,1,0,4,4,2020,-27,-265,0
2020-02-11,DST states,8,14,9,28,6,65,71,2020,-26,-264,1
2020-02-11,AZ+HI,0,0,0,2,2,4,7,2020,-26,-264,1
2020-02-12,DST states,7,18,8,22,7,63,71,2020,-25,-263,2
2020-02-12,AZ+HI,2,1,0,0,0,3,3,2020,-25,-263,2
2020-02-13,DST states,10,12,15,18,9,64,70,2020,-24,-262,3
2020-02-13,AZ+HI,0,1,1,2,0,4,4,2020,-24,-262,3
2020-02-14,DST states,7,16,17,41,14,95,109,2020,-23,-261,4
2020-02-14,AZ+HI,0,0,3,2,0,6,6,2020,-23,-261,4
2020-02-15,DST states,14,17,11,22,15,80,86,2020,-22,-260,5
2020-02-15,AZ+HI,0,0,0,0,0,0,0,2020,-22,-260,5
2020-02-16,DST states,25,11,8,27,6,77,81,2020,-21,-259,6
2020-02-16,AZ+HI,3,0,1,0,1,5,7,2020,-21,-259,6
2020-02-17,DST states,10,13,18,21,10,72,78,2020,-20,-258,0
2020-02-17,AZ+HI,0,0,0,1,0,1,1,2020,-20,-258,0
2020-02-18,DST states,6,18,21,24,5,75,83,2020,-19,-257,1
2020-02-18,AZ+HI,1,0,0,1,0,2,2,2020,-19,-257,1
2020-02-19,DST states,7,14,13,30,6,70,75,2020,-18,-256,2
2020-02-19,AZ+HI,0,1,1,0,0,2,2,2020,-18,-256,2
2020-02-20,DST states,6,22,14,16,14,72,78,2020,-17,-255,3
2020-02-20,AZ+HI,0,1,0,2,2,5,5,2020,-17,-255,3
2020-02-21,DST states,10,15,16,31,16,89,101,2020,-16,-254,4
2020-02-21,AZ+HI,0,0,1,2,3,7,9,2020,-16,-254,4
2020-02-22,DST states,25,16,16,24,27,109,115,2020,-15,-253,5
2020-02-22,AZ+HI,0,0,1,2,0,3,3,2020,-15,-253,5
2020-02-23,DST states,31,9,19,20,8,87,96,2020,-14,-252,6
2020-02-23,AZ+HI,2,0,1,0,1,4,4,2020,-14,-252,6
2020-02-24,DST states,6,16,13,26,8,69,76,2020,-13,-251,0
2020-02-24,AZ+HI,1,0,2,1,1,5,5,2020,-13,-251,0
2020-02-25,DST states,4,20,14,29,8,75,78,2020,-12,-250,1
2020-02-25,AZ+HI,0,0,0,1,0,1,1,2020,-12,-250,1
2020-02-26,DST states,8,16,20,24,7,75,80,2020,-11,-249,2
2020-02-26,AZ+HI,1,0,1,3,0,5,5,2020,-11,-249,2
2020-02-27,DST states,10,14,19,23,13,79,85,2020,-10,-248,3
2020-02-27,AZ+HI,0,1,3,0,0,5,5,2020,-10,-248,3
2020-02-28,DST states,16,13,12,35,11,88,91,2020,-9,-247,4
2020-02-28,AZ+HI,0,0,1,2,0,3,3,2020,-9,-247,4
2020-02-29,DST states,29,11,14,30,16,100,106,2020,-8,-246,5
2020-02-29,AZ+HI,0,1,0,3,1,5,6,2020,-8,-246,5
2020-03-01,DST states,31,7,12,45,9,104,111,2020,-7,-245,6
2020-03-01,AZ+HI,1,0,0,1,1,3,3,2020,-7,-245,6
2020-03-02,DST states,8,18,18,34,8,87,92,2020,-6,-244,0
2020-03-02,AZ+HI,0,0,1,4,0,5,5,2020,-6,-244,0
2020-03-03,DST states,8,15,15,31,10,80,84,2020,-5,-243,1
2020-03-03,AZ+HI,0,1,0,1,0,2,2,2020,-5,-243,1
2020-03-04,DST states,7,10,19,29,18,83,89,2020,-4,-242,2
2020-03-04,AZ+HI,0,0,1,2,0,3,3,2020,-4,-242,2
2020-03-05,DST states,14,14,13,27,12,80,86,2020,-3,-241,3
2020-03-05,AZ+HI,0,0,1,2,0,3,4,2020,-3,-241,3
2020-03-06,DST states,12,21,19,27,8,89,99,2020,-2,-240,4
2020-03-06,AZ+HI,0,0,0,0,1,1,2,2020,-2,-240,4
2020-03-07,DST states,16,12,15,38,15,96,105,2020,-1,-239,5
2020-03-07,AZ+HI,0,1,0,5,0,6,7,2020,-1,-239,5
2020-03-08,DST states,26,9,19,29,9,93,104,2020,0,-238,6
2020-03-08,AZ+HI,0,0,1,0,0,1,1,2020,0,-238,6
2020-03-09,DST states,7,15,14,25,13,74,79,2020,1,-237,0
2020-03-09,AZ+HI,1,0,0,2,2,5,5,2020,1,-237,0
2020-03-10,DST states,6,13,14,28,13,75,82,2020,2,-236,1
2020-03-10,AZ+HI,0,0,0,1,0,1,1,2020,2,-236,1
2020-03-11,DST states,8,13,10,26,11,69,80,2020,3,-235,2
2020-03-11,AZ+HI,0,0,0,2,0,2,2,2020,3,-235,2
2020-03-12,DST states,4,13,17,23,8,65,66,2020,4,-234,3
2020-03-12,AZ+HI,0,2,0,0,1,3,3,2020,4,-234,3
2020-03-13,DST states,15,9,15,25,18,82,98,2020,5,-233,4
2020-03-13,AZ+HI,0,0,0,0,0,0,0,2020,5,-233,4
2020-03-14,DST states,24,12,19,25,18,100,109,2020,6,-232,5
2020-03-14,AZ+HI,0,0,0,2,0,2,2,2020,6,-232,5
2020-03-15,DST states,17,14,12,19,14,76,80,2020,7,-231,6
2020-03-15,AZ+HI,0,1,0,0,0,1,1,2020,7,-231,6
2020-03-16,DST states,17,10,11,29,7,74,83,2020,8,-230,0
2020-03-16,AZ+HI,0,0,0,1,0,1,1,2020,8,-230,0
2020-03-17,DST states,11,13,7,21,10,62,64,2020,9,-229,1
2020-03-17,AZ+HI,0,1,0,0,1,2,2,2020,9,-229,1
2020-03-18,DST states,10,12,11,16,12,62,63,2020,10,-228,2
2020-03-18,AZ+HI,0,1,0,1,0,2,2,2020,10,-228,2
2020-03-19,DST states,8,12,10,17,8,55,55,2020,11,-227,3
2020-03-19,AZ+HI,0,0,0,0,0,0,0,2020,11,-227,3
2020-03-20,DST states,9,16,21,31,20,97,102,2020,12,-226,4
2020-03-20,AZ+HI,0,1,1,1,0,4,4,2020,12,-226,4
2020-03-21,DST states,6,10,12,16,18,63,67,2020,13,-225,5
2020-03-21,AZ+HI,1,0,0,0,1,2,2,2020,13,-225,5
2020-03-22,DST states,15,8,11,26,8,68,77,2020,14,-224,6
2020-03-22,AZ+HI,0,1,1,0,1,3,3,2020,14,-224,6
2020-03-23,DST states,5,18,15,20,8,66,69,2020,15,-223,0
2020-03-23,AZ+HI,0,0,0,0,0,0,0,2020,15,-223,0
2020-03-24,DST states,13,13,11,28,8,73,78,2020,16,-222,1
2020-03-24,AZ+HI,0,0,0,0,0,0,0,2020,16,-222,1
2020-03-25,DST states,6,9,6,26,12,59,63,2020,17,-221,2
2020-03-25,AZ+HI,0,0,0,1,1,2,2,2020,17,-221,2
2020-03-26,DST states,9,10,12,21,8,60,62,2020,18,-220,3
2020-03-26,AZ+HI,0,0,0,0,1,1,1,2020,18,-220,3
2020-03-27,DST states,7,15,8,30,16,76,83,2020,19,-219,4
2020-03-27,AZ+HI,0,0,0,0,0,0,0,2020,19,-219,4
2020-03-28,DST states,10,10,11,28,14,75,79,2020,20,-218,5
2020-03-28,AZ+HI,0,1,0,0,1,2,3,2020,20,-218,5
2020-03-29,DST states,13,12,8,24,9,67,72,2020,21,-217,6
2020-03-29,AZ+HI,1,0,1,1,1,4,4,2020,21,-217,6
2020-03-30,DST states,6,12,9,14,5,47,51,2020,22,-216,0
2020-03-30,AZ+HI,0,1,0,0,0,1,1,2020,22,-216,0
2020-03-31,DST states,2,10,16,16,10,55,58,2020,23,-215,1
2020-03-31,AZ+HI,0,0,1,0,0,1,1,2020,23,-215,1
2020-04-01,DST states,8,14,12,19,11,64,74,2020,24,-214,2
2020-04-01,AZ+HI,0,2,2,2,0,6,6,2020,24,-214,2
2020-04-02,DST states,7,10,13,19,12,61,62,2020,25,-213,3
2020-04-02,AZ+HI,0,1,2,1,0,4,4,2020,25,-213,3
2020-04-03,DST states,5,8,15,17,12,57,60,2020,26,-212,4
2020-04-03,AZ+HI,0,0,2,1,0,4,5,2020,26,-212,4
2020-04-04,DST states,5,5,7,27,12,56,60,2020,27,-211,5
2020-04-04,AZ+HI,0,0,0,2,1,3,3,2020,27,-211,5
2020-04-05,DST states,15,12,6,24,15,73,77,2020,28,-210,6
2020-04-05,AZ+HI,0,0,0,1,1,2,3,2020,28,-210,6
2020-04-06,DST states,11,9,15,22,12,71,76,2020,29,-209,0
2020-04-06,AZ+HI,0,0,0,0,0,0,0,2020,29,-209,0
2020-04-07,DST states,4,8,8,24,7,52,59,2020,30,-208,1
2020-04-07,AZ+HI,0,0,1,0,1,2,2,2020,30,-208,1
2020-04-08,DST states,5,5,14,25,10,59,64,2020,31,-207,2
2020-04-08,AZ+HI,0,0,0,2,0,2,2,2020,31,-207,2
2020-04-09,DST states,5,11,6,32,7,62,71,2020,32,-206,3
2020-04-09,AZ+HI,0,0,0,1,0,1,2,2020,32,-206,3
2020-04-10,DST states,8,12,15,18,16,70,79,2020,33,-205,4
2020-04-10,AZ+HI,0,1,0,2,0,3,3,2020,33,-205,4
2020-04-11,DST states,15,10,7,32,14,78,88,2020,34,-204,5
2020-04-11,AZ+HI,0,0,0,0,1,1,1,2020,34,-204,5
2020-04-12,DST states,7,4,11,22,12,57,62,2020,35,-203,6
2020-04-12,AZ+HI,0,0,0,1,0,1,1,2020,35,-203,6
2020-04-13,DST states,5,8,6,22,10,51,54,2020,36,-202,0
2020-04-13,AZ+HI,0,0,0,0,1,1,1,2020,36,-202,0
2020-04-14,DST states,5,12,13,23,11,65,67,2020,37,-201,1
2020-04-14,AZ+HI,1,1,0,1,0,3,3,2020,37,-201,1
2020-04-15,DST states,2,11,17,17,9,56,61,2020,38,-200,2
2020-04-15,AZ+HI,1,1,0,0,0,3,3,2020,38,-200,2
2020-04-16,DST states,7,12,17,18,13,67,73,2020,39,-199,3
2020-04-16,AZ+HI,0,0,0,0,0,0,0,2020,39,-199,3
2020-04-17,DST states,10,11,15,24,13,74,84,2020,40,-198,4
2020-04-17,AZ+HI,0,1,0,0,0,1,1,2020,40,-198,4
2020-04-18,DST states,21,12,19,40,21,115,128,2020,41,-197,5
2020-04-18,AZ+HI,1,0,1,1,0,3,3,2020,41,-197,5
2020-04-19,DST states,18,12,15,26,11,86,92,2020,42,-196,6
2020-04-19,AZ+HI,0,0,0,0,0,0,0,2020,42,-196,6
2020-04-20,DST states,11,7,14,23,18,73,80,2020,43,-195,0
2020-04-20,AZ+HI,0,1,0,0,0,1,1,2020,43,-195,0
2020-04-21,DST states,3,10,12,17,16,58,65,2020,44,-194,1
2020-04-21,AZ+HI,0,1,0,0,0,1,1,2020,44,-194,1
2020-04-22,DST states,7,13,8,19,9,56,61,2020,45,-193,2
2020-04-22,AZ+HI,0,0,0,0,1,1,1,2020,45,-193,2
2020-04-23,DST states,6,8,7,25,9,56,63,2020,46,-192,3
2020-04-23,AZ+HI,0,0,0,1,0,1,1,2020,46,-192,3
2020-04-24,DST states,7,6,17,25,7,62,65,2020,47,-191,4
2020-04-24,AZ+HI,0,0,0,2,0,2,2,2020,47,-191,4
2020-04-25,DST states,7,14,20,47,17,106,120,2020,48,-190,5
2020-04-25,AZ+HI,0,2,0,1,0,3,3,2020,48,-190,5
2020-04-26,DST states,20,6,23,36,18,103,110,2020,49,-189,6
2020-04-26,AZ+HI,1,0,0,0,1,3,3,2020,49,-189,6
2020-04-27,DST states,6,8,15,29,5,63,64,2020,50,-188,0
2020-04-27,AZ+HI,0,0,2,0,0,2,2,2020,50,-188,0
2020-04-28,DST states,4,13,14,31,14,78,83,2020,51,-187,1
2020-04-28,AZ+HI,0,0,1,0,0,1,1,2020,51,-187,1
2020-04-29,DST states,8,11,10,21,9,59,64,2020,52,-186,2
2020-04-29,AZ+HI,1,0,0,1,0,2,2,2020,52,-186,2
2020-04-30,DST states,8,11,20,31,14,84,95,2020,53,-185,3
2020-04-30,AZ+HI,0,0,0,0,1,1,1,2020,53,-185,3
2020-05-01,DST states,6,11,23,31,13,84,93,2020,54,-184,4
2020-05-01,AZ+HI,1,0,0,0,0,2,2,2020,54,-184,4
2020-05-02,DST states,13,13,24,47,32,130,135,2020,55,-183,5
2020-05-02,AZ+HI,2,0,1,2,0,5,5,2020,55,-183,5
2020-05-03,DST states,25,10,16,35,18,104,111,2020,56,-182,6
2020-05-03,AZ+HI,0,0,1,0,1,2,2,2020,56,-182,6
2020-05-04,DST states,11,10,16,28,10,75,81,2020,57,-181,0
2020-05-04,AZ+HI,0,0,3,0,0,3,3,2020,57,-181,0
2020-05-05,DST states,12,10,17,26,10,75,84,2020,58,-180,1
2020-05-05,AZ+HI,0,0,0,0,2,2,2,2020,58,-180,1
2020-05-06,DST states,13,11,16,21,14,76,81,2020,59,-179,2
2020-05-06,AZ+HI,0,0,0,0,1,1,1,2020,59,-179,2
2020-05-07,DST states,11,15,18,29,19,92,96,2020,60,-178,3
2020-05-07,AZ+HI,0,1,0,0,0,1,1,2020,60,-178,3
2020-05-08,DST states,7,14,5,23,8,59,63,2020,61,-177,4
2020-05-08,AZ+HI,0,0,0,0,0,0,0,2020,61,-177,4
2020-05-09,DST states,11,16,19,15,17,78,89,2020,62,-176,5
2020-05-09,AZ+HI,0,2,0,1,0,3,3,2020,62,-176,5
2020-05-10,DST states,20,9,15,22,14,82,88,2020,63,-175,6
2020-05-10,AZ+HI,0,0,1,2,0,3,3,2020,63,-175,6
2020-05-11,DST states,8,12,13,25,6,64,72,2020,64,-174,0
2020-05-11,AZ+HI,1,1,0,0,0,2,2,2020,64,-174,0
2020-05-12,DST states,8,11,15,30,12,77,82,2020,65,-173,1
2020-05-12,AZ+HI,1,0,1,0,1,3,3,2020,65,-173,1
2020-05-13,DST states,9,10,25,34,14,93,98,2020,66,-172,2
2020-05-13,AZ+HI,0,0,2,3,1,6,6,2020,66,-172,2
2020-05-14,DST states,6,11,13,31,17,78,85,2020,67,-171,3
2020-05-14,AZ+HI,0,0,1,0,1,2,2,2020,67,-171,3
2020-05-15,DST states,7,12,17,41,19,96,101,2020,68,-170,4
2020-05-15,AZ+HI,0,0,0,2,0,2,2,2020,68,-170,4
2020-05-16,DST states,17,14,20,36,19,109,117,2020,69,-169,5
2020-05-16,AZ+HI,0,0,1,1,2,4,5,2020,69,-169,5
2020-05-17,DST states,20,10,21,32,18,102,118,2020,70,-168,6
2020-05-17,AZ+HI,0,1,0,1,1,3,3,2020,70,-168,6
2020-05-18,DST states,9,5,19,17,14,65,67,2020,71,-167,0
2020-05-18,AZ+HI,0,1,0,0,0,1,1,2020,71,-167,0
2020-05-19,DST states,9,15,20,32,8,85,91,2020,72,-166,1
2020-05-19,AZ+HI,0,0,0,3,1,4,4,2020,72,-166,1
2020-05-20,DST states,12,15,13,33,20,93,96,2020,73,-165,2
2020-05-20,AZ+HI,0,1,0,3,0,4,4,2020,73,-165,2
2020-05-21,DST states,9,10,26,31,17,93,103,2020,74,-164,3
2020-05-21,AZ+HI,0,0,1,2,2,5,5,2020,74,-164,3
2020-05-22,DST states,18,12,10,36,11,88,92,2020,75,-163,4
2020-05-22,AZ+HI,1,0,2,0,0,4,4,2020,75,-163,4
2020-05-23,DST states,21,12,26,37,26,123,141,2020,76,-162,5
2020-05-23,AZ+HI,1,1,1,1,2,6,6,2020,76,-162,5
2020-05-24,DST states,28,7,23,32,15,105,112,2020,77,-161,6
2020-05-24,AZ+HI,1,1,0,0,1,3,3,2020,77,-161,6
2020-05-25,DST states,15,12,16,25,21,90,100,2020,78,-160,0
2020-05-25,AZ+HI,1,0,1,1,0,3,3,2020,78,-160,0
2020-05-26,DST states,8,12,21,24,10,76,83,2020,79,-159,1
2020-05-26,AZ+HI,0,1,0,0,0,1,2,2020,79,-159,1
2020-05-27,DST states,8,14,24,26,20,93,100,2020,80,-158,2
2020-05-27,AZ+HI,2,0,1,1,0,4,4,2020,80,-158,2
2020-05-28,DST states,7,12,19,14,9,61,68,2020,81,-157,3
2020-05-28,AZ+HI,2,0,1,0,0,3,4,2020,81,-157,3
2020-05-29,DST states,9,13,20,35,21,98,105,2020,82,-156,4
2020-05-29,AZ+HI,1,0,1,2,0,4,4,2020,82,-156,4
2020-05-30,DST states,29,18,22,41,25,135,143,2020,83,-155,5
2020-05-30,AZ+HI,1,0,0,1,0,3,4,2020,83,-155,5
2020-05-31,DST states,31,8,14,32,18,104,117,2020,84,-154,6
2020-05-31,AZ+HI,0,2,1,1,0,4,7,2020,84,-154,6
2020-06-01,DST states,18,20,19,28,14,100,116,2020,85,-153,0
2020-06-01,AZ+HI,0,0,0,0,0,0,0,2020,85,-153,0
2020-06-02,DST states,10,20,16,29,14,90,108,2020,86,-152,1
2020-06-02,AZ+HI,1,1,1,2,0,5,7,2020,86,-152,1
2020-06-03,DST states,12,15,22,36,15,100,105,2020,87,-151,2
2020-06-03,AZ+HI,0,1,2,1,0,4,4,2020,87,-151,2
2020-06-04,DST states,14,8,13,31,29,95,100,2020,88,-150,3
2020-06-04,AZ+HI,0,0,1,3,0,4,5,2020,88,-150,3
2020-06-05,DST states,18,7,29,34,23,112,117,2020,89,-149,4
2020-06-05,AZ+HI,0,1,0,1,2,4,4,2020,89,-149,4
2020-06-06,DST states,22,10,26,36,27,121,131,2020,90,-148,5
2020-06-06,AZ+HI,0,1,0,0,0,1,1,2020,90,-148,5
2020-06-07,DST states,31,14,28,40,15,129,145,2020,91,-147,6
2020-06-07,AZ+HI,2,1,0,2,0,5,5,2020,91,-147,6
2020-06-08,DST states,16,9,24,32,23,106,110,2020,92,-146,0
2020-06-08,AZ+HI,0,1,1,0,0,2,2,2020,92,-146,0
2020-06-09,DST states,12,14,23,22,13,84,91,2020,93,-145,1
2020-06-09,AZ+HI,0,0,0,0,1,1,1,2020,93,-145,1
2020-06-10,DST states,15,13,23,27,11,90,105,2020,94,-144,2
2020-06-10,AZ+HI,0,0,2,0,0,3,3,2020,94,-144,2
2020-06-11,DST states,14,12,20,32,20,99,111,2020,95,-143,3
2020-06-11,AZ+HI,0,1,1,1,0,3,3,2020,95,-143,3
2020-06-12,DST states,28,11,17,33,22,112,128,2020,96,-142,4
2020-06-12,AZ+HI,0,0,1,0,1,3,3,2020,96,-142,4
2020-06-13,DST states,38,8,20,41,24,132,142,2020,97,-141,5
2020-06-13,AZ+HI,0,1,0,3,1,5,6,2020,97,-141,5
2020-06-14,DST states,33,11,22,34,30,132,139,2020,98,-140,6
2020-06-14,AZ+HI,0,0,1,1,0,2,2,2020,98,-140,6
2020-06-15,DST states,24,15,20,21,8,88,98,2020,99,-139,0
2020-06-15,AZ+HI,1,0,1,0,1,3,3,2020,99,-139,0
2020-06-16,DST states,11,14,14,42,11,95,108,2020,100,-138,1
2020-06-16,AZ+HI,1,0,1,0,0,2,2,2020,100,-138,1
2020-06-17,DST states,17,15,27,27,15,101,105,2020,101,-137,2
2020-06-17,AZ+HI,0,1,0,0,0,1,1,2020,101,-137,2
2020-06-18,DST states,15,12,33,33,20,113,129,2020,102,-136,3
2020-06-18,AZ+HI,0,1,0,3,0,4,4,2020,102,-136,3
2020-06-19,DST states,19,16,32,40,33,140,151,2020,103,-135,4
2020-06-19,AZ+HI,0,0,1,3,0,4,5,2020,103,-135,4
2020-06-20,DST states,37,13,25,41,35,152,169,2020,104,-134,5
2020-06-20,AZ+HI,0,0,1,1,0,2,2,2020,104,-134,5
2020-06-21,DST states,37,12,25,40,21,139,153,2020,105,-133,6
2020-06-21,AZ+HI,1,0,0,1,0,2,2,2020,105,-133,6
2020-06-22,DST states,17,14,24,33,16,104,117,2020,106,-132,0
2020-06-22,AZ+HI,1,1,0,0,0,3,3,2020,106,-132,0
2020-06-23,DST states,12,18,20,27,15,92,98,2020,107,-131,1
2020-06-23,AZ+HI,0,0,0,1,0,1,1,2020,107,-131,1
2020-06-24,DST states,13,15,23,25,21,97,108,2020,108,-130,2
2020-06-24,AZ+HI,2,0,1,0,1,4,4,2020,108,-130,2
2020-06-25,DST states,13,12,31,34,16,107,123,2020,109,-129,3
2020-06-25,AZ+HI,0,0,1,0,0,1,1,2020,109,-129,3
2020-06-26,DST states,17,21,26,37,32,133,158,2020,110,-128,4
2020-06-26,AZ+HI,0,0,0,0,0,0,0,2020,110,-128,4
2020-06-27,DST states,39,12,29,38,23,142,152,2020,111,-127,5
2020-06-27,AZ+HI,1,1,0,0,0,2,2,2020,111,-127,5
2020-06-28,DST states,27,11,19,36,12,107,121,2020,112,-126,6
2020-06-28,AZ+HI,0,0,2,0,2,4,5,2020,112,-126,6
2020-06-29,DST states,13,12,26,23,16,92,98,2020,113,-125,0
2020-06-29,AZ+HI,1,0,0,1,1,3,3,2020,113,-125,0
2020-06-30,DST states,14,14,18,30,18,94,105,2020,114,-124,1
2020-06-30,AZ+HI,0,0,3,1,0,4,5,2020,114,-124,1
2020-07-01,DST states,19,8,21,29,22,99,111,2020,115,-123,2
2020-07-01,AZ+HI,0,0,0,1,1,3,3,2020,115,-123,2
2020-07-02,DST states,14,20,23,36,18,112,121,2020,116,-122,3
2020-07-02,AZ+HI,0,1,1,1,0,3,3,2020,116,-122,3
2020-07-03,DST states,16,14,15,45,28,119,134,2020,117,-121,4
2020-07-03,AZ+HI,0,0,1,2,1,4,4,2020,117,-121,4
2020-07-04,DST states,32,16,26,42,38,156,165,2020,118,-120,5
2020-07-04,AZ+HI,1,0,1,0,0,2,2,2020,118,-120,5
2020-07-05,DST states,37,7,23,38,16,123,135,2020,119,-119,6
2020-07-05,AZ+HI,0,0,1,1,0,2,2,2020,119,-119,6
2020-07-06,DST states,12,11,17,27,20,87,96,2020,120,-118,0
2020-07-06,AZ+HI,1,0,1,1,0,3,3,2020,120,-118,0
2020-07-07,DST states,13,12,26,31,16,98,105,2020,121,-117,1
2020-07-07,AZ+HI,1,0,0,1,1,3,4,2020,121,-117,1
2020-07-08,DST states,8,10,22,39,17,98,103,2020,122,-116,2
2020-07-08,AZ+HI,0,0,1,0,0,1,1,2020,122,-116,2
2020-07-09,DST states,17,12,19,30,22,101,113,2020,123,-115,3
2020-07-09,AZ+HI,1,0,0,0,0,1,1,2020,123,-115,3
2020-07-10,DST states,17,19,12,29,31,108,115,2020,124,-114,4
2020-07-10,AZ+HI,0,1,1,1,1,5,5,2020,124,-114,4
2020-07-11,DST states,28,12,25,35,28,128,134,2020,125,-113,5
2020-07-11,AZ+HI,0,0,1,1,1,3,3,2020,125,-113,5
2020-07-12,DST states,26,15,18,30,19,108,120,2020,126,-112,6
2020-07-12,AZ+HI,1,0,0,2,0,3,4,2020,126,-112,6
2020-07-13,DST states,16,18,23,28,25,110,116,2020,127,-111,0
2020-07-13,AZ+HI,0,0,1,0,0,1,1,2020,127,-111,0
2020-07-14,DST states,15,7,15,39,22,99,110,2020,128,-110,1
2020-07-14,AZ+HI,0,0,1,1,0,2,2,2020,128,-110,1
2020-07-15,DST states,16,13,18,34,14,97,107,2020,129,-109,2
2020-07-15,AZ+HI,0,0,0,0,1,1,1,2020,129,-109,2
2020-07-16,DST states,18,11,24,39,16,109,120,2020,130,-108,3
2020-07-16,AZ+HI,0,2,1,0,0,3,4,2020,130,-108,3
2020-07-17,DST states,19,14,22,40,23,119,130,2020,131,-107,4
2020-07-17,AZ+HI,0,1,1,1,3,6,6,2020,131,-107,4
2020-07-18,DST states,33,8,26,62,32,161,174,2020,132,-106,5
2020-07-18,AZ+HI,1,1,0,1,3,6,9,2020,132,-106,5
2020-07-19,DST states,35,14,30,30,28,138,145,2020,133,-105,6
2020-07-19,AZ+HI,1,0,2,0,0,3,3,2020,133,-105,6
2020-07-20,DST states,9,11,15,21,15,72,80,2020,134,-104,0
2020-07-20,AZ+HI,1,0,0,0,1,2,2,2020,134,-104,0
2020-07-21,DST states,8,16,18,27,18,87,94,2020,135,-103,1
2020-07-21,AZ+HI,0,1,1,1,1,4,5,2020,135,-103,1
2020-07-22,DST states,20,17,22,17,17,95,105,2020,136,-102,2
2020-07-22,AZ+HI,0,4,0,1,0,5,5,2020,136,-102,2
2020-07-23,DST states,11,12,20,28,26,97,108,2020,137,-101,3
2020-07-23,AZ+HI,1,0,0,0,0,1,1,2020,137,-101,3
2020-07-24,DST states,19,16,22,45,26,130,141,2020,138,-100,4
2020-07-24,AZ+HI,1,0,0,1,0,2,2,2020,138,-100,4
2020-07-25,DST states,23,14,35,34,33,141,155,2020,139,-99,5
2020-07-25,AZ+HI,0,0,0,3,1,4,5,2020,139,-99,5
2020-07-26,DST states,28,4,21,39,17,111,121,2020,140,-98,6
2020-07-26,AZ+HI,1,1,1,1,0,4,4,2020,140,-98,6
2020-07-27,DST states,15,12,18,24,12,81,89,2020,141,-97,0
2020-07-27,AZ+HI,0,0,1,0,0,1,1,2020,141,-97,0
2020-07-28,DST states,14,11,25,38,15,106,113,2020,142,-96,1
2020-07-28,AZ+HI,0,0,1,2,0,3,3,2020,142,-96,1
2020-07-29,DST states,9,12,26,37,21,106,118,2020,143,-95,2
2020-07-29,AZ+HI,1,1,0,1,2,5,6,2020,143,-95,2
2020-07-30,DST states,8,11,21,30,18,88,94,2020,144,-94,3
2020-07-30,AZ+HI,0,0,0,1,0,1,1,2020,144,-94,3
2020-07-31,DST states,17,15,19,43,21,115,126,2020,145,-93,4
2020-07-31,AZ+HI,0,2,1,0,0,3,3,2020,145,-93,4
2020-08-01,DST states,31,10,17,39,23,120,136,2020,146,-92,5
2020-08-01,AZ+HI,2,2,1,1,0,6,7,2020,146,-92,5
2020-08-02,DST states,33,15,21,30,15,115,127,2020,147,-91,6
2020-08-02,AZ+HI,0,0,1,0,1,2,2,2020,147,-91,6
2020-08-03,DST states,19,16,17,28,13,93,99,2020,148,-90,0
2020-08-03,AZ+HI,1,0,0,0,1,2,2,2020,148,-90,0
2020-08-04,DST states,5,14,17,33,16,87,92,2020,149,-89,1
2020-08-04,AZ+HI,0,1,0,0,0,1,1,2020,149,-89,1
2020-08-05,DST states,14,12,20,31,20,98,105,2020,150,-88,2
2020-08-05,AZ+HI,0,1,0,1,0,2,3,2020,150,-88,2
2020-08-06,DST states,15,21,27,26,21,110,117,2020,151,-87,3
2020-08-06,AZ+HI,2,0,1,1,0,4,4,2020,151,-87,3
2020-08-07,DST states,9,18,26,27,28,109,115,2020,152,-86,4
2020-08-07,AZ+HI,0,1,0,0,1,2,2,2020,152,-86,4
2020-08-08,DST states,31,11,20,36,31,130,141,2020,153,-85,5
2020-08-08,AZ+HI,1,0,0,0,3,4,4,2020,153,-85,5
2020-08-09,DST states,37,18,23,35,20,134,145,2020,154,-84,6
2020-08-09,AZ+HI,1,0,0,0,1,2,2,2020,154,-84,6
2020-08-10,DST states,17,9,22,34,10,92,99,2020,155,-83,0
2020-08-10,AZ+HI,0,1,1,0,0,2,2,2020,155,-83,0
2020-08-11,DST states,15,13,20,32,12,94,99,2020,156,-82,1
2020-08-11,AZ+HI,1,0,0,0,0,1,1,2020,156,-82,1
2020-08-12,DST states,10,12,19,30,17,90,94,2020,157,-81,2
2020-08-12,AZ+HI,1,1,2,0,0,4,4,2020,157,-81,2
2020-08-13,DST states,12,23,27,25,11,101,109,2020,158,-80,3
2020-08-13,AZ+HI,1,0,0,1,0,2,4,2020,158,-80,3
2020-08-14,DST states,15,18,25,44,24,126,143,2020,159,-79,4
2020-08-14,AZ+HI,1,1,1,0,0,3,4,2020,159,-79,4
2020-08-15,DST states,35,12,17,41,34,140,146,2020,160,-78,5
2020-08-15,AZ+HI,0,0,0,1,1,2,2,2020,160,-78,5
2020-08-16,DST states,29,19,20,40,17,126,138,2020,161,-77,6
2020-08-16,AZ+HI,0,1,0,0,0,1,1,2020,161,-77,6
2020-08-17,DST states,10,11,16,33,16,87,95,2020,162,-76,0
2020-08-17,AZ+HI,0,0,0,0,0,0,0,2020,162,-76,0
2020-08-18,DST states,11,14,25,24,23,99,108,2020,163,-75,1
2020-08-18,AZ+HI,0,1,1,0,1,3,3,2020,163,-75,1
2020-08-19,DST states,11,17,22,38,18,107,114,2020,164,-74,2
2020-08-19,AZ+HI,0,0,0,3,0,3,3,2020,164,-74,2
2020-08-20,DST states,9,27,14,40,15,105,116,2020,165,-73,3
2020-08-20,AZ+HI,0,0,1,3,1,5,5,2020,165,-73,3
2020-08-21,DST states,22,19,29,41,30,142,155,2020,166,-72,4
2020-08-21,AZ+HI,0,1,0,0,1,2,2,2020,166,-72,4
2020-08-22,DST states,32,18,20,58,27,155,162,2020,167,-71,5
2020-08-22,AZ+HI,0,0,0,2,3,5,5,2020,167,-71,5
2020-08-23,DST states,29,11,24,37,30,135,154,2020,168,-70,6
2020-08-23,AZ+HI,1,1,0,0,0,3,3,2020,168,-70,6
2020-08-24,DST states,17,15,21,34,9,96,103,2020,169,-69,0
2020-08-24,AZ+HI,0,0,0,2,0,2,2,2020,169,-69,0
2020-08-25,DST states,20,20,18,37,17,112,121,2020,170,-68,1
2020-08-25,AZ+HI,0,0,2,1,0,4,4,2020,170,-68,1
2020-08-26,DST states,8,12,18,26,17,81,84,2020,171,-67,2
2020-08-26,AZ+HI,0,0,1,1,1,3,3,2020,171,-67,2
2020-08-27,DST states,11,15,16,33,17,94,98,2020,172,-66,3
2020-08-27,AZ+HI,1,2,0,2,1,6,6,2020,172,-66,3
2020-08-28,DST states,12,14,25,32,26,110,117,2020,173,-65,4
2020-08-28,AZ+HI,0,0,2,3,0,5,5,2020,173,-65,4
2020-08-29,DST states,31,14,21,36,24,126,133,2020,174,-64,5
2020-08-29,AZ+HI,0,0,1,1,1,3,3,2020,174,-64,5
2020-08-30,DST states,36,13,25,34,25,135,151,2020,175,-63,6
2020-08-30,AZ+HI,1,1,1,1,1,5,5,2020,175,-63,6
2020-08-31,DST states,12,15,17,37,16,98,102,2020,176,-62,0
2020-08-31,AZ+HI,0,0,1,1,0,3,4,2020,176,-62,0
2020-09-01,DST states,11,12,15,30,19,87,92,2020,177,-61,1
2020-09-01,AZ+HI,0,1,1,2,0,4,4,2020,177,-61,1
2020-09-02,DST states,12,18,14,34,17,95,99,2020,178,-60,2
2020-09-02,AZ+HI,0,2,0,0,0,2,2,2020,178,-60,2
2020-09-03,DST states,14,23,25,34,15,111,122,2020,179,-59,3
2020-09-03,AZ+HI,0,1,0,0,1,2,2,2020,179,-59,3
2020-09-04,DST states,22,14,24,36,29,126,135,2020,180,-58,4
2020-09-04,AZ+HI,0,0,2,2,0,4,5,2020,180,-58,4
2020-09-05,DST states,36,16,33,48,27,161,178,2020,181,-57,5
2020-09-05,AZ+HI,0,0,0,2,1,3,3,2020,181,-57,5
2020-09-06,DST states,31,13,22,37,27,135,149,2020,182,-56,6
2020-09-06,AZ+HI,0,0,1,0,1,2,2,2020,182,-56,6
2020-09-07,DST states,23,7,22,37,27,116,121,2020,183,-55,0
2020-09-07,AZ+HI,0,0,1,1,0,2,2,2020,183,-55,0
2020-09-08,DST states,16,13,17,37,11,95,102,2020,184,-54,1
2020-09-08,AZ+HI,1,2,0,0,1,4,4,2020,184,-54,1
2020-09-09,DST states,13,21,16,36,17,103,111,2020,185,-53,2
2020-09-09,AZ+HI,0,0,1,1,0,2,2,2020,185,-53,2
2020-09-10,DST states,17,15,11,35,17,96,108,2020,186,-52,3
2020-09-10,AZ+HI,0,1,1,1,1,4,4,2020,186,-52,3
2020-09-11,DST states,10,17,19,40,23,110,122,2020,187,-51,4
2020-09-11,AZ+HI,0,1,0,0,0,1,1,2020,187,-51,4
2020-09-12,DST states,21,21,28,39,23,133,143,2020,188,-50,5
2020-09-12,AZ+HI,1,0,0,3,0,4,4,2020,188,-50,5
2020-09-13,DST states,32,10,15,36,19,113,117,2020,189,-49,6
2020-09-13,AZ+HI,1,0,0,1,0,2,2,2020,189,-49,6
2020-09-14,DST states,14,22,14,35,11,96,107,2020,190,-48,0
2020-09-14,AZ+HI,1,2,1,0,1,5,5,2020,190,-48,0
2020-09-15,DST states,15,17,17,24,14,87,99,2020,191,-47,1
2020-09-15,AZ+HI,0,1,0,1,0,3,3,2020,191,-47,1
2020-09-16,DST states,9,17,18,23,13,81,87,2020,192,-46,2
2020-09-16,AZ+HI,1,3,0,0,1,5,6,2020,192,-46,2
2020-09-17,DST states,15,11,18,35,16,95,102,2020,193,-45,3
2020-09-17,AZ+HI,1,0,1,1,1,4,5,2020,193,-45,3
2020-09-18,DST states,25,21,24,44,25,139,153,2020,194,-44,4
2020-09-18,AZ+HI,0,0,2,0,1,3,3,2020,194,-44,4
2020-09-19,DST states,36,17,25,46,31,159,184,2020,195,-43,5
2020-09-19,AZ+HI,1,2,0,2,1,7,7,2020,195,-43,5
2020-09-20,DST states,30,17,18,45,21,132,143,2020,196,-42,6
2020-09-20,AZ+HI,1,0,1,1,0,3,3,2020,196,-42,6
2020-09-21,DST states,14,14,27,35,16,106,111,2020,197,-41,0
2020-09-21,AZ+HI,1,0,1,0,0,2,2,2020,197,-41,0
2020-09-22,DST states,7,18,12,36,8,81,87,2020,198,-40,1
2020-09-22,AZ+HI,0,0,0,2,1,3,3,2020,198,-40,1
2020-09-23,DST states,16,19,11,32,17,95,102,2020,199,-39,2
2020-09-23,AZ+HI,0,0,1,1,1,3,3,2020,199,-39,2
2020-09-24,DST states,13,15,18,31,16,96,105,2020,200,-38,3
2020-09-24,AZ+HI,0,0,0,0,2,2,2,2020,200,-38,3
2020-09-25,DST states,26,16,25,59,24,150,174,2020,201,-37,4
2020-09-25,AZ+HI,1,1,0,1,2,5,7,2020,201,-37,4
2020-09-26,DST states,25,18,23,47,30,145,155,2020,202,-36,5
2020-09-26,AZ+HI,0,1,0,2,1,5,5,2020,202,-36,5
2020-09-27,DST states,27,12,19,34,17,110,119,2020,203,-35,6
2020-09-27,AZ+HI,0,1,1,1,1,4,4,2020,203,-35,6
2020-09-28,DST states,19,19,18,34,12,104,108,2020,204,-34,0
2020-09-28,AZ+HI,0,1,1,2,0,5,5,2020,204,-34,0
2020-09-29,DST states,9,16,22,41,15,104,113,2020,205,-33,1
2020-09-29,AZ+HI,1,2,0,1,0,4,4,2020,205,-33,1
2020-09-30,DST states,12,14,19,24,14,85,91,2020,206,-32,2
2020-09-30,AZ+HI,0,1,0,1,0,2,2,2020,206,-32,2
2020-10-01,DST states,10,13,22,32,21,98,109,2020,207,-31,3
2020-10-01,AZ+HI,1,0,1,1,0,3,5,2020,207,-31,3
2020-10-02,DST states,15,20,27,49,17,129,138,2020,208,-30,4
2020-10-02,AZ+HI,0,0,0,4,1,6,6,2020,208,-30,4
2020-10-03,DST states,28,13,34,37,15,127,143,2020,209,-29,5
2020-10-03,AZ+HI,0,1,2,1,1,5,6,2020,209,-29,5
2020-10-04,DST states,28,18,16,33,16,113,118,2020,210,-28,6
2020-10-04,AZ+HI,0,0,1,1,0,2,3,2020,210,-28,6
2020-10-05,DST states,14,23,19,43,17,117,128,2020,211,-27,0
2020-10-05,AZ+HI,0,0,0,1,0,1,1,2020,211,-27,0
2020-10-06,DST states,8,17,17,42,15,100,109,2020,212,-26,1
2020-10-06,AZ+HI,0,0,0,1,1,2,2,2020,212,-26,1
2020-10-07,DST states,9,21,23,32,18,103,111,2020,213,-25,2
2020-10-07,AZ+HI,0,1,0,1,1,3,3,2020,213,-25,2
2020-10-08,DST states,14,13,26,39,15,110,118,2020,214,-24,3
2020-10-08,AZ+HI,0,1,0,1,0,2,2,2020,214,-24,3
2020-10-09,DST states,11,26,31,45,24,140,146,2020,215,-23,4
2020-10-09,AZ+HI,1,0,1,3,1,6,6,2020,215,-23,4
2020-10-10,DST states,26,15,23,63,23,153,168,2020,216,-22,5
2020-10-10,AZ+HI,1,2,0,0,0,3,3,2020,216,-22,5
2020-10-11,DST states,37,9,13,40,19,121,131,2020,217,-21,6
2020-10-11,AZ+HI,1,0,0,0,0,1,1,2020,217,-21,6
2020-10-12,DST states,14,23,11,41,16,105,110,2020,218,-20,0
2020-10-12,AZ+HI,0,0,1,1,1,4,5,2020,218,-20,0
2020-10-13,DST states,11,18,23,33,12,97,102,2020,219,-19,1
2020-10-13,AZ+HI,0,0,0,1,0,1,1,2020,219,-19,1
2020-10-14,DST states,13,15,23,27,14,92,96,2020,220,-18,2
2020-10-14,AZ+HI,0,0,1,1,1,3,3,2020,220,-18,2
2020-10-15,DST states,11,20,17,34,15,97,100,2020,221,-17,3
2020-10-15,AZ+HI,2,0,1,0,0,3,3,2020,221,-17,3
2020-10-16,DST states,27,14,12,44,23,121,130,2020,222,-16,4
2020-10-16,AZ+HI,0,0,0,0,0,0,0,2020,222,-16,4
2020-10-17,DST states,28,9,21,37,22,120,128,2020,223,-15,5
2020-10-17,AZ+HI,1,0,1,1,2,5,6,2020,223,-15,5
2020-10-18,DST states,38,13,20,44,7,122,139,2020,224,-14,6
2020-10-18,AZ+HI,4,0,0,0,0,4,4,2020,224,-14,6
2020-10-19,DST states,9,25,20,30,20,104,111,2020,225,-13,0
2020-10-19,AZ+HI,2,0,3,0,0,5,5,2020,225,-13,0
2020-10-20,DST states,9,19,21,30,12,91,94,2020,226,-12,1
2020-10-20,AZ+HI,1,1,0,1,0,3,3,2020,226,-12,1
2020-10-21,DST states,11,27,12,33,9,93,98,2020,227,-11,2
2020-10-21,AZ+HI,0,0,0,2,1,3,3,2020,227,-11,2
2020-10-22,DST states,12,18,25,47,14,116,121,2020,228,-10,3
2020-10-22,AZ+HI,1,1,1,1,0,5,6,2020,228,-10,3
2020-10-23,DST states,14,21,14,41,9,101,115,2020,229,-9,4
2020-10-23,AZ+HI,2,0,1,0,1,4,5,2020,229,-9,4
2020-10-24,DST states,24,14,12,35,23,111,121,2020,230,-8,5
2020-10-24,AZ+HI,0,0,0,2,0,2,2,2020,230,-8,5
2020-10-25,DST states,29,20,16,27,14,108,124,2020,231,-7,6
2020-10-25,AZ+HI,0,0,0,4,0,4,4,2020,231,-7,6
2020-10-26,DST states,11,19,14,37,8,89,95,2020,232,-6,0
2020-10-26,AZ+HI,0,0,0,0,0,0,0,2020,232,-6,0
2020-10-27,DST states,10,21,19,44,12,107,113,2020,233,-5,1
2020-10-27,AZ+HI,0,0,1,1,0,2,2,2020,233,-5,1
2020-10-28,DST states,9,16,14,20,8,67,70,2020,234,-4,2
2020-10-28,AZ+HI,0,0,1,4,2,7,7,2020,234,-4,2
2020-10-29,DST states,12,17,21,34,21,105,110,2020,235,-3,3
2020-10-29,AZ+HI,0,0,2,1,0,3,3,2020,235,-3,3
2020-10-30,DST states,20,15,29,52,24,144,155,2020,236,-2,4
2020-10-30,AZ+HI,1,0,1,0,0,2,2,2020,236,-2,4
2020-10-31,DST states,36,8,18,51,28,142,155,2020,237,-1,5
2020-10-31,AZ+HI,0,0,1,4,0,5,6,2020,237,-1,5
2020-11-01,DST states,46,18,19,37,13,133,142,2020,238,0,6
2020-11-01,AZ+HI,2,0,0,2,0,4,4,2020,238,0,6
2020-11-02,DST states,8,19,21,25,10,84,93,2020,239,1,0
2020-11-02,AZ+HI,0,0,0,0,1,1,1,2020,239,1,0
2020-11-03,DST states,6,22,27,33,6,94,102,2020,240,2,1
2020-11-03,AZ+HI,2,0,0,4,1,7,8,2020,240,2,1
2020-11-04,DST states,7,15,20,39,15,96,108,2020,241,3,2
2020-11-04,AZ+HI,2,0,1,0,0,3,3,2020,241,3,2
2020-11-05,DST states,9,13,24,33,9,89,98,2020,242,4,3
2020-11-05,AZ+HI,1,1,1,0,1,4,4,2020,242,4,3
2020-11-06,DST states,14,13,20,43,21,111,119,2020,243,5,4
2020-11-06,AZ+HI,0,0,0,1,1,2,2,2020,243,5,4
2020-11-07,DST states,31,17,28,42,22,141,150,2020,244,6,5
2020-11-07,AZ+HI,0,0,0,2,1,3,4,2020,244,6,5
2020-11-08,DST states,36,12,22,48,13,132,143,2020,245,7,6
2020-11-08,AZ+HI,1,1,0,1,0,3,4,2020,245,7,6
2020-11-09,DST states,14,16,22,28,14,94,98,2020,246,8,0
2020-11-09,AZ+HI,0,1,1,2,0,5,5,2020,246,8,0
2020-11-10,DST states,11,16,15,47,12,101,106,2020,247,9,1
2020-11-10,AZ+HI,0,0,0,0,0,0,0,2020,247,9,1
2020-11-11,DST states,14,26,16,40,9,106,116,2020,248,10,2
2020-11-11,AZ+HI,1,0,0,1,1,3,3,2020,248,10,2
2020-11-12,DST states,11,22,12,33,14,92,97,2020,249,11,3
2020-11-12,AZ+HI,0,2,2,1,0,5,6,2020,249,11,3
2020-11-13,DST states,13,18,18,39,23,111,119,2020,250,12,4
2020-11-13,AZ+HI,0,1,2,0,3,6,6,2020,250,12,4
2020-11-14,DST states,24,15,15,54,17,127,143,2020,251,13,5
2020-11-14,AZ+HI,0,0,1,1,0,2,3,2020,251,13,5
2020-11-15,DST states,31,8,14,31,15,99,107,2020,252,14,6
2020-11-15,AZ+HI,0,0,1,1,0,2,2,2020,252,14,6
2020-11-16,DST states,7,21,14,39,10,93,101,2020,253,15,0
2020-11-16,AZ+HI,0,0,0,0,1,1,1,2020,253,15,0
2020-11-17,DST states,12,9,16,32,10,80,82,2020,254,16,1
2020-11-17,AZ+HI,0,0,0,2,1,3,3,2020,254,16,1
2020-11-18,DST states,10,8,21,28,10,78,86,2020,255,17,2
2020-11-18,AZ+HI,0,1,0,1,2,5,5,2020,255,17,2
2020-11-19,DST states,12,14,16,53,16,111,117,2020,256,18,3
2020-11-19,AZ+HI,0,1,3,0,0,4,4,2020,256,18,3
2020-11-20,DST states,15,16,15,47,24,118,126,2020,257,19,4
2020-11-20,AZ+HI,0,0,1,3,0,4,5,2020,257,19,4
2020-11-21,DST states,15,12,23,48,17,116,125,2020,258,20,5
2020-11-21,AZ+HI,0,0,0,3,0,3,3,2020,258,20,5
2020-11-22,DST states,27,14,15,37,16,111,122,2020,259,21,6
2020-11-22,AZ+HI,1,0,0,1,0,2,2,2020,259,21,6
2020-11-23,DST states,14,16,18,41,9,98,107,2020,260,22,0
2020-11-23,AZ+HI,0,1,1,1,0,3,4,2020,260,22,0
2020-11-24,DST states,10,12,18,43,19,103,109,2020,261,23,1
2020-11-24,AZ+HI,1,1,1,1,0,4,4,2020,261,23,1
2020-11-25,DST states,15,11,24,46,28,124,139,2020,262,24,2
2020-11-25,AZ+HI,1,0,0,3,0,4,4,2020,262,24,2
2020-11-26,DST states,22,4,9,34,21,91,99,2020,263,25,3
2020-11-26,AZ+HI,0,0,0,1,0,1,1,2020,263,25,3
2020-11-27,DST states,17,9,18,37,20,101,123,2020,264,26,4
2020-11-27,AZ+HI,0,1,1,1,0,3,3,2020,264,26,4
2020-11-28,DST states,17,9,18,20,19,83,87,2020,265,27,5
2020-11-28,AZ+HI,0,0,0,2,0,2,2,2020,265,27,5
2020-11-29,DST states,20,13,13,50,12,109,120,2020,266,28,6
2020-11-29,AZ+HI,0,0,4,0,1,5,5,2020,266,28,6
2020-11-30,DST states,8,18,16,26,12,81,96,2020,267,29,0
2020-11-30,AZ+HI,1,0,1,1,0,3,3,2020,267,29,0
2020-12-01,DST states,8,22,17,36,11,94,98,2020,268,30,1
2020-12-01,AZ+HI,0,0,0,3,0,3,4,2020,268,30,1
2020-12-02,DST states,11,16,24,44,9,104,115,2020,269,31,2
2020-12-02,AZ+HI,0,0,0,1,0,1,1,2020,269,31,2
2020-12-03,DST states,3,9,18,30,8,68,72,2020,270,32,3
2020-12-03,AZ+HI,0,1,1,0,0,2,2,2020,270,32,3
2020-12-04,DST states,6,14,15,46,12,93,98,2020,271,33,4
2020-12-04,AZ+HI,0,1,0,1,1,3,3,2020,271,33,4
2020-12-05,DST states,20,15,17,38,18,109,118,2020,272,34,5
2020-12-05,AZ+HI,0,0,2,3,1,6,8,2020,272,34,5
2020-12-06,DST states,23,9,20,35,9,98,104,2020,273,35,6
2020-12-06,AZ+HI,1,0,1,1,0,3,4,2020,273,35,6
2020-12-07,DST states,11,21,14,30,5,83,86,2020,274,36,0
2020-12-07,AZ+HI,0,0,0,1,0,1,1,2020,274,36,0
2020-12-08,DST states,8,16,22,29,10,85,92,2020,275,37,1
2020-12-08,AZ+HI,1,0,0,1,0,2,2,2020,275,37,1
2020-12-09,DST states,11,18,21,34,10,94,106,2020,276,38,2
2020-12-09,AZ+HI,0,0,0,2,0,2,2,2020,276,38,2
2020-12-10,DST states,12,22,13,46,9,102,110,2020,277,39,3
2020-12-10,AZ+HI,1,0,1,3,0,5,5,2020,277,39,3
2020-12-11,DST states,13,18,17,47,16,111,116,2020,278,40,4
2020-12-11,AZ+HI,1,1,0,1,1,4,4,2020,278,40,4
2020-12-12,DST states,20,14,12,50,25,122,141,2020,279,41,5
2020-12-12,AZ+HI,0,0,0,0,0,0,0,2020,279,41,5
2020-12-13,DST states,28,13,19,37,11,109,118,2020,280,42,6
2020-12-13,AZ+HI,3,0,1,3,1,8,12,2020,280,42,6
2020-12-14,DST states,8,18,13,29,10,79,92,2020,281,43,0
2020-12-14,AZ+HI,0,1,1,2,0,4,4,2020,281,43,0
2020-12-15,DST states,9,16,17,41,10,93,95,2020,282,44,1
2020-12-15,AZ+HI,0,0,0,2,0,2,3,2020,282,44,1
2020-12-16,DST states,9,18,12,30,17,87,92,2020,283,45,2
2020-12-16,AZ+HI,0,0,0,1,1,2,2,2020,283,45,2
2020-12-17,DST states,14,16,12,38,13,96,106,2020,284,46,3
2020-12-17,AZ+HI,0,0,0,2,1,3,3,2020,284,46,3
2020-12-18,DST states,11,17,16,47,14,105,120,2020,285,47,4
2020-12-18,AZ+HI,0,0,0,2,1,3,4,2020,285,47,4
2020-12-19,DST states,24,4,17,35,12,92,98,2020,286,48,5
2020-12-19,AZ+HI,0,0,0,1,0,1,1,2020,286,48,5
2020-12-20,DST states,32,10,16,32,11,102,113,2020,287,49,6
2020-12-20,AZ+HI,4,0,0,1,0,5,6,2020,287,49,6
2020-12-21,DST states,8,21,12,41,12,94,102,2020,288,50,0
2020-12-21,AZ+HI,0,1,1,0,0,2,2,2020,288,50,0
2020-12-22,DST states,19,22,17,32,16,107,115,2020,289,51,1
2020-12-22,AZ+HI,0,1,1,0,1,4,4,2020,289,51,1
2020-12-23,DST states,8,13,18,50,14,104,111,2020,290,52,2
2020-12-23,AZ+HI,0,0,0,1,0,1,1,2020,290,52,2
2020-12-24,DST states,17,16,13,33,17,99,107,2020,291,53,3
2020-12-24,AZ+HI,0,0,0,4,2,7,7,2020,291,53,3
2020-12-25,DST states,21,11,9,26,11,79,90,2020,292,54,4
2020-12-25,AZ+HI,1,0,0,0,1,2,2,2020,292,54,4
2020-12-26,DST states,11,6,9,30,13,70,82,2020,293,55,5
2020-12-26,AZ+HI,1,0,1,1,1,4,7,2020,293,55,5
2020-12-27,DST states,27,7,12,33,14,93,97,2020,294,56,6
2020-12-27,AZ+HI,0,1,0,1,0,2,3,2020,294,56,6
2020-12-28,DST states,17,12,13,27,10,82,99,2020,295,57,0
2020-12-28,AZ+HI,0,0,1,1,0,2,2,2020,295,57,0
2020-12-29,DST states,8,8,14,40,14,84,87,2020,296,58,1
2020-12-29,AZ+HI,0,0,0,1,1,2,2,2020,296,58,1
2020-12-30,DST states,8,17,13,34,13,87,94,2020,297,59,2
2020-12-30,AZ+HI,0,1,1,0,2,4,4,2020,297,59,2
2020-12-31,DST states,11,11,19,35,20,96,104,2020,298,60,3
2020-12-31,AZ+HI,0,0,0,3,0,3,3,2020,298,60,3
2021-01-01,DST states,58,24,16,29,20,147,166,2021,-72,-310,4
2021-01-01,AZ+HI,0,0,0,0,0,0,0,2021,-72,-310,4
2021-01-02,DST states,10,13,19,28,17,89,98,2021,-71,-309,5
2021-01-02,AZ+HI,0,0,0,0,0,0,0,2021,-71,-309,5
2021-01-03,DST states,21,8,16,21,10,76,83,2021,-70,-308,6
2021-01-03,AZ+HI,0,0,0,0,0,0,0,2021,-70,-308,6
2021-01-04,DST states,7,18,22,32,8,87,90,2021,-69,-307,0
2021-01-04,AZ+HI,0,0,0,0,0,0,0,2021,-69,-307,0
2021-01-05,DST states,11,18,21,24,10,85,96,2021,-68,-306,1
2021-01-05,AZ+HI,0,0,0,0,0,0,0,2021,-68,-306,1
2021-01-06,DST states,11,13,14,31,20,89,92,2021,-67,-305,2
2021-01-06,AZ+HI,0,0,0,0,0,0,0,2021,-67,-305,2
2021-01-07,DST states,13,16,16,32,13,90,96,2021,-66,-304,3
2021-01-07,AZ+HI,0,0,0,0,0,0,0,2021,-66,-304,3
2021-01-08,DST states,10,14,18,38,23,105,111,2021,-65,-303,4
2021-01-08,AZ+HI,0,0,0,0,0,0,0,2021,-65,-303,4
2021-01-09,DST states,21,13,15,28,19,96,113,2021,-64,-302,5
2021-01-09,AZ+HI,0,0,0,0,0,0,0,2021,-64,-302,5
2021-01-10,DST states,24,6,18,36,14,100,109,2021,-63,-301,6
2021-01-10,AZ+HI,0,0,0,0,0,0,0,2021,-63,-301,6
2021-01-11,DST states,7,14,19,24,10,74,80,2021,-62,-300,0
2021-01-11,AZ+HI,0,0,0,0,0,0,0,2021,-62,-300,0
2021-01-12,DST states,3,8,14,29,9,63,69,2021,-61,-299,1
2021-01-12,AZ+HI,0,0,0,0,0,0,0,2021,-61,-299,1
2021-01-13,DST states,6,18,19,34,12,91,96,2021,-60,-298,2
2021-01-13,AZ+HI,0,0,0,0,0,0,0,2021,-60,-298,2
2021-01-14,DST states,14,21,13,33,18,101,104,2021,-59,-297,3
2021-01-14,AZ+HI,0,0,0,0,0,0,0,2021,-59,-297,3
2021-01-15,DST states,8,23,18,45,22,119,124,2021,-58,-296,4
2021-01-15,AZ+HI,0,0,0,0,0,0,0,2021,-58,-296,4
2021-01-16,DST states,20,11,10,43,15,99,108,2021,-57,-295,5
2021-01-16,AZ+HI,0,0,0,0,0,0,0,2021,-57,-295,5
2021-01-17,DST states,23,10,11,36,14,95,107,2021,-56,-294,6
2021-01-17,AZ+HI,0,0,0,0,0,0,0,2021,-56,-294,6
2021-01-18,DST states,11,12,23,30,8,86,96,2021,-55,-293,0
2021-01-18,AZ+HI,0,0,0,0,0,0,0,2021,-55,-293,0
2021-01-19,DST states,9,11,23,32,9,87,96,2021,-54,-292,1
2021-01-19,AZ+HI,0,0,0,0,0,0,0,2021,-54,-292,1
2021-01-20,DST states,10,20,12,26,18,86,91,2021,-53,-291,2
2021-01-20,AZ+HI,0,0,0,0,0,0,0,2021,-53,-291,2
2021-01-21,DST states,10,15,17,38,13,94,104,2021,-52,-290,3
2021-01-21,AZ+HI,0,0,0,0,0,0,0,2021,-52,-290,3
2021-01-22,DST states,9,16,18,31,20,94,99,2021,-51,-289,4
2021-01-22,AZ+HI,0,0,0,0,0,0,0,2021,-51,-289,4
2021-01-23,DST states,28,3,15,32,20,98,117,2021,-50,-288,5
2021-01-23,AZ+HI,0,0,0,0,0,0,0,2021,-50,-288,5
2021-01-24,DST states,30,8,11,28,16,94,107,2021,-49,-287,6
2021-01-24,AZ+HI,0,0,0,0,0,0,0,2021,-49,-287,6
2021-01-25,DST states,10,16,24,19,15,84,92,2021,-48,-286,0
2021-01-25,AZ+HI,0,0,0,0,0,0,0,2021,-48,-286,0
2021-01-26,DST states,4,17,18,22,8,70,80,2021,-47,-285,1
2021-01-26,AZ+HI,0,0,0,0,0,0,0,2021,-47,-285,1
2021-01-27,DST states,9,15,15,34,7,80,87,2021,-46,-284,2
2021-01-27,AZ+HI,0,0,0,0,0,0,0,2021,-46,-284,2
2021-01-28,DST states,5,6,15,34,4,64,67,2021,-45,-283,3
2021-01-28,AZ+HI,0,0,0,0,0,0,0,2021,-45,-283,3
2021-01-29,DST states,12,17,15,34,18,96,108,2021,-44,-282,4
2021-01-29,AZ+HI,0,0,0,0,0,0,0,2021,-44,-282,4
2021-01-30,DST states,19,16,14,31,24,104,111,2021,-43,-281,5
2021-01-30,AZ+HI,0,0,0,0,0,0,0,2021,-43,-281,5
2021-01-31,DST states,21,12,14,34,12,94,103,2021,-42,-280,6
2021-01-31,AZ+HI,0,0,0,0,0,0,0,2021,-42,-280,6
2021-02-01,DST states,17,12,16,22,5,73,81,2021,-41,-279,0
2021-02-01,AZ+HI,0,0,0,0,0,0,0,2021,-41,-279,0
2021-02-02,DST states,13,12,13,31,12,81,86,2021,-40,-278,1
2021-02-02,AZ+HI,0,0,0,0,0,0,0,2021,-40,-278,1
2021-02-03,DST states,8,12,17,41,9,87,94,2021,-39,-277,2
2021-02-03,AZ+HI,0,0,0,0,0,0,0,2021,-39,-277,2
2021-02-04,DST states,14,18,18,26,10,86,90,2021,-38,-276,3
2021-02-04,AZ+HI,0,0,0,0,0,0,0,2021,-38,-276,3
2021-02-05,DST states,9,15,12,34,20,91,96,2021,-37,-275,4
2021-02-05,AZ+HI,0,0,0,0,0,0,0,2021,-37,-275,4
2021-02-06,DST states,22,9,11,30,24,97,105,2021,-36,-274,5
2021-02-06,AZ+HI,0,0,0,0,0,0,0,2021,-36,-274,5
2021-02-07,DST states,31,16,18,37,13,115,127,2021,-35,-273,6
2021-02-07,AZ+HI,0,0,0,0,0,0,0,2021,-35,-273,6
2021-02-08,DST states,15,13,22,29,8,87,97,2021,-34,-272,0
2021-02-08,AZ+HI,0,0,0,0,0,0,0,2021,-34,-272,0
2021-02-09,DST states,5,15,14,21,11,66,77,2021,-33,-271,1
2021-02-09,AZ+HI,0,0,0,0,0,0,0,2021,-33,-271,1
2021-02-10,DST states,6,7,14,36,9,73,82,2021,-32,-270,2
2021-02-10,AZ+HI,0,0,0,0,0,0,0,2021,-32,-270,2
2021-02-11,DST states,5,13,20,39,12,89,104,2021,-31,-269,3
2021-02-11,AZ+HI,0,0,0,0,0,0,0,2021,-31,-269,3
2021-02-12,DST states,9,11,17,37,25,100,113,2021,-30,-268,4
2021-02-12,AZ+HI,0,0,0,0,0,0,0,2021,-30,-268,4
2021-02-13,DST states,25,13,12,25,22,99,107,2021,-29,-267,5
2021-02-13,AZ+HI,0,0,0,0,0,0,0,2021,-29,-267,5
2021-02-14,DST states,11,7,10,19,12,60,67,2021,-28,-266,6
2021-02-14,AZ+HI,0,0,0,0,0,0,0,2021,-28,-266,6
2021-02-15,DST states,14,14,13,28,6,76,84,2021,-27,-265,0
2021-02-15,AZ+HI,0,0,0,0,0,0,0,2021,-27,-265,0
2021-02-16,DST states,6,7,6,25,4,49,55,2021,-26,-264,1
2021-02-16,AZ+HI,0,0,0,0,0,0,0,2021,-26,-264,1
2021-02-17,DST states,4,9,10,26,12,62,65,2021,-25,-263,2
2021-02-17,AZ+HI,0,0,0,0,0,0,0,2021,-25,-263,2
2021-02-18,DST states,4,14,13,23,8,63,67,2021,-24,-262,3
2021-02-18,AZ+HI,0,0,0,0,0,0,0,2021,-24,-262,3
2021-02-19,DST states,7,7,15,29,6,64,69,2021,-23,-261,4
2021-02-19,AZ+HI,0,0,0,0,0,0,0,2021,-23,-261,4
2021-02-20,DST states,13,11,13,26,16,80,88,2021,-22,-260,5
2021-02-20,AZ+HI,0,0,0,0,0,0,0,2021,-22,-260,5
2021-02-21,DST states,30,10,12,25,12,90,102,2021,-21,-259,6
2021-02-21,AZ+HI,0,0,0,0,0,0,0,2021,-21,-259,6
2021-02-22,DST states,11,11,17,25,5,69,78,2021,-20,-258,0
2021-02-22,AZ+HI,0,0,0,0,0,0,0,2021,-20,-258,0
2021-02-23,DST states,13,15,19,34,19,101,108,2021,-19,-257,1
2021-02-23,AZ+HI,0,0,0,0,0,0,0,2021,-19,-257,1
2021-02-24,DST states,8,20,19,29,14,91,96,2021,-18,-256,2
2021-02-24,AZ+HI,0,0,0,0,0,0,0,2021,-18,-256,2
2021-02-25,DST states,7,15,18,37,16,94,102,2021,-17,-255,3
2021-02-25,AZ+HI,0,0,0,0,0,0,0,2021,-17,-255,3
2021-02-26,DST states,11,9,16,37,14,89,98,2021,-16,-254,4
2021-02-26,AZ+HI,0,0,0,0,0,0,0,2021,-16,-254,4
2021-02-27,DST states,20,16,13,51,24,126,138,2021,-15,-253,5
2021-02-27,AZ+HI,0,0,0,0,0,0,0,2021,-15,-253,5
2021-02-28,DST states,28,13,13,27,10,93,99,2021,-14,-252,6
2021-02-28,AZ+HI,0,0,0,0,0,0,0,2021,-14,-252,6
2021-03-01,DST states,18,11,15,33,13,90,100,2021,-13,-251,0
2021-03-01,AZ+HI,0,0,0,0,0,0,0,2021,-13,-251,0
2021-03-02,DST states,5,21,21,15,10,72,90,2021,-12,-250,1
2021-03-02,AZ+HI,0,0,0,0,0,0,0,2021,-12,-250,1
2021-03-03,DST states,10,8,22,29,11,80,83,2021,-11,-249,2
2021-03-03,AZ+HI,0,0,0,0,0,0,0,2021,-11,-249,2
2021-03-04,DST states,9,11,17,31,21,89,93,2021,-10,-248,3
2021-03-04,AZ+HI,0,0,0,0,0,0,0,2021,-10,-248,3
2021-03-05,DST states,16,15,20,33,18,103,112,2021,-9,-247,4
2021-03-05,AZ+HI,0,0,0,0,0,0,0,2021,-9,-247,4
2021-03-06,DST states,37,11,19,40,9,116,128,2021,-8,-246,5
2021-03-06,AZ+HI,0,0,0,0,0,0,0,2021,-8,-246,5
2021-03-07,DST states,26,11,17,31,13,99,104,2021,-7,-245,6
2021-03-07,AZ+HI,0,0,0,0,0,0,0,2021,-7,-245,6
2021-03-08,DST states,11,14,24,18,10,78,84,2021,-6,-244,0
2021-03-08,AZ+HI,0,0,0,0,0,0,0,2021,-6,-244,0
2021-03-09,DST states,11,11,17,35,11,85,88,2021,-5,-243,1
2021-03-09,AZ+HI,0,0,0,0,0,0,0,2021,-5,-243,1
2021-03-10,DST states,10,15,15,30,14,84,92,2021,-4,-242,2
2021-03-10,AZ+HI,0,0,0,0,0,0,0,2021,-4,-242,2
2021-03-11,DST states,14,8,16,43,18,101,115,2021,-3,-241,3
2021-03-11,AZ+HI,0,0,0,0,0,0,0,2021,-3,-241,3
2021-03-12,DST states,14,17,18,26,28,103,114,2021,-2,-240,4
2021-03-12,AZ+HI,0,0,0,0,0,0,0,2021,-2,-240,4
2021-03-13,DST states,23,7,21,41,19,113,121,2021,-1,-239,5
2021-03-13,AZ+HI,0,0,0,0,0,0,0,2021,-1,-239,5
2021-03-14,DST states,32,17,21,28,19,119,135,2021,0,-238,6
2021-03-14,AZ+HI,0,0,0,0,0,0,0,2021,0,-238,6
2021-03-15,DST states,13,15,19,24,9,80,93,2021,1,-237,0
2021-03-15,AZ+HI,0,0,0,0,0,0,0,2021,1,-237,0
2021-03-16,DST states,10,19,11,20,11,72,86,2021,2,-236,1
2021-03-16,AZ+HI,0,0,0,0,0,0,0,2021,2,-236,1
2021-03-17,DST states,9,6,17,41,16,90,98,2021,3,-235,2
2021-03-17,AZ+HI,0,0,0,0,0,0,0,2021,3,-235,2
2021-03-18,DST states,17,17,20,32,13,99,121,2021,4,-234,3
2021-03-18,AZ+HI,0,0,0,0,0,0,0,2021,4,-234,3
2021-03-19,DST states,15,15,15,39,26,111,121,2021,5,-233,4
2021-03-19,AZ+HI,0,0,0,0,0,0,0,2021,5,-233,4
2021-03-20,DST states,28,7,18,36,14,103,113,2021,6,-232,5
2021-03-20,AZ+HI,0,0,0,0,0,0,0,2021,6,-232,5
2021-03-21,DST states,31,7,23,39,15,116,128,2021,7,-231,6
2021-03-21,AZ+HI,0,0,0,0,0,0,0,2021,7,-231,6
2021-03-22,DST states,21,15,18,27,10,92,102,2021,8,-230,0
2021-03-22,AZ+HI,0,0,0,0,0,0,0,2021,8,-230,0
2021-03-23,DST states,8,4,20,30,14,76,85,2021,9,-229,1
2021-03-23,AZ+HI,0,0,0,0,0,0,0,2021,9,-229,1
2021-03-24,DST states,9,14,20,29,14,86,95,2021,10,-228,2
2021-03-24,AZ+HI,0,0,0,0,0,0,0,2021,10,-228,2
2021-03-25,DST states,14,18,23,26,17,98,110,2021,11,-227,3
2021-03-25,AZ+HI,0,0,0,0,0,0,0,2021,11,-227,3
2021-03-26,DST states,15,16,16,31,17,95,103,2021,12,-226,4
2021-03-26,AZ+HI,0,0,0,0,0,0,0,2021,12,-226,4
2021-03-27,DST states,16,15,23,46,19,119,135,2021,13,-225,5
2021-03-27,AZ+HI,0,0,0,0,0,0,0,2021,13,-225,5
2021-03-28,DST states,28,8,10,35,13,95,103,2021,14,-224,6
2021-03-28,AZ+HI,0,0,0,0,0,0,0,2021,14,-224,6
2021-03-29,DST states,15,13,22,24,11,85,100,2021,15,-223,0
2021-03-29,AZ+HI,0,0,0,0,0,0,0,2021,15,-223,0
2021-03-30,DST states,11,11,18,34,15,89,96,2021,16,-222,1
2021-03-30,AZ+HI,0,0,0,0,0,0,0,2021,16,-222,1
2021-03-31,DST states,10,12,18,23,14,78,83,2021,17,-221,2
2021-03-31,AZ+HI,0,0,0,0,0,0,0,2021,17,-221,2
2021-04-01,DST states,10,18,22,35,13,98,104,2021,18,-220,3
2021-04-01,AZ+HI,0,0,0,0,0,0,0,2021,18,-220,3
2021-04-02,DST states,16,14,19,42,21,114,130,2021,19,-219,4
2021-04-02,AZ+HI,0,0,0,0,0,0,0,2021,19,-219,4
2021-04-03,DST states,36,15,28,42,26,147,160,2021,20,-218,5
2021-04-03,AZ+HI,0,0,0,0,0,0,0,2021,20,-218,5
2021-04-04,DST states,39,9,24,52,28,153,168,2021,21,-217,6
2021-04-04,AZ+HI,0,0,0,0,0,0,0,2021,21,-217,6
2021-04-05,DST states,13,22,20,40,16,111,120,2021,22,-216,0
2021-04-05,AZ+HI,0,0,0,0,0,0,0,2021,22,-216,0
2021-04-06,DST states,10,19,21,50,17,118,126,2021,23,-215,1
2021-04-06,AZ+HI,0,0,0,0,0,0,0,2021,23,-215,1
2021-04-07,DST states,16,20,26,36,17,115,126,2021,24,-214,2
2021-04-07,AZ+HI,0,0,0,0,0,0,0,2021,24,-214,2
2021-04-08,DST states,17,21,17,38,14,107,112,2021,25,-213,3
2021-04-08,AZ+HI,0,0,0,0,0,0,0,2021,25,-213,3
2021-04-09,DST states,12,16,17,36,18,100,112,2021,26,-212,4
2021-04-09,AZ+HI,0,0,0,0,0,0,0,2021,26,-212,4
2021-04-10,DST states,30,15,27,40,25,139,148,2021,27,-211,5
2021-04-10,AZ+HI,0,0,0,0,0,0,0,2021,27,-211,5
2021-04-11,DST states,30,7,20,40,16,115,120,2021,28,-210,6
2021-04-11,AZ+HI,0,0,0,0,0,0,0,2021,28,-210,6
2021-04-12,DST states,13,23,18,41,14,109,113,2021,29,-209,0
2021-04-12,AZ+HI,0,0,0,0,0,0,0,2021,29,-209,0
2021-04-13,DST states,14,15,18,29,20,96,100,2021,30,-208,1
2021-04-13,AZ+HI,0,0,0,0,0,0,0,2021,30,-208,1
2021-04-14,DST states,14,20,22,24,8,89,93,2021,31,-207,2
2021-04-14,AZ+HI,0,0,0,0,0,0,0,2021,31,-207,2
2021-04-15,DST states,21,15,16,30,22,104,108,2021,32,-206,3
2021-04-15,AZ+HI,0,0,0,0,0,0,0,2021,32,-206,3
2021-04-16,DST states,14,26,24,36,20,120,128,2021,33,-205,4
2021-04-16,AZ+HI,0,0,0,0,0,0,0,2021,33,-205,4
2021-04-17,DST states,29,13,14,42,28,126,147,2021,34,-204,5
2021-04-17,AZ+HI,0,0,0,0,0,0,0,2021,34,-204,5
2021-04-18,DST states,22,13,15,26,18,96,104,2021,35,-203,6
2021-04-18,AZ+HI,0,0,0,0,0,0,0,2021,35,-203,6
2021-04-19,DST states,14,15,27,36,7,99,106,2021,36,-202,0
2021-04-19,AZ+HI,0,0,0,0,0,0,0,2021,36,-202,0
2021-04-20,DST states,10,8,21,40,16,95,101,2021,37,-201,1
2021-04-20,AZ+HI,0,0,0,0,0,0,0,2021,37,-201,1
2021-04-21,DST states,14,16,21,19,13,84,91,2021,38,-200,2
2021-04-21,AZ+HI,0,0,0,0,0,0,0,2021,38,-200,2
2021-04-22,DST states,9,24,20,39,15,109,120,2021,39,-199,3
2021-04-22,AZ+HI,0,0,0,0,0,0,0,2021,39,-199,3
2021-04-23,DST states,9,16,16,37,23,103,118,2021,40,-198,4
2021-04-23,AZ+HI,0,0,0,0,0,0,0,2021,40,-198,4
2021-04-24,DST states,36,11,22,37,21,129,151,2021,41,-197,5
2021-04-24,AZ+HI,0,0,0,0,0,0,0,2021,41,-197,5
2021-04-25,DST states,27,17,14,42,15,118,126,2021,42,-196,6
2021-04-25,AZ+HI,0,0,0,0,0,0,0,2021,42,-196,6
2021-04-26,DST states,17,9,21,31,20,99,106,2021,43,-195,0
2021-04-26,AZ+HI,0,0,0,0,0,0,0,2021,43,-195,0
2021-04-27,DST states,16,16,13,39,19,103,114,2021,44,-194,1
2021-04-27,AZ+HI,0,0,0,0,0,0,0,2021,44,-194,1
2021-04-28,DST states,10,18,13,31,14,88,96,2021,45,-193,2
2021-04-28,AZ+HI,0,0,0,0,0,0,0,2021,45,-193,2
2021-04-29,DST states,13,10,21,38,18,101,111,2021,46,-192,3
2021-04-29,AZ+HI,0,0,0,0,0,0,0,2021,46,-192,3
2021-04-30,DST states,9,16,24,34,15,100,111,2021,47,-191,4
2021-04-30,AZ+HI,0,0,0,0,0,0,0,2021,47,-191,4
2021-05-01,DST states,32,13,13,51,29,141,157,2021,48,-190,5
2021-05-01,AZ+HI,0,0,0,0,0,0,0,2021,48,-190,5
2021-05-02,DST states,31,17,35,28,17,129,141,2021,49,-189,6
2021-05-02,AZ+HI,0,0,0,0,0,0,0,2021,49,-189,6
2021-05-03,DST states,20,16,25,35,15,111,115,2021,50,-188,0
2021-05-03,AZ+HI,0,0,0,0,0,0,0,2021,50,-188,0
2021-05-04,DST states,22,17,23,21,18,101,115,2021,51,-187,1
2021-05-04,AZ+HI,0,0,0,0,0,0,0,2021,51,-187,1
2021-05-05,DST states,8,12,20,24,16,81,87,2021,52,-186,2
2021-05-05,AZ+HI,0,0,0,0,0,0,0,2021,52,-186,2
2021-05-06,DST states,16,20,20,22,12,91,95,2021,53,-185,3
2021-05-06,AZ+HI,0,0,0,0,0,0,0,2021,53,-185,3
2021-05-07,DST states,26,11,25,43,20,125,136,2021,54,-184,4
2021-05-07,AZ+HI,0,0,0,0,0,0,0,2021,54,-184,4
2021-05-08,DST states,34,10,27,25,33,132,151,2021,55,-183,5
2021-05-08,AZ+HI,0,0,0,0,0,0,0,2021,55,-183,5
2021-05-09,DST states,33,14,20,28,21,116,126,2021,56,-182,6
2021-05-09,AZ+HI,0,0,0,0,0,0,0,2021,56,-182,6
2021-05-10,DST states,17,18,18,26,21,101,109,2021,57,-181,0
2021-05-10,AZ+HI,0,0,0,0,0,0,0,2021,57,-181,0
2021-05-11,DST states,6,14,22,25,11,79,82,2021,58,-180,1
2021-05-11,AZ+HI,0,0,0,0,0,0,0,2021,58,-180,1
2021-05-12,DST states,8,10,9,34,10,72,78,2021,59,-179,2
2021-05-12,AZ+HI,0,0,0,0,0,0,0,2021,59,-179,2
2021-05-13,DST states,9,9,19,38,16,91,104,2021,60,-178,3
2021-05-13,AZ+HI,0,0,0,0,0,0,0,2021,60,-178,3
2021-05-14,DST states,13,10,26,47,26,123,133,2021,61,-177,4
2021-05-14,AZ+HI,0,0,0,0,0,0,0,2021,61,-177,4
2021-05-15,DST states,37,21,25,52,25,160,166,2021,62,-176,5
2021-05-15,AZ+HI,0,0,0,0,0,0,0,2021,62,-176,5
2021-05-16,DST states,27,9,29,37,24,128,133,2021,63,-175,6
2021-05-16,AZ+HI,0,0,0,0,0,0,0,2021,63,-175,6
2021-05-17,DST states,8,16,25,20,11,83,89,2021,64,-174,0
2021-05-17,AZ+HI,0,0,0,0,0,0,0,2021,64,-174,0
2021-05-18,DST states,11,15,22,26,18,93,100,2021,65,-173,1
2021-05-18,AZ+HI,0,0,0,0,0,0,0,2021,65,-173,1
2021-05-19,DST states,7,19,20,31,15,94,104,2021,66,-172,2
2021-05-19,AZ+HI,0,0,0,0,0,0,0,2021,66,-172,2
2021-05-20,DST states,14,16,20,43,24,117,127,2021,67,-171,3
2021-05-20,AZ+HI,0,0,0,0,0,0,0,2021,67,-171,3
2021-05-21,DST states,23,8,24,45,32,132,153,2021,68,-170,4
2021-05-21,AZ+HI,0,0,0,0,0,0,0,2021,68,-170,4
2021-05-22,DST states,40,9,23,41,26,140,153,2021,69,-169,5
2021-05-22,AZ+HI,0,0,0,0,0,0,0,2021,69,-169,5
2021-05-23,DST states,30,19,28,37,11,126,136,2021,70,-168,6
2021-05-23,AZ+HI,0,0,0,0,0,0,0,2021,70,-168,6
2021-05-24,DST states,18,16,20,35,15,104,107,2021,71,-167,0
2021-05-24,AZ+HI,0,0,0,0,0,0,0,2021,71,-167,0
2021-05-25,DST states,10,12,26,26,17,92,103,2021,72,-166,1
2021-05-25,AZ+HI,0,0,0,0,0,0,0,2021,72,-166,1
2021-05-26,DST states,17,10,21,32,22,103,113,2021,73,-165,2
2021-05-26,AZ+HI,0,0,0,0,0,0,0,2021,73,-165,2
2021-05-27,DST states,15,17,20,35,19,106,125,2021,74,-164,3
2021-05-27,AZ+HI,0,0,0,0,0,0,0,2021,74,-164,3
2021-05-28,DST states,11,12,31,36,23,113,120,2021,75,-163,4
2021-05-28,AZ+HI,0,0,0,0,0,0,0,2021,75,-163,4
2021-05-29,DST states,22,13,24,36,19,114,135,2021,76,-162,5
2021-05-29,AZ+HI,0,0,0,0,0,0,0,2021,76,-162,5
2021-05-30,DST states,36,12,18,38,15,119,146,2021,77,-161,6
2021-05-30,AZ+HI,0,0,0,0,0,0,0,2021,77,-161,6
2021-05-31,DST states,18,13,22,45,25,123,132,2021,78,-160,0
2021-05-31,AZ+HI,0,0,0,0,0,0,0,2021,78,-160,0
2021-06-01,DST states,18,17,16,36,19,106,115,2021,79,-159,1
2021-06-01,AZ+HI,0,0,0,0,0,0,0,2021,79,-159,1
2021-06-02,DST states,13,12,20,19,20,87,91,2021,80,-158,2
2021-06-02,AZ+HI,0,0,0,0,0,0,0,2021,80,-158,2
2021-06-03,DST states,12,18,23,28,17,98,108,2021,81,-157,3
2021-06-03,AZ+HI,0,0,0,0,0,0,0,2021,81,-157,3
2021-06-04,DST states,17,22,18,46,33,137,158,2021,82,-156,4
2021-06-04,AZ+HI,0,0,0,0,0,0,0,2021,82,-156,4
2021-06-05,DST states,39,17,28,38,39,163,181,2021,83,-155,5
2021-06-05,AZ+HI,0,0,0,0,0,0,0,2021,83,-155,5
2021-06-06,DST states,36,9,29,48,20,144,151,2021,84,-154,6
2021-06-06,AZ+HI,0,0,0,0,0,0,0,2021,84,-154,6
2021-06-07,DST states,17,15,28,29,18,109,118,2021,85,-153,0
2021-06-07,AZ+HI,0,0,0,0,0,0,0,2021,85,-153,0
2021-06-08,DST states,14,14,28,25,16,98,109,2021,86,-152,1
2021-06-08,AZ+HI,0,0,0,0,0,0,0,2021,86,-152,1
2021-06-09,DST states,17,14,20,33,23,107,115,2021,87,-151,2
2021-06-09,AZ+HI,0,0,0,0,0,0,0,2021,87,-151,2
2021-06-10,DST states,20,19,24,40,22,125,141,2021,88,-150,3
2021-06-10,AZ+HI,0,0,0,0,0,0,0,2021,88,-150,3
2021-06-11,DST states,12,13,28,36,18,108,115,2021,89,-149,4
2021-06-11,AZ+HI,0,0,0,0,0,0,0,2021,89,-149,4
2021-06-12,DST states,36,16,23,42,25,143,159,2021,90,-148,5
2021-06-12,AZ+HI,0,0,0,0,0,0,0,2021,90,-148,5
2021-06-13,DST states,38,15,22,41,21,137,147,2021,91,-147,6
2021-06-13,AZ+HI,0,0,0,0,0,0,0,2021,91,-147,6
2021-06-14,DST states,13,10,16,40,16,97,109,2021,92,-146,0
2021-06-14,AZ+HI,0,0,0,0,0,0,0,2021,92,-146,0
2021-06-15,DST states,13,17,14,31,12,87,93,2021,93,-145,1
2021-06-15,AZ+HI,0,0,0,0,0,0,0,2021,93,-145,1
2021-06-16,DST states,14,20,23,35,19,111,117,2021,94,-144,2
2021-06-16,AZ+HI,0,0,0,0,0,0,0,2021,94,-144,2
2021-06-17,DST states,14,12,25,44,11,107,116,2021,95,-143,3
2021-06-17,AZ+HI,0,0,0,0,0,0,0,2021,95,-143,3
2021-06-18,DST states,16,14,26,34,28,120,136,2021,96,-142,4
2021-06-18,AZ+HI,0,0,0,0,0,0,0,2021,96,-142,4
2021-06-19,DST states,35,20,27,44,28,155,179,2021,97,-141,5
2021-06-19,AZ+HI,0,0,0,0,0,0,0,2021,97,-141,5
2021-06-20,DST states,37,17,21,30,19,124,137,2021,98,-140,6
2021-06-20,AZ+HI,0,0,0,0,0,0,0,2021,98,-140,6
2021-06-21,DST states,14,14,21,22,15,86,90,2021,99,-139,0
2021-06-21,AZ+HI,0,0,0,0,0,0,0,2021,99,-139,0
2021-06-22,DST states,13,6,27,34,21,101,112,2021,100,-138,1
2021-06-22,AZ+HI,0,0,0,0,0,0,0,2021,100,-138,1
2021-06-23,DST states,19,16,21,33,14,103,111,2021,101,-137,2
2021-06-23,AZ+HI,0,0,0,0,0,0,0,2021,101,-137,2
2021-06-24,DST states,19,14,21,38,19,111,120,2021,102,-136,3
2021-06-24,AZ+HI,0,0,0,0,0,0,0,2021,102,-136,3
2021-06-25,DST states,20,27,28,34,23,132,149,2021,103,-135,4
2021-06-25,AZ+HI,0,0,0,0,0,0,0,2021,103,-135,4
2021-06-26,DST states,30,12,20,40,31,134,142,2021,104,-134,5
2021-06-26,AZ+HI,0,0,0,0,0,0,0,2021,104,-134,5
2021-06-27,DST states,38,15,21,32,22,130,141,2021,105,-133,6
2021-06-27,AZ+HI,0,0,0,0,0,0,0,2021,105,-133,6
2021-06-28,DST states,13,17,25,38,20,114,130,2021,106,-132,0
2021-06-28,AZ+HI,0,0,0,0,0,0,0,2021,106,-132,0
2021-06-29,DST states,17,17,18,30,16,98,105,2021,107,-131,1
2021-06-29,AZ+HI,0,0,0,0,0,0,0,2021,107,-131,1
2021-06-30,DST states,15,12,25,39,20,111,113,2021,108,-130,2
2021-06-30,AZ+HI,0,0,0,0,0,0,0,2021,108,-130,2
2021-07-01,DST states,16,18,21,35,12,103,114,2021,109,-129,3
2021-07-01,AZ+HI,0,0,0,0,0,0,0,2021,109,-129,3
2021-07-02,DST states,18,13,20,40,28,120,133,2021,110,-128,4
2021-07-02,AZ+HI,0,0,0,0,0,0,0,2021,110,-128,4
2021-07-03,DST states,40,26,27,34,28,156,166,2021,111,-127,5
2021-07-03,AZ+HI,0,0,0,0,0,0,0,2021,111,-127,5
2021-07-04,DST states,36,15,25,40,40,160,173,2021,112,-126,6
2021-07-04,AZ+HI,0,0,0,0,0,0,0,2021,112,-126,6
2021-07-05,DST states,39,6,18,28,24,116,128,2021,113,-125,0
2021-07-05,AZ+HI,0,0,0,0,0,0,0,2021,113,-125,0
2021-07-06,DST states,18,10,24,28,12,93,99,2021,114,-124,1
2021-07-06,AZ+HI,0,0,0,0,0,0,0,2021,114,-124,1
2021-07-07,DST states,14,10,13,33,16,88,106,2021,115,-123,2
2021-07-07,AZ+HI,0,0,0,0,0,0,0,2021,115,-123,2
2021-07-08,DST states,15,20,17,21,16,89,95,2021,116,-122,3
2021-07-08,AZ+HI,0,0,0,0,0,0,0,2021,116,-122,3
2021-07-09,DST states,17,18,20,44,25,125,131,2021,117,-121,4
2021-07-09,AZ+HI,0,0,0,0,0,0,0,2021,117,-121,4
2021-07-10,DST states,25,12,34,24,27,124,130,2021,118,-120,5
2021-07-10,AZ+HI,0,0,0,0,0,0,0,2021,118,-120,5
2021-07-11,DST states,39,16,21,35,19,131,140,2021,119,-119,6
2021-07-11,AZ+HI,0,0,0,0,0,0,0,2021,119,-119,6
2021-07-12,DST states,16,14,17,25,19,92,101,2021,120,-118,0
2021-07-12,AZ+HI,0,0,0,0,0,0,0,2021,120,-118,0
2021-07-13,DST states,19,12,16,33,17,100,108,2021,121,-117,1
2021-07-13,AZ+HI,0,0,0,0,0,0,0,2021,121,-117,1
2021-07-14,DST states,10,11,15,24,12,74,78,2021,122,-116,2
2021-07-14,AZ+HI,0,0,0,0,0,0,0,2021,122,-116,2
2021-07-15,DST states,14,17,19,39,24,113,130,2021,123,-115,3
2021-07-15,AZ+HI,0,0,0,0,0,0,0,2021,123,-115,3
2021-07-16,DST states,21,18,25,32,28,125,132,2021,124,-114,4
2021-07-16,AZ+HI,0,0,0,0,0,0,0,2021,124,-114,4
2021-07-17,DST states,39,10,21,27,18,115,129,2021,125,-113,5
2021-07-17,AZ+HI,0,0,0,0,0,0,0,2021,125,-113,5
2021-07-18,DST states,45,14,24,33,17,134,143,2021,126,-112,6
2021-07-18,AZ+HI,0,0,0,0,0,0,0,2021,126,-112,6
2021-07-19,DST states,18,19,22,32,18,109,111,2021,127,-111,0
2021-07-19,AZ+HI,0,0,0,0,0,0,0,2021,127,-111,0
2021-07-20,DST states,8,20,18,32,15,94,99,2021,128,-110,1
2021-07-20,AZ+HI,0,0,0,0,0,0,0,2021,128,-110,1
2021-07-21,DST states,11,14,22,32,19,99,104,2021,129,-109,2
2021-07-21,AZ+HI,0,0,0,0,0,0,0,2021,129,-109,2
2021-07-22,DST states,10,25,21,23,19,98,108,2021,130,-108,3
2021-07-22,AZ+HI,0,0,0,0,0,0,0,2021,130,-108,3
2021-07-23,DST states,24,11,29,29,22,115,120,2021,131,-107,4
2021-07-23,AZ+HI,0,0,0,0,0,0,0,2021,131,-107,4
2021-07-24,DST states,29,16,17,48,35,146,165,2021,132,-106,5
2021-07-24,AZ+HI,0,0,0,0,0,0,0,2021,132,-106,5
2021-07-25,DST states,30,16,17,46,11,123,148,2021,133,-105,6
2021-07-25,AZ+HI,0,0,0,0,0,0,0,2021,133,-105,6
2021-07-26,DST states,28,21,16,31,20,116,126,2021,134,-104,0
2021-07-26,AZ+HI,0,0,0,0,0,0,0,2021,134,-104,0
2021-07-27,DST states,7,8,21,36,20,92,99,2021,135,-103,1
2021-07-27,AZ+HI,0,0,0,0,0,0,0,2021,135,-103,1
2021-07-28,DST states,13,19,24,34,18,108,113,2021,136,-102,2
2021-07-28,AZ+HI,0,0,0,0,0,0,0,2021,136,-102,2
2021-07-29,DST states,20,16,18,41,19,115,122,2021,137,-101,3
2021-07-29,AZ+HI,0,0,0,0,0,0,0,2021,137,-101,3
2021-07-30,DST states,13,22,28,53,38,155,170,2021,138,-100,4
2021-07-30,AZ+HI,0,0,0,0,0,0,0,2021,138,-100,4
2021-07-31,DST states,40,17,31,43,26,158,183,2021,139,-99,5
2021-07-31,AZ+HI,0,0,0,0,0,0,0,2021,139,-99,5
2021-08-01,DST states,54,15,20,29,24,144,150,2021,140,-98,6
2021-08-01,AZ+HI,0,0,0,0,0,0,0,2021,140,-98,6
2021-08-02,DST states,22,16,25,27,19,111,128,2021,141,-97,0
2021-08-02,AZ+HI,0,0,0,0,0,0,0,2021,141,-97,0
2021-08-03,DST states,15,14,20,38,23,110,119,2021,142,-96,1
2021-08-03,AZ+HI,0,0,0,0,0,0,0,2021,142,-96,1
2021-08-04,DST states,15,19,22,35,18,109,127,2021,143,-95,2
2021-08-04,AZ+HI,0,0,0,0,0,0,0,2021,143,-95,2
2021-08-05,DST states,12,15,39,32,27,127,136,2021,144,-94,3
2021-08-05,AZ+HI,0,0,0,0,0,0,0,2021,144,-94,3
2021-08-06,DST states,27,7,26,42,31,134,143,2021,145,-93,4
2021-08-06,AZ+HI,0,0,0,0,0,0,0,2021,145,-93,4
2021-08-07,DST states,47,22,24,51,34,179,205,2021,146,-92,5
2021-08-07,AZ+HI,0,0,0,0,0,0,0,2021,146,-92,5
2021-08-08,DST states,38,28,17,45,20,150,158,2021,147,-91,6
2021-08-08,AZ+HI,0,0,0,0,0,0,0,2021,147,-91,6
2021-08-09,DST states,21,23,17,25,9,95,100,2021,148,-90,0
2021-08-09,AZ+HI,0,0,0,0,0,0,0,2021,148,-90,0
2021-08-10,DST states,8,17,19,36,18,100,103,2021,149,-89,1
2021-08-10,AZ+HI,0,0,0,0,0,0,0,2021,149,-89,1
2021-08-11,DST states,11,16,12,36,21,98,108,2021,150,-88,2
2021-08-11,AZ+HI,0,0,0,0,0,0,0,2021,150,-88,2
2021-08-12,DST states,21,16,19,27,21,104,109,2021,151,-87,3
2021-08-12,AZ+HI,0,0,0,0,0,0,0,2021,151,-87,3
2021-08-13,DST states,17,21,20,35,27,120,129,2021,152,-86,4
2021-08-13,AZ+HI,0,0,0,0,0,0,0,2021,152,-86,4
2021-08-14,DST states,32,13,17,38,31,131,138,2021,153,-85,5
2021-08-14,AZ+HI,0,0,0,0,0,0,0,2021,153,-85,5
2021-08-15,DST states,44,14,21,41,21,144,156,2021,154,-84,6
2021-08-15,AZ+HI,0,0,0,0,0,0,0,2021,154,-84,6
2021-08-16,DST states,19,20,20,33,8,102,114,2021,155,-83,0
2021-08-16,AZ+HI,0,0,0,0,0,0,0,2021,155,-83,0
2021-08-17,DST states,16,17,15,35,15,98,104,2021,156,-82,1
2021-08-17,AZ+HI,0,0,0,0,0,0,0,2021,156,-82,1
2021-08-18,DST states,15,19,28,33,16,112,121,2021,157,-81,2
2021-08-18,AZ+HI,0,0,0,0,0,0,0,2021,157,-81,2
2021-08-19,DST states,20,19,28,30,22,120,127,2021,158,-80,3
2021-08-19,AZ+HI,0,0,0,0,0,0,0,2021,158,-80,3
2021-08-20,DST states,15,19,18,35,31,118,131,2021,159,-79,4
2021-08-20,AZ+HI,0,0,0,0,0,0,0,2021,159,-79,4
2021-08-21,DST states,41,16,28,36,20,141,145,2021,160,-78,5
2021-08-21,AZ+HI,0,0,0,0,0,0,0,2021,160,-78,5
2021-08-22,DST states,31,15,18,53,19,136,151,2021,161,-77,6
2021-08-22,AZ+HI,0,0,0,0,0,0,0,2021,161,-77,6
2021-08-23,DST states,16,15,15,26,21,93,102,2021,162,-76,0
2021-08-23,AZ+HI,0,0,0,0,0,0,0,2021,162,-76,0
2021-08-24,DST states,19,25,30,31,16,123,126,2021,163,-75,1
2021-08-24,AZ+HI,0,0,0,0,0,0,0,2021,163,-75,1
2021-08-25,DST states,16,16,28,35,16,111,122,2021,164,-74,2
2021-08-25,AZ+HI,0,0,0,0,0,0,0,2021,164,-74,2
2021-08-26,DST states,11,15,24,39,19,109,116,2021,165,-73,3
2021-08-26,AZ+HI,0,0,0,0,0,0,0,2021,165,-73,3
2021-08-27,DST states,17,15,33,34,33,133,143,2021,166,-72,4
2021-08-27,AZ+HI,0,0,0,0,0,0,0,2021,166,-72,4
2021-08-28,DST states,32,16,24,52,30,155,166,2021,167,-71,5
2021-08-28,AZ+HI,0,0,0,0,0,0,0,2021,167,-71,5
2021-08-29,DST states,38,9,22,46,18,134,142,2021,168,-70,6
2021-08-29,AZ+HI,0,0,0,0,0,0,0,2021,168,-70,6
2021-08-30,DST states,18,23,18,30,19,108,117,2021,169,-69,0
2021-08-30,AZ+HI,0,0,0,0,0,0,0,2021,169,-69,0
2021-08-31,DST states,10,14,22,33,14,96,108,2021,170,-68,1
2021-08-31,AZ+HI,0,0,0,0,0,0,0,2021,170,-68,1
2021-09-01,DST states,11,23,20,31,15,102,105,2021,171,-67,2
2021-09-01,AZ+HI,0,0,0,0,0,0,0,2021,171,-67,2
2021-09-02,DST states,16,17,24,36,24,117,124,2021,172,-66,3
2021-09-02,AZ+HI,0,0,0,0,0,0,0,2021,172,-66,3
2021-09-03,DST states,16,24,22,38,23,125,145,2021,173,-65,4
2021-09-03,AZ+HI,0,0,0,0,0,0,0,2021,173,-65,4
2021-09-04,DST states,30,16,23,58,29,156,165,2021,174,-64,5
2021-09-04,AZ+HI,0,0,0,0,0,0,0,2021,174,-64,5
2021-09-05,DST states,39,13,22,46,20,141,152,2021,175,-63,6
2021-09-05,AZ+HI,0,0,0,0,0,0,0,2021,175,-63,6
2021-09-06,DST states,25,21,25,45,14,131,141,2021,176,-62,0
2021-09-06,AZ+HI,0,0,0,0,0,0,0,2021,176,-62,0
2021-09-07,DST states,19,18,29,33,14,114,119,2021,177,-61,1
2021-09-07,AZ+HI,0,0,0,0,0,0,0,2021,177,-61,1
2021-09-08,DST states,14,17,28,28,23,110,121,2021,178,-60,2
2021-09-08,AZ+HI,0,0,0,0,0,0,0,2021,178,-60,2
2021-09-09,DST states,15,17,22,24,13,91,97,2021,179,-59,3
2021-09-09,AZ+HI,0,0,0,0,0,0,0,2021,179,-59,3
2021-09-10,DST states,12,32,19,50,26,140,147,2021,180,-58,4
2021-09-10,AZ+HI,0,0,0,0,0,0,0,2021,180,-58,4
2021-09-11,DST states,35,20,37,46,23,162,175,2021,181,-57,5
2021-09-11,AZ+HI,0,0,0,0,0,0,0,2021,181,-57,5
2021-09-12,DST states,48,14,24,36,15,137,151,2021,182,-56,6
2021-09-12,AZ+HI,0,0,0,0,0,0,0,2021,182,-56,6
2021-09-13,DST states,9,20,19,52,13,115,122,2021,183,-55,0
2021-09-13,AZ+HI,0,0,0,0,0,0,0,2021,183,-55,0
2021-09-14,DST states,8,19,20,29,19,97,102,2021,184,-54,1
2021-09-14,AZ+HI,0,0,0,0,0,0,0,2021,184,-54,1
2021-09-15,DST states,6,24,16,37,13,97,101,2021,185,-53,2
2021-09-15,AZ+HI,0,0,0,0,0,0,0,2021,185,-53,2
2021-09-16,DST states,17,23,21,43,16,121,123,2021,186,-52,3
2021-09-16,AZ+HI,0,0,0,0,0,0,0,2021,186,-52,3
2021-09-17,DST states,19,23,23,42,32,140,147,2021,187,-51,4
2021-09-17,AZ+HI,0,0,0,0,0,0,0,2021,187,-51,4
2021-09-18,DST states,32,17,30,40,26,145,155,2021,188,-50,5
2021-09-18,AZ+HI,0,0,0,0,0,0,0,2021,188,-50,5
2021-09-19,DST states,45,18,23,39,19,145,153,2021,189,-49,6
2021-09-19,AZ+HI,0,0,0,0,0,0,0,2021,189,-49,6
2021-09-20,DST states,18,21,31,29,9,109,120,2021,190,-48,0
2021-09-20,AZ+HI,0,0,0,0,0,0,0,2021,190,-48,0
2021-09-21,DST states,13,18,22,34,7,94,102,2021,191,-47,1
2021-09-21,AZ+HI,0,0,0,0,0,0,0,2021,191,-47,1
2021-09-22,DST states,11,18,18,35,16,98,106,2021,192,-46,2
2021-09-22,AZ+HI,0,0,0,0,0,0,0,2021,192,-46,2
2021-09-23,DST states,14,20,27,33,13,107,112,2021,193,-45,3
2021-09-23,AZ+HI,0,0,0,0,0,0,0,2021,193,-45,3
2021-09-24,DST states,18,20,19,45,24,128,133,2021,194,-44,4
2021-09-24,AZ+HI,0,0,0,0,0,0,0,2021,194,-44,4
2021-09-25,DST states,25,19,27,33,24,129,136,2021,195,-43,5
2021-09-25,AZ+HI,0,0,0,0,0,0,0,2021,195,-43,5
2021-09-26,DST states,45,10,18,48,16,138,149,2021,196,-42,6
2021-09-26,AZ+HI,0,0,0,0,0,0,0,2021,196,-42,6
2021-09-27,DST states,23,25,23,52,13,138,143,2021,197,-41,0
2021-09-27,AZ+HI,0,0,0,0,0,0,0,2021,197,-41,0
2021-09-28,DST states,9,28,20,42,15,115,119,2021,198,-40,1
2021-09-28,AZ+HI,0,0,0,0,0,0,0,2021,198,-40,1
2021-09-29,DST states,11,20,18,38,13,102,112,2021,199,-39,2
2021-09-29,AZ+HI,0,0,0,0,0,0,0,2021,199,-39,2
2021-09-30,DST states,12,25,11,36,11,97,103,2021,200,-38,3
2021-09-30,AZ+HI,0,0,0,0,0,0,0,2021,200,-38,3
2021-10-01,DST states,17,26,30,49,32,155,166,2021,201,-37,4
2021-10-01,AZ+HI,0,0,0,0,0,0,0,2021,201,-37,4
2021-10-02,DST states,29,21,26,27,30,136,146,2021,202,-36,5
2021-10-02,AZ+HI,0,0,0,0,0,0,0,2021,202,-36,5
2021-10-03,DST states,34,19,21,44,17,135,151,2021,203,-35,6
2021-10-03,AZ+HI,0,0,0,0,0,0,0,2021,203,-35,6
2021-10-04,DST states,18,23,22,30,13,106,111,2021,204,-34,0
2021-10-04,AZ+HI,0,0,0,0,0,0,0,2021,204,-34,0
2021-10-05,DST states,11,13,10,37,13,87,99,2021,205,-33,1
2021-10-05,AZ+HI,0,0,0,0,0,0,0,2021,205,-33,1
2021-10-06,DST states,16,15,19,36,16,102,107,2021,206,-32,2
2021-10-06,AZ+HI,0,0,0,0,0,0,0,2021,206,-32,2
2021-10-07,DST states,19,22,21,46,22,132,138,2021,207,-31,3
2021-10-07,AZ+HI,0,0,0,0,0,0,0,2021,207,-31,3
2021-10-08,DST states,13,22,33,58,26,153,164,2021,208,-30,4
2021-10-08,AZ+HI,0,0,0,0,0,0,0,2021,208,-30,4
2021-10-09,DST states,29,18,19,47,24,139,159,2021,209,-29,5
2021-10-09,AZ+HI,0,0,0,0,0,0,0,2021,209,-29,5
2021-10-10,DST states,37,11,27,59,15,150,161,2021,210,-28,6
2021-10-10,AZ+HI,0,0,0,0,0,0,0,2021,210,-28,6
2021-10-11,DST states,21,18,18,30,19,107,112,2021,211,-27,0
2021-10-11,AZ+HI,0,0,0,0,0,0,0,2021,211,-27,0
2021-10-12,DST states,8,16,22,30,12,88,89,2021,212,-26,1
2021-10-12,AZ+HI,0,0,0,0,0,0,0,2021,212,-26,1
2021-10-13,DST states,11,19,21,43,10,104,112,2021,213,-25,2
2021-10-13,AZ+HI,0,0,0,0,0,0,0,2021,213,-25,2
2021-10-14,DST states,14,21,22,36,20,113,116,2021,214,-24,3
2021-10-14,AZ+HI,0,0,0,0,0,0,0,2021,214,-24,3
2021-10-15,DST states,20,20,22,49,25,136,145,2021,215,-23,4
2021-10-15,AZ+HI,0,0,0,0,0,0,0,2021,215,-23,4
2021-10-16,DST states,35,20,22,52,30,160,172,2021,216,-22,5
2021-10-16,AZ+HI,0,0,0,0,0,0,0,2021,216,-22,5
2021-10-17,DST states,38,23,24,49,16,154,176,2021,217,-21,6
2021-10-17,AZ+HI,0,0,0,0,0,0,0,2021,217,-21,6
2021-10-18,DST states,16,20,26,28,4,95,105,2021,218,-20,0
2021-10-18,AZ+HI,0,0,0,0,0,0,0,2021,218,-20,0
2021-10-19,DST states,7,25,23,31,12,98,103,2021,219,-19,1
2021-10-19,AZ+HI,0,0,0,0,0,0,0,2021,219,-19,1
2021-10-20,DST states,14,18,24,40,10,106,110,2021,220,-18,2
2021-10-20,AZ+HI,0,0,0,0,0,0,0,2021,220,-18,2
2021-10-21,DST states,15,21,25,39,12,112,116,2021,221,-17,3
2021-10-21,AZ+HI,0,0,0,0,0,0,0,2021,221,-17,3
2021-10-22,DST states,18,24,27,50,24,144,158,2021,222,-16,4
2021-10-22,AZ+HI,0,0,0,0,0,0,0,2021,222,-16,4
2021-10-23,DST states,33,6,23,44,32,138,148,2021,223,-15,5
2021-10-23,AZ+HI,0,0,0,0,0,0,0,2021,223,-15,5
2021-10-24,DST states,40,13,11,42,18,124,135,2021,224,-14,6
2021-10-24,AZ+HI,0,0,0,0,0,0,0,2021,224,-14,6
2021-10-25,DST states,15,18,28,34,12,107,113,2021,225,-13,0
2021-10-25,AZ+HI,0,0,0,0,0,0,0,2021,225,-13,0
2021-10-26,DST states,10,18,20,33,13,96,101,2021,226,-12,1
2021-10-26,AZ+HI,0,0,0,0,0,0,0,2021,226,-12,1
2021-10-27,DST states,8,22,15,32,10,88,94,2021,227,-11,2
2021-10-27,AZ+HI,0,0,0,0,0,0,0,2021,227,-11,2
2021-10-28,DST states,18,20,15,34,20,108,114,2021,228,-10,3
2021-10-28,AZ+HI,0,0,0,0,0,0,0,2021,228,-10,3
2021-10-29,DST states,21,27,22,60,31,161,184,2021,229,-9,4
2021-10-29,AZ+HI,0,0,0,0,0,0,0,2021,229,-9,4
2021-10-30,DST states,36,17,23,46,19,143,165,2021,230,-8,5
2021-10-30,AZ+HI,0,0,0,0,0,0,0,2021,230,-8,5
2021-10-31,DST states,49,17,24,39,15,145,156,2021,231,-7,6
2021-10-31,AZ+HI,0,0,0,0,0,0,0,2021,231,-7,6
2021-11-01,DST states,23,17,21,34,14,110,120,2021,232,-6,0
2021-11-01,AZ+HI,0,0,0,0,0,0,0,2021,232,-6,0
2021-11-02,DST states,16,17,19,46,9,107,116,2021,233,-5,1
2021-11-02,AZ+HI,0,0,0,0,0,0,0,2021,233,-5,1
2021-11-03,DST states,9,23,25,36,12,105,112,2021,234,-4,2
2021-11-03,AZ+HI,0,0,0,0,0,0,0,2021,234,-4,2
2021-11-04,DST states,10,29,19,38,17,113,124,2021,235,-3,3
2021-11-04,AZ+HI,0,0,0,0,0,0,0,2021,235,-3,3
2021-11-05,DST states,16,24,22,40,23,127,140,2021,236,-2,4
2021-11-05,AZ+HI,0,0,0,0,0,0,0,2021,236,-2,4
2021-11-06,DST states,40,23,14,60,22,159,169,2021,237,-1,5
2021-11-06,AZ+HI,0,0,0,0,0,0,0,2021,237,-1,5
2021-11-07,DST states,34,18,25,41,10,129,139,2021,238,0,6
2021-11-07,AZ+HI,0,0,0,0,0,0,0,2021,238,0,6
2021-11-08,DST states,15,24,15,41,9,105,113,2021,239,1,0
2021-11-08,AZ+HI,0,0,0,0,0,0,0,2021,239,1,0
2021-11-09,DST states,12,22,25,42,10,112,119,2021,240,2,1
2021-11-09,AZ+HI,0,0,0,0,0,0,0,2021,240,2,1
2021-11-10,DST states,4,26,26,41,12,112,121,2021,241,3,2
2021-11-10,AZ+HI,0,0,0,0,0,0,0,2021,241,3,2
2021-11-11,DST states,14,15,12,36,18,96,101,2021,242,4,3
2021-11-11,AZ+HI,0,0,0,0,0,0,0,2021,242,4,3
2021-11-12,DST states,17,27,23,61,19,149,156,2021,243,5,4
2021-11-12,AZ+HI,0,0,0,0,0,0,0,2021,243,5,4
2021-11-13,DST states,22,14,13,49,22,120,128,2021,244,6,5
2021-11-13,AZ+HI,0,0,0,0,0,0,0,2021,244,6,5
2021-11-14,DST states,48,12,9,34,10,116,128,2021,245,7,6
2021-11-14,AZ+HI,0,0,0,0,0,0,0,2021,245,7,6
2021-11-15,DST states,23,13,17,37,6,96,105,2021,246,8,0
2021-11-15,AZ+HI,0,0,0,0,0,0,0,2021,246,8,0
2021-11-16,DST states,10,13,23,42,13,102,107,2021,247,9,1
2021-11-16,AZ+HI,0,0,0,0,0,0,0,2021,247,9,1
2021-11-17,DST states,13,17,11,49,15,105,113,2021,248,10,2
2021-11-17,AZ+HI,0,0,0,0,0,0,0,2021,248,10,2
2021-11-18,DST states,11,14,13,44,15,97,106,2021,249,11,3
2021-11-18,AZ+HI,0,0,0,0,0,0,0,2021,249,11,3
2021-11-19,DST states,15,24,22,43,20,124,140,2021,250,12,4
2021-11-19,AZ+HI,0,0,0,0,0,0,0,2021,250,12,4
2021-11-20,DST states,28,18,22,43,12,127,137,2021,251,13,5
2021-11-20,AZ+HI,0,0,0,0,0,0,0,2021,251,13,5
2021-11-21,DST states,26,11,17,27,16,97,104,2021,252,14,6
2021-11-21,AZ+HI,0,0,0,0,0,0,0,2021,252,14,6
2021-11-22,DST states,17,28,25,44,9,123,134,2021,253,15,0
2021-11-22,AZ+HI,0,0,0,0,0,0,0,2021,253,15,0
2021-11-23,DST states,8,25,17,53,11,114,128,2021,254,16,1
2021-11-23,AZ+HI,0,0,0,0,0,0,0,2021,254,16,1
2021-11-24,DST states,11,14,16,32,16,90,96,2021,255,17,2
2021-11-24,AZ+HI,0,0,0,0,0,0,0,2021,255,17,2
2021-11-25,DST states,28,12,15,40,10,106,126,2021,256,18,3
2021-11-25,AZ+HI,0,0,0,0,0,0,0,2021,256,18,3
2021-11-26,DST states,14,18,21,44,12,109,123,2021,257,19,4
2021-11-26,AZ+HI,0,0,0,0,0,0,0,2021,257,19,4
2021-11-27,DST states,29,13,20,26,21,109,116,2021,258,20,5
2021-11-27,AZ+HI,0,0,0,0,0,0,0,2021,258,20,5
2021-11-28,DST states,24,16,22,38,11,111,123,2021,259,21,6
2021-11-28,AZ+HI,0,0,0,0,0,0,0,2021,259,21,6
2021-11-29,DST states,14,20,20,41,14,109,113,2021,260,22,0
2021-11-29,AZ+HI,0,0,0,0,0,0,0,2021,260,22,0
2021-11-30,DST states,6,24,12,32,17,91,97,2021,261,23,1
2021-11-30,AZ+HI,0,0,0,0,0,0,0,2021,261,23,1
2021-12-01,DST states,9,12,23,59,8,111,119,2021,262,24,2
2021-12-01,AZ+HI,0,0,0,0,0,0,0,2021,262,24,2
2021-12-02,DST states,12,20,22,43,10,108,116,2021,263,25,3
2021-12-02,AZ+HI,0,0,0,0,0,0,0,2021,263,25,3
2021-12-03,DST states,15,19,26,54,14,128,133,2021,264,26,4
2021-12-03,AZ+HI,0,0,0,0,0,0,0,2021,264,26,4
2021-12-04,DST states,43,14,23,42,20,142,154,2021,265,27,5
2021-12-04,AZ+HI,0,0,0,0,0,0,0,2021,265,27,5
2021-12-05,DST states,27,16,21,42,15,122,127,2021,266,28,6
2021-12-05,AZ+HI,0,0,0,0,0,0,0,2021,266,28,6
2021-12-06,DST states,13,20,20,42,16,111,115,2021,267,29,0
2021-12-06,AZ+HI,0,0,0,0,0,0,0,2021,267,29,0
2021-12-07,DST states,14,21,27,35,14,111,120,2021,268,30,1
2021-12-07,AZ+HI,0,0,0,0,0,0,0,2021,268,30,1
2021-12-08,DST states,5,12,21,41,14,94,104,2021,269,31,2
2021-12-08,AZ+HI,0,0,0,0,0,0,0,2021,269,31,2
2021-12-09,DST states,9,21,20,28,14,93,96,2021,270,32,3
2021-12-09,AZ+HI,0,0,0,0,0,0,0,2021,270,32,3
2021-12-10,DST states,18,28,20,40,26,133,143,2021,271,33,4
2021-12-10,AZ+HI,0,0,0,0,0,0,0,2021,271,33,4
2021-12-11,DST states,34,11,21,50,16,133,146,2021,272,34,5
2021-12-11,AZ+HI,0,0,0,0,0,0,0,2021,272,34,5
2021-12-12,DST states,28,12,17,32,15,107,113,2021,273,35,6
2021-12-12,AZ+HI,0,0,0,0,0,0,0,2021,273,35,6
2021-12-13,DST states,5,15,13,42,9,85,89,2021,274,36,0
2021-12-13,AZ+HI,0,0,0,0,0,0,0,2021,274,36,0
2021-12-14,DST states,8,21,18,38,5,92,104,2021,275,37,1
2021-12-14,AZ+HI,0,0,0,0,0,0,0,2021,275,37,1
2021-12-15,DST states,10,15,13,30,13,81,87,2021,276,38,2
2021-12-15,AZ+HI,0,0,0,0,0,0,0,2021,276,38,2
2021-12-16,DST states,16,17,17,28,10,88,105,2021,277,39,3
2021-12-16,AZ+HI,0,0,0,0,0,0,0,2021,277,39,3
2021-12-17,DST states,20,23,27,61,22,153,168,2021,278,40,4
2021-12-17,AZ+HI,0,0,0,0,0,0,0,2021,278,40,4
2021-12-18,DST states,20,16,17,42,15,110,122,2021,279,41,5
2021-12-18,AZ+HI,0,0,0,0,0,0,0,2021,279,41,5
2021-12-19,DST states,28,15,9,41,11,104,114,2021,280,42,6
2021-12-19,AZ+HI,0,0,0,0,0,0,0,2021,280,42,6
2021-12-20,DST states,18,25,19,30,10,103,107,2021,281,43,0
2021-12-20,AZ+HI,0,0,0,0,0,0,0,2021,281,43,0
2021-12-21,DST states,8,16,17,38,13,92,98,2021,282,44,1
2021-12-21,AZ+HI,0,0,0,0,0,0,0,2021,282,44,1
2021-12-22,DST states,11,18,21,43,14,107,119,2021,283,45,2
2021-12-22,AZ+HI,0,0,0,0,0,0,0,2021,283,45,2
2021-12-23,DST states,20,13,17,38,24,114,117,2021,284,46,3
2021-12-23,AZ+HI,0,0,0,0,0,0,0,2021,284,46,3
2021-12-24,DST states,14,14,21,41,16,107,121,2021,285,47,4
2021-12-24,AZ+HI,0,0,0,0,0,0,0,2021,285,47,4
2021-12-25,DST states,26,9,19,34,14,104,110,2021,286,48,5
2021-12-25,AZ+HI,0,0,0,0,0,0,0,2021,286,48,5
2021-12-26,DST states,14,15,14,39,14,96,106,2021,287,49,6
2021-12-26,AZ+HI,0,0,0,0,0,0,0,2021,287,49,6
2021-12-27,DST states,18,13,21,38,15,105,115,2021,288,50,0
2021-12-27,AZ+HI,0,0,0,0,0,0,0,2021,288,50,0
2021-12-28,DST states,6,20,11,26,12,75,81,2021,289,51,1
2021-12-28,AZ+HI,0,0,0,0,0,0,0,2021,289,51,1
2021-12-29,DST states,10,9,18,34,13,85,93,2021,290,52,2
2021-12-29,AZ+HI,0,0,0,0,0,0,0,2021,290,52,2
2021-12-30,DST states,11,17,16,50,17,111,117,2021,291,53,3
2021-12-30,AZ+HI,0,0,0,0,0,0,0,2021,291,53,3
2021-12-31,DST states,8,16,14,47,18,104,108,2021,292,54,4
2021-12-31,AZ+HI,0,0,0,0,0,0,0,2021,292,54,4
2022-01-01,DST states,57,23,13,45,11,151,162,2022,-71,-309,5
2022-01-01,AZ+HI,0,0,0,0,0,0,0,2022,-71,-309,5
2022-01-02,DST states,11,17,17,26,8,79,88,2022,-70,-308,6
2022-01-02,AZ+HI,0,0,0,0,0,0,0,2022,-70,-308,6
2022-01-03,DST states,13,19,16,29,11,88,102,2022,-69,-307,0
2022-01-03,AZ+HI,0,0,0,0,0,0,0,2022,-69,-307,0
2022-01-04,DST states,9,20,23,32,12,97,101,2022,-68,-306,1
2022-01-04,AZ+HI,0,0,0,0,0,0,0,2022,-68,-306,1
2022-01-05,DST states,7,21,23,28,8,87,94,2022,-67,-305,2
2022-01-05,AZ+HI,0,0,0,0,0,0,0,2022,-67,-305,2
2022-01-06,DST states,9,16,15,28,17,85,97,2022,-66,-304,3
2022-01-06,AZ+HI,0,0,0,0,0,0,0,2022,-66,-304,3
2022-01-07,DST states,14,14,20,41,14,103,107,2022,-65,-303,4
2022-01-07,AZ+HI,0,0,0,0,0,0,0,2022,-65,-303,4
2022-01-08,DST states,24,12,24,38,14,112,125,2022,-64,-302,5
2022-01-08,AZ+HI,0,0,0,0,0,0,0,2022,-64,-302,5
2022-01-09,DST states,30,8,13,26,8,86,90,2022,-63,-301,6
2022-01-09,AZ+HI,0,0,0,0,0,0,0,2022,-63,-301,6
2022-01-10,DST states,9,17,20,27,14,88,97,2022,-62,-300,0
2022-01-10,AZ+HI,0,0,0,0,0,0,0,2022,-62,-300,0
2022-01-11,DST states,6,18,16,21,11,73,81,2022,-61,-299,1
2022-01-11,AZ+HI,0,0,0,0,0,0,0,2022,-61,-299,1
2022-01-12,DST states,9,17,23,30,8,87,93,2022,-60,-298,2
2022-01-12,AZ+HI,0,0,0,0,0,0,0,2022,-60,-298,2
2022-01-13,DST states,13,14,12,48,10,99,101,2022,-59,-297,3
2022-01-13,AZ+HI,0,0,0,0,0,0,0,2022,-59,-297,3
2022-01-14,DST states,15,19,20,35,17,107,115,2022,-58,-296,4
2022-01-14,AZ+HI,0,0,0,0,0,0,0,2022,-58,-296,4
2022-01-15,DST states,23,21,19,42,16,121,130,2022,-57,-295,5
2022-01-15,AZ+HI,0,0,0,0,0,0,0,2022,-57,-295,5
2022-01-16,DST states,34,6,17,26,12,95,104,2022,-56,-294,6
2022-01-16,AZ+HI,0,0,0,0,0,0,0,2022,-56,-294,6
2022-01-17,DST states,7,12,14,32,13,79,85,2022,-55,-293,0
2022-01-17,AZ+HI,0,0,0,0,0,0,0,2022,-55,-293,0
2022-01-18,DST states,10,19,16,23,7,77,81,2022,-54,-292,1
2022-01-18,AZ+HI,0,0,0,0,0,0,0,2022,-54,-292,1
2022-01-19,DST states,7,19,15,30,15,86,92,2022,-53,-291,2
2022-01-19,AZ+HI,0,0,0,0,0,0,0,2022,-53,-291,2
2022-01-20,DST states,9,18,16,34,7,85,89,2022,-52,-290,3
2022-01-20,AZ+HI,0,0,0,0,0,0,0,2022,-52,-290,3
2022-01-21,DST states,14,21,16,40,14,105,114,2022,-51,-289,4
2022-01-21,AZ+HI,0,0,0,0,0,0,0,2022,-51,-289,4
2022-01-22,DST states,27,13,12,36,22,111,130,2022,-50,-288,5
2022-01-22,AZ+HI,0,0,0,0,0,0,0,2022,-50,-288,5
2022-01-23,DST states,30,9,9,26,15,90,97,2022,-49,-287,6
2022-01-23,AZ+HI,0,0,0,0,0,0,0,2022,-49,-287,6
2022-01-24,DST states,17,20,18,38,12,105,109,2022,-48,-286,0
2022-01-24,AZ+HI,0,0,0,0,0,0,0,2022,-48,-286,0
2022-01-25,DST states,9,20,11,34,7,82,94,2022,-47,-285,1
2022-01-25,AZ+HI,0,0,0,0,0,0,0,2022,-47,-285,1
2022-01-26,DST states,12,19,7,24,9,72,78,2022,-46,-284,2
2022-01-26,AZ+HI,0,0,0,0,0,0,0,2022,-46,-284,2
2022-01-27,DST states,10,20,16,41,12,100,109,2022,-45,-283,3
2022-01-27,AZ+HI,0,0,0,0,0,0,0,2022,-45,-283,3
2022-01-28,DST states,20,23,16,32,20,111,121,2022,-44,-282,4
2022-01-28,AZ+HI,0,0,0,0,0,0,0,2022,-44,-282,4
2022-01-29,DST states,27,6,14,38,14,99,111,2022,-43,-281,5
2022-01-29,AZ+HI,0,0,0,0,0,0,0,2022,-43,-281,5
2022-01-30,DST states,33,19,11,35,12,111,119,2022,-42,-280,6
2022-01-30,AZ+HI,0,0,0,0,0,0,0,2022,-42,-280,6
2022-01-31,DST states,16,18,10,29,4,78,87,2022,-41,-279,0
2022-01-31,AZ+HI,0,0,0,0,0,0,0,2022,-41,-279,0
2022-02-01,DST states,9,12,21,34,14,91,97,2022,-40,-278,1
2022-02-01,AZ+HI,0,0,0,0,0,0,0,2022,-40,-278,1
2022-02-02,DST states,12,24,12,34,10,92,97,2022,-39,-277,2
2022-02-02,AZ+HI,0,0,0,0,0,0,0,2022,-39,-277,2
2022-02-03,DST states,4,16,14,31,14,81,82,2022,-38,-276,3
2022-02-03,AZ+HI,0,0,0,0,0,0,0,2022,-38,-276,3
2022-02-04,DST states,10,18,19,28,11,86,92,2022,-37,-275,4
2022-02-04,AZ+HI,0,0,0,0,0,0,0,2022,-37,-275,4
2022-02-05,DST states,34,9,17,31,17,110,121,2022,-36,-274,5
2022-02-05,AZ+HI,0,0,0,0,0,0,0,2022,-36,-274,5
2022-02-06,DST states,39,14,18,36,17,125,140,2022,-35,-273,6
2022-02-06,AZ+HI,0,0,0,0,0,0,0,2022,-35,-273,6
2022-02-07,DST states,14,14,20,20,15,85,92,2022,-34,-272,0
2022-02-07,AZ+HI,0,0,0,0,0,0,0,2022,-34,-272,0
2022-02-08,DST states,13,21,12,43,10,101,108,2022,-33,-271,1
2022-02-08,AZ+HI,0,0,0,0,0,0,0,2022,-33,-271,1
2022-02-09,DST states,11,21,23,44,13,112,121,2022,-32,-270,2
2022-02-09,AZ+HI,0,0,0,0,0,0,0,2022,-32,-270,2
2022-02-10,DST states,8,27,12,42,19,108,113,2022,-31,-269,3
2022-02-10,AZ+HI,0,0,0,0,0,0,0,2022,-31,-269,3
2022-02-11,DST states,11,21,18,30,16,96,104,2022,-30,-268,4
2022-02-11,AZ+HI,0,0,0,0,0,0,0,2022,-30,-268,4
2022-02-12,DST states,29,10,21,44,17,122,127,2022,-29,-267,5
2022-02-12,AZ+HI,0,0,0,0,0,0,0,2022,-29,-267,5
2022-02-13,DST states,32,11,19,32,12,107,114,2022,-28,-266,6
2022-02-13,AZ+HI,0,0,0,0,0,0,0,2022,-28,-266,6
2022-02-14,DST states,17,16,14,26,11,84,88,2022,-27,-265,0
2022-02-14,AZ+HI,0,0,0,0,0,0,0,2022,-27,-265,0
2022-02-15,DST states,8,19,18,27,10,82,96,2022,-26,-264,1
2022-02-15,AZ+HI,0,0,0,0,0,0,0,2022,-26,-264,1
2022-02-16,DST states,11,20,13,33,6,83,89,2022,-25,-263,2
2022-02-16,AZ+HI,0,0,0,0,0,0,0,2022,-25,-263,2
2022-02-17,DST states,12,15,16,31,17,93,103,2022,-24,-262,3
2022-02-17,AZ+HI,0,0,0,0,0,0,0,2022,-24,-262,3
2022-02-18,DST states,11,12,21,35,17,96,110,2022,-23,-261,4
2022-02-18,AZ+HI,0,0,0,0,0,0,0,2022,-23,-261,4
2022-02-19,DST states,35,17,18,39,17,126,138,2022,-22,-260,5
2022-02-19,AZ+HI,0,0,0,0,0,0,0,2022,-22,-260,5
2022-02-20,DST states,34,13,12,27,12,99,108,2022,-21,-259,6
2022-02-20,AZ+HI,0,0,0,0,0,0,0,2022,-21,-259,6
2022-02-21,DST states,9,16,12,47,12,97,107,2022,-20,-258,0
2022-02-21,AZ+HI,0,0,0,0,0,0,0,2022,-20,-258,0
2022-02-22,DST states,15,24,20,23,13,96,97,2022,-19,-257,1
2022-02-22,AZ+HI,0,0,0,0,0,0,0,2022,-19,-257,1
2022-02-23,DST states,7,11,17,34,15,84,91,2022,-18,-256,2
2022-02-23,AZ+HI,0,0,0,0,0,0,0,2022,-18,-256,2
2022-02-24,DST states,14,17,19,34,11,96,100,2022,-17,-255,3
2022-02-24,AZ+HI,0,0,0,0,0,0,0,2022,-17,-255,3
2022-02-25,DST states,23,18,17,41,22,121,138,2022,-16,-254,4
2022-02-25,AZ+HI,0,0,0,0,0,0,0,2022,-16,-254,4
2022-02-26,DST states,29,13,11,26,15,95,111,2022,-15,-253,5
2022-02-26,AZ+HI,0,0,0,0,0,0,0,2022,-15,-253,5
2022-02-27,DST states,37,11,19,30,11,108,122,2022,-14,-252,6
2022-02-27,AZ+HI,0,0,0,0,0,0,0,2022,-14,-252,6
2022-02-28,DST states,11,7,12,35,17,82,90,2022,-13,-251,0
2022-02-28,AZ+HI,0,0,0,0,0,0,0,2022,-13,-251,0
2022-03-01,DST states,11,14,11,37,17,90,97,2022,-12,-250,1
2022-03-01,AZ+HI,0,0,0,0,0,0,0,2022,-12,-250,1
2022-03-02,DST states,13,18,20,42,17,110,125,2022,-11,-249,2
2022-03-02,AZ+HI,0,0,0,0,0,0,0,2022,-11,-249,2
2022-03-03,DST states,13,18,26,36,18,112,118,2022,-10,-248,3
2022-03-03,AZ+HI,0,0,0,0,0,0,0,2022,-10,-248,3
2022-03-04,DST states,18,13,24,40,21,118,127,2022,-9,-247,4
2022-03-04,AZ+HI,0,0,0,0,0,0,0,2022,-9,-247,4
2022-03-05,DST states,33,12,11,34,37,128,136,2022,-8,-246,5
2022-03-05,AZ+HI,0,0,0,0,0,0,0,2022,-8,-246,5
2022-03-06,DST states,33,6,18,33,16,106,121,2022,-7,-245,6
2022-03-06,AZ+HI,0,0,0,0,0,0,0,2022,-7,-245,6
2022-03-07,DST states,11,19,14,28,5,77,83,2022,-6,-244,0
2022-03-07,AZ+HI,0,0,0,0,0,0,0,2022,-6,-244,0
2022-03-08,DST states,8,14,18,30,15,86,97,2022,-5,-243,1
2022-03-08,AZ+HI,0,0,0,0,0,0,0,2022,-5,-243,1
2022-03-09,DST states,10,16,18,41,11,98,106,2022,-4,-242,2
2022-03-09,AZ+HI,0,0,0,0,0,0,0,2022,-4,-242,2
2022-03-10,DST states,11,14,17,28,19,90,96,2022,-3,-241,3
2022-03-10,AZ+HI,0,0,0,0,0,0,0,2022,-3,-241,3
2022-03-11,DST states,20,12,19,22,10,83,91,2022,-2,-240,4
2022-03-11,AZ+HI,0,0,0,0,0,0,0,2022,-2,-240,4
2022-03-12,DST states,24,17,22,26,28,118,132,2022,-1,-239,5
2022-03-12,AZ+HI,0,0,0,0,0,0,0,2022,-1,-239,5
2022-03-13,DST states,24,15,13,34,16,102,107,2022,0,-238,6
2022-03-13,AZ+HI,0,0,0,0,0,0,0,2022,0,-238,6
2022-03-14,DST states,10,17,22,33,12,96,100,2022,1,-237,0
2022-03-14,AZ+HI,0,0,0,0,0,0,0,2022,1,-237,0
2022-03-15,DST states,16,24,21,39,12,112,125,2022,2,-236,1
2022-03-15,AZ+HI,0,0,0,0,0,0,0,2022,2,-236,1
2022-03-16,DST states,13,9,15,35,16,90,102,2022,3,-235,2
2022-03-16,AZ+HI,0,0,0,0,0,0,0,2022,3,-235,2
2022-03-17,DST states,17,35,12,36,19,121,132,2022,4,-234,3
2022-03-17,AZ+HI,0,0,0,0,0,0,0,2022,4,-234,3
2022-03-18,DST states,22,22,14,34,18,111,115,2022,5,-233,4
2022-03-18,AZ+HI,0,0,0,0,0,0,0,2022,5,-233,4
2022-03-19,DST states,27,14,18,36,18,114,127,2022,6,-232,5
2022-03-19,AZ+HI,0,0,0,0,0,0,0,2022,6,-232,5
2022-03-20,DST states,32,10,17,43,13,115,130,2022,7,-231,6
2022-03-20,AZ+HI,0,0,0,0,0,0,0,2022,7,-231,6
2022-03-21,DST states,14,29,20,20,11,98,107,2022,8,-230,0
2022-03-21,AZ+HI,0,0,0,0,0,0,0,2022,8,-230,0
2022-03-22,DST states,8,11,13,27,18,77,91,2022,9,-229,1
2022-03-22,AZ+HI,0,0,0,0,0,0,0,2022,9,-229,1
2022-03-23,DST states,17,16,12,25,15,85,88,2022,10,-228,2
2022-03-23,AZ+HI,0,0,0,0,0,0,0,2022,10,-228,2
2022-03-24,DST states,16,11,17,21,13,78,88,2022,11,-227,3
2022-03-24,AZ+HI,0,0,0,0,0,0,0,2022,11,-227,3
2022-03-25,DST states,13,11,26,38,19,108,115,2022,12,-226,4
2022-03-25,AZ+HI,0,0,0,0,0,0,0,2022,12,-226,4
2022-03-26,DST states,21,14,29,36,17,119,135,2022,13,-225,5
2022-03-26,AZ+HI,0,0,0,0,0,0,0,2022,13,-225,5
2022-03-27,DST states,22,11,20,33,11,98,105,2022,14,-224,6
2022-03-27,AZ+HI,0,0,0,0,0,0,0,2022,14,-224,6
2022-03-28,DST states,7,14,24,32,13,90,101,2022,15,-223,0
2022-03-28,AZ+HI,0,0,0,0,0,0,0,2022,15,-223,0
2022-03-29,DST states,5,18,13,32,14,82,88,2022,16,-222,1
2022-03-29,AZ+HI,0,0,0,0,0,0,0,2022,16,-222,1
2022-03-30,DST states,7,13,13,27,11,71,74,2022,17,-221,2
2022-03-30,AZ+HI,0,0,0,0,0,0,0,2022,17,-221,2
2022-03-31,DST states,17,17,6,26,17,83,87,2022,18,-220,3
2022-03-31,AZ+HI,0,0,0,0,0,0,0,2022,18,-220,3
2022-04-01,DST states,22,20,21,31,23,118,127,2022,19,-219,4
2022-04-01,AZ+HI,0,0,0,0,0,0,0,2022,19,-219,4
2022-04-02,DST states,25,16,14,48,17,121,132,2022,20,-218,5
2022-04-02,AZ+HI,0,0,0,0,0,0,0,2022,20,-218,5
2022-04-03,DST states,24,9,13,30,14,93,103,2022,21,-217,6
2022-04-03,AZ+HI,0,0,0,0,0,0,0,2022,21,-217,6
2022-04-04,DST states,17,20,24,26,15,102,105,2022,22,-216,0
2022-04-04,AZ+HI,0,0,0,0,0,0,0,2022,22,-216,0
2022-04-05,DST states,11,20,14,19,8,72,78,2022,23,-215,1
2022-04-05,AZ+HI,0,0,0,0,0,0,0,2022,23,-215,1
2022-04-06,DST states,12,19,12,26,8,77,82,2022,24,-214,2
2022-04-06,AZ+HI,0,0,0,0,0,0,0,2022,24,-214,2
2022-04-07,DST states,13,23,17,26,18,98,105,2022,25,-213,3
2022-04-07,AZ+HI,0,0,0,0,0,0,0,2022,25,-213,3
2022-04-08,DST states,14,16,21,38,21,111,121,2022,26,-212,4
2022-04-08,AZ+HI,0,0,0,0,0,0,0,2022,26,-212,4
2022-04-09,DST states,32,16,18,21,20,109,124,2022,27,-211,5
2022-04-09,AZ+HI,0,0,0,0,0,0,0,2022,27,-211,5
2022-04-10,DST states,31,17,21,24,11,104,114,2022,28,-210,6
2022-04-10,AZ+HI,0,0,0,0,0,0,0,2022,28,-210,6
2022-04-11,DST states,9,13,17,24,11,75,80,2022,29,-209,0
2022-04-11,AZ+HI,0,0,0,0,0,0,0,2022,29,-209,0
2022-04-12,DST states,3,19,17,24,13,77,81,2022,30,-208,1
2022-04-12,AZ+HI,0,0,0,0,0,0,0,2022,30,-208,1
2022-04-13,DST states,13,16,12,24,10,76,83,2022,31,-207,2
2022-04-13,AZ+HI,0,0,0,0,0,0,0,2022,31,-207,2
2022-04-14,DST states,8,17,20,26,12,85,91,2022,32,-206,3
2022-04-14,AZ+HI,0,0,0,0,0,0,0,2022,32,-206,3
2022-04-15,DST states,10,12,18,35,13,88,95,2022,33,-205,4
2022-04-15,AZ+HI,0,0,0,0,0,0,0,2022,33,-205,4
2022-04-16,DST states,29,15,18,30,10,102,115,2022,34,-204,5
2022-04-16,AZ+HI,0,0,0,0,0,0,0,2022,34,-204,5
2022-04-17,DST states,36,12,21,26,10,105,112,2022,35,-203,6
2022-04-17,AZ+HI,0,0,0,0,0,0,0,2022,35,-203,6
2022-04-18,DST states,10,20,21,34,14,99,103,2022,36,-202,0
2022-04-18,AZ+HI,0,0,0,0,0,0,0,2022,36,-202,0
2022-04-19,DST states,13,16,18,27,18,93,102,2022,37,-201,1
2022-04-19,AZ+HI,0,0,0,0,0,0,0,2022,37,-201,1
2022-04-20,DST states,16,23,15,29,19,103,111,2022,38,-200,2
2022-04-20,AZ+HI,0,0,0,0,0,0,0,2022,38,-200,2
2022-04-21,DST states,13,16,13,23,9,74,81,2022,39,-199,3
2022-04-21,AZ+HI,0,0,0,0,0,0,0,2022,39,-199,3
2022-04-22,DST states,11,24,26,42,19,122,131,2022,40,-198,4
2022-04-22,AZ+HI,0,0,0,0,0,0,0,2022,40,-198,4
2022-04-23,DST states,35,14,24,43,22,138,149,2022,41,-197,5
2022-04-23,AZ+HI,0,0,0,0,0,0,0,2022,41,-197,5
2022-04-24,DST states,37,20,22,32,22,133,140,2022,42,-196,6
2022-04-24,AZ+HI,0,0,0,0,0,0,0,2022,42,-196,6
2022-04-25,DST states,8,11,16,26,17,79,85,2022,43,-195,0
2022-04-25,AZ+HI,0,0,0,0,0,0,0,2022,43,-195,0
2022-04-26,DST states,11,11,16,35,9,82,88,2022,44,-194,1
2022-04-26,AZ+HI,0,0,0,0,0,0,0,2022,44,-194,1
2022-04-27,DST states,10,15,12,26,9,74,82,2022,45,-193,2
2022-04-27,AZ+HI,0,0,0,0,0,0,0,2022,45,-193,2
2022-04-28,DST states,12,16,23,28,11,90,100,2022,46,-192,3
2022-04-28,AZ+HI,0,0,0,0,0,0,0,2022,46,-192,3
2022-04-29,DST states,14,22,23,33,19,112,121,2022,47,-191,4
2022-04-29,AZ+HI,0,0,0,0,0,0,0,2022,47,-191,4
2022-04-30,DST states,30,10,31,48,31,150,155,2022,48,-190,5
2022-04-30,AZ+HI,0,0,0,0,0,0,0,2022,48,-190,5
2022-05-01,DST states,30,10,15,32,21,108,118,2022,49,-189,6
2022-05-01,AZ+HI,0,0,0,0,0,0,0,2022,49,-189,6
2022-05-02,DST states,9,16,24,23,14,86,94,2022,50,-188,0
2022-05-02,AZ+HI,0,0,0,0,0,0,0,2022,50,-188,0
2022-05-03,DST states,13,14,20,31,12,90,94,2022,51,-187,1
2022-05-03,AZ+HI,0,0,0,0,0,0,0,2022,51,-187,1
2022-05-04,DST states,15,14,16,25,17,87,95,2022,52,-186,2
2022-05-04,AZ+HI,0,0,0,0,0,0,0,2022,52,-186,2
2022-05-05,DST states,14,13,16,37,18,98,100,2022,53,-185,3
2022-05-05,AZ+HI,0,0,0,0,0,0,0,2022,53,-185,3
2022-05-06,DST states,25,17,30,25,24,122,133,2022,54,-184,4
2022-05-06,AZ+HI,0,0,0,0,0,0,0,2022,54,-184,4
2022-05-07,DST states,24,22,24,53,24,147,161,2022,55,-183,5
2022-05-07,AZ+HI,0,0,0,0,0,0,0,2022,55,-183,5
2022-05-08,DST states,25,16,12,38,20,111,120,2022,56,-182,6
2022-05-08,AZ+HI,0,0,0,0,0,0,0,2022,56,-182,6
2022-05-09,DST states,14,12,22,24,12,85,90,2022,57,-181,0
2022-05-09,AZ+HI,0,0,0,0,0,0,0,2022,57,-181,0
2022-05-10,DST states,11,25,21,35,14,106,114,2022,58,-180,1
2022-05-10,AZ+HI,0,0,0,0,0,0,0,2022,58,-180,1
2022-05-11,DST states,17,11,27,32,15,103,117,2022,59,-179,2
2022-05-11,AZ+HI,0,0,0,0,0,0,0,2022,59,-179,2
2022-05-12,DST states,20,19,20,38,14,111,118,2022,60,-178,3
2022-05-12,AZ+HI,0,0,0,0,0,0,0,2022,60,-178,3
2022-05-13,DST states,15,26,29,40,28,139,147,2022,61,-177,4
2022-05-13,AZ+HI,0,0,0,0,0,0,0,2022,61,-177,4
2022-05-14,DST states,32,20,30,34,30,146,161,2022,62,-176,5
2022-05-14,AZ+HI,0,0,0,0,0,0,0,2022,62,-176,5
2022-05-15,DST states,30,15,21,39,13,119,125,2022,63,-175,6
2022-05-15,AZ+HI,0,0,0,0,0,0,0,2022,63,-175,6
2022-05-16,DST states,16,13,17,41,11,98,108,2022,64,-174,0
2022-05-16,AZ+HI,0,0,0,0,0,0,0,2022,64,-174,0
2022-05-17,DST states,10,14,18,29,10,84,91,2022,65,-173,1
2022-05-17,AZ+HI,0,0,0,0,0,0,0,2022,65,-173,1
2022-05-18,DST states,16,17,16,25,20,95,97,2022,66,-172,2
2022-05-18,AZ+HI,0,0,0,0,0,0,0,2022,66,-172,2
2022-05-19,DST states,7,17,30,36,15,107,113,2022,67,-171,3
2022-05-19,AZ+HI,0,0,0,0,0,0,0,2022,67,-171,3
2022-05-20,DST states,18,18,28,39,21,124,133,2022,68,-170,4
2022-05-20,AZ+HI,0,0,0,0,0,0,0,2022,68,-170,4
2022-05-21,DST states,41,16,24,43,28,156,174,2022,69,-169,5
2022-05-21,AZ+HI,0,0,0,0,0,0,0,2022,69,-169,5
2022-05-22,DST states,28,12,15,29,18,103,111,2022,70,-168,6
2022-05-22,AZ+HI,0,0,0,0,0,0,0,2022,70,-168,6
2022-05-23,DST states,14,16,19,26,10,86,90,2022,71,-167,0
2022-05-23,AZ+HI,0,0,0,0,0,0,0,2022,71,-167,0
2022-05-24,DST states,12,12,15,27,16,83,95,2022,72,-166,1
2022-05-24,AZ+HI,0,0,0,0,0,0,0,2022,72,-166,1
2022-05-25,DST states,13,12,22,31,13,91,102,2022,73,-165,2
2022-05-25,AZ+HI,0,0,0,0,0,0,0,2022,73,-165,2
2022-05-26,DST states,11,20,23,25,24,105,117,2022,74,-164,3
2022-05-26,AZ+HI,0,0,0,0,0,0,0,2022,74,-164,3
2022-05-27,DST states,5,14,26,34,25,104,107,2022,75,-163,4
2022-05-27,AZ+HI,0,0,0,0,0,0,0,2022,75,-163,4
2022-05-28,DST states,32,17,18,34,28,130,142,2022,76,-162,5
2022-05-28,AZ+HI,0,0,0,0,0,0,0,2022,76,-162,5
2022-05-29,DST states,27,12,27,50,23,142,155,2022,77,-161,6
2022-05-29,AZ+HI,0,0,0,0,0,0,0,2022,77,-161,6
2022-05-30,DST states,23,17,23,36,28,128,150,2022,78,-160,0
2022-05-30,AZ+HI,0,0,0,0,0,0,0,2022,78,-160,0
2022-05-31,DST states,9,17,27,24,14,92,95,2022,79,-159,1
2022-05-31,AZ+HI,0,0,0,0,0,0,0,2022,79,-159,1
2022-06-01,DST states,15,15,25,36,11,103,109,2022,80,-158,2
2022-06-01,AZ+HI,0,0,0,0,0,0,0,2022,80,-158,2
2022-06-02,DST states,11,13,15,21,16,76,87,2022,81,-157,3
2022-06-02,AZ+HI,0,0,0,0,0,0,0,2022,81,-157,3
2022-06-03,DST states,21,9,22,39,27,120,126,2022,82,-156,4
2022-06-03,AZ+HI,0,0,0,0,0,0,0,2022,82,-156,4
2022-06-04,DST states,29,18,30,35,22,135,149,2022,83,-155,5
2022-06-04,AZ+HI,0,0,0,0,0,0,0,2022,83,-155,5
2022-06-05,DST states,40,11,17,35,14,118,126,2022,84,-154,6
2022-06-05,AZ+HI,0,0,0,0,0,0,0,2022,84,-154,6
2022-06-06,DST states,17,18,23,24,16,99,106,2022,85,-153,0
2022-06-06,AZ+HI,0,0,0,0,0,0,0,2022,85,-153,0
2022-06-07,DST states,21,18,26,28,10,105,110,2022,86,-152,1
2022-06-07,AZ+HI,0,0,0,0,0,0,0,2022,86,-152,1
2022-06-08,DST states,14,19,17,33,15,99,105,2022,87,-151,2
2022-06-08,AZ+HI,0,0,0,0,0,0,0,2022,87,-151,2
2022-06-09,DST states,14,14,24,29,21,103,111,2022,88,-150,3
2022-06-09,AZ+HI,0,0,0,0,0,0,0,2022,88,-150,3
2022-06-10,DST states,13,19,19,28,22,101,112,2022,89,-149,4
2022-06-10,AZ+HI,0,0,0,0,0,0,0,2022,89,-149,4
2022-06-11,DST states,36,13,23,38,41,151,158,2022,90,-148,5
2022-06-11,AZ+HI,0,0,0,0,0,0,0,2022,90,-148,5
2022-06-12,DST states,26,11,19,33,24,116,124,2022,91,-147,6
2022-06-12,AZ+HI,0,0,0,0,0,0,0,2022,91,-147,6
2022-06-13,DST states,19,12,26,27,16,101,117,2022,92,-146,0
2022-06-13,AZ+HI,0,0,0,0,0,0,0,2022,92,-146,0
2022-06-14,DST states,11,34,16,38,20,120,124,2022,93,-145,1
2022-06-14,AZ+HI,0,0,0,0,0,0,0,2022,93,-145,1
2022-06-15,DST states,14,23,21,28,22,111,119,2022,94,-144,2
2022-06-15,AZ+HI,0,0,0,0,0,0,0,2022,94,-144,2
2022-06-16,DST states,12,15,29,34,19,111,119,2022,95,-143,3
2022-06-16,AZ+HI,0,0,0,0,0,0,0,2022,95,-143,3
2022-06-17,DST states,19,23,25,36,27,131,137,2022,96,-142,4
2022-06-17,AZ+HI,0,0,0,0,0,0,0,2022,96,-142,4
2022-06-18,DST states,48,23,16,43,24,154,167,2022,97,-141,5
2022-06-18,AZ+HI,0,0,0,0,0,0,0,2022,97,-141,5
2022-06-19,DST states,42,17,18,25,18,123,132,2022,98,-140,6
2022-06-19,AZ+HI,0,0,0,0,0,0,0,2022,98,-140,6
2022-06-20,DST states,10,14,12,25,22,83,86,2022,99,-139,0
2022-06-20,AZ+HI,0,0,0,0,0,0,0,2022,99,-139,0
2022-06-21,DST states,10,16,19,30,20,95,102,2022,100,-138,1
2022-06-21,AZ+HI,0,0,0,0,0,0,0,2022,100,-138,1
2022-06-22,DST states,17,14,25,30,14,100,105,2022,101,-137,2
2022-06-22,AZ+HI,0,0,0,0,0,0,0,2022,101,-137,2
2022-06-23,DST states,19,11,25,21,20,96,102,2022,102,-136,3
2022-06-23,AZ+HI,0,0,0,0,0,0,0,2022,102,-136,3
2022-06-24,DST states,23,21,25,40,21,130,138,2022,103,-135,4
2022-06-24,AZ+HI,0,0,0,0,0,0,0,2022,103,-135,4
2022-06-25,DST states,32,20,28,45,37,164,173,2022,104,-134,5
2022-06-25,AZ+HI,0,0,0,0,0,0,0,2022,104,-134,5
2022-06-26,DST states,26,16,22,32,19,117,132,2022,105,-133,6
2022-06-26,AZ+HI,0,0,0,0,0,0,0,2022,105,-133,6
2022-06-27,DST states,21,9,15,39,11,95,104,2022,106,-132,0
2022-06-27,AZ+HI,0,0,0,0,0,0,0,2022,106,-132,0
2022-06-28,DST states,9,13,21,38,24,106,114,2022,107,-131,1
2022-06-28,AZ+HI,0,0,0,0,0,0,0,2022,107,-131,1
2022-06-29,DST states,6,21,16,33,20,97,105,2022,108,-130,2
2022-06-29,AZ+HI,0,0,0,0,0,0,0,2022,108,-130,2
2022-06-30,DST states,15,27,14,40,21,117,129,2022,109,-129,3
2022-06-30,AZ+HI,0,0,0,0,0,0,0,2022,109,-129,3
2022-07-01,DST states,27,20,28,23,33,133,146,2022,110,-128,4
2022-07-01,AZ+HI,0,0,0,0,0,0,0,2022,110,-128,4
2022-07-02,DST states,34,9,21,39,27,132,141,2022,111,-127,5
2022-07-02,AZ+HI,0,0,0,0,0,0,0,2022,111,-127,5
2022-07-03,DST states,32,15,21,36,23,131,145,2022,112,-126,6
2022-07-03,AZ+HI,0,0,0,0,0,0,0,2022,112,-126,6
2022-07-04,DST states,27,9,24,31,32,123,129,2022,113,-125,0
2022-07-04,AZ+HI,0,0,0,0,0,0,0,2022,113,-125,0
2022-07-05,DST states,23,15,19,26,22,107,112,2022,114,-124,1
2022-07-05,AZ+HI,0,0,0,0,0,0,0,2022,114,-124,1
2022-07-06,DST states,8,20,25,26,15,95,106,2022,115,-123,2
2022-07-06,AZ+HI,0,0,0,0,0,0,0,2022,115,-123,2
2022-07-07,DST states,16,20,12,38,17,104,111,2022,116,-122,3
2022-07-07,AZ+HI,0,0,0,0,0,0,0,2022,116,-122,3
2022-07-08,DST states,16,14,10,27,20,87,91,2022,117,-121,4
2022-07-08,AZ+HI,0,0,0,0,0,0,0,2022,117,-121,4
2022-07-09,DST states,29,17,24,30,28,128,138,2022,118,-120,5
2022-07-09,AZ+HI,0,0,0,0,0,0,0,2022,118,-120,5
2022-07-10,DST states,30,20,19,43,20,134,146,2022,119,-119,6
2022-07-10,AZ+HI,0,0,0,0,0,0,0,2022,119,-119,6
2022-07-11,DST states,24,17,19,34,20,114,125,2022,120,-118,0
2022-07-11,AZ+HI,0,0,0,0,0,0,0,2022,120,-118,0
2022-07-12,DST states,13,27,18,34,10,102,109,2022,121,-117,1
2022-07-12,AZ+HI,0,0,0,0,0,0,0,2022,121,-117,1
2022-07-13,DST states,10,14,18,21,25,88,93,2022,122,-116,2
2022-07-13,AZ+HI,0,0,0,0,0,0,0,2022,122,-116,2
2022-07-14,DST states,12,12,25,29,17,95,100,2022,123,-115,3
2022-07-14,AZ+HI,0,0,0,0,0,0,0,2022,123,-115,3
2022-07-15,DST states,17,21,22,40,34,135,151,2022,124,-114,4
2022-07-15,AZ+HI,0,0,0,0,0,0,0,2022,124,-114,4
2022-07-16,DST states,30,12,22,37,34,135,153,2022,125,-113,5
2022-07-16,AZ+HI,0,0,0,0,0,0,0,2022,125,-113,5
2022-07-17,DST states,50,17,18,30,13,129,135,2022,126,-112,6
2022-07-17,AZ+HI,0,0,0,0,0,0,0,2022,126,-112,6
2022-07-18,DST states,14,21,14,24,16,90,94,2022,127,-111,0
2022-07-18,AZ+HI,0,0,0,0,0,0,0,2022,127,-111,0
2022-07-19,DST states,11,15,18,36,21,102,107,2022,128,-110,1
2022-07-19,AZ+HI,0,0,0,0,0,0,0,2022,128,-110,1
2022-07-20,DST states,14,22,16,38,20,110,122,2022,129,-109,2
2022-07-20,AZ+HI,0,0,0,0,0,0,0,2022,129,-109,2
2022-07-21,DST states,15,18,24,18,20,95,103,2022,130,-108,3
2022-07-21,AZ+HI,0,0,0,0,0,0,0,2022,130,-108,3
2022-07-22,DST states,20,20,29,38,25,132,153,2022,131,-107,4
2022-07-22,AZ+HI,0,0,0,0,0,0,0,2022,131,-107,4
2022-07-23,DST states,42,14,14,42,43,157,173,2022,132,-106,5
2022-07-23,AZ+HI,0,0,0,0,0,0,0,2022,132,-106,5
2022-07-24,DST states,47,20,26,38,20,152,165,2022,133,-105,6
2022-07-24,AZ+HI,0,0,0,0,0,0,0,2022,133,-105,6
2022-07-25,DST states,8,23,15,24,13,84,92,2022,134,-104,0
2022-07-25,AZ+HI,0,0,0,0,0,0,0,2022,134,-104,0
2022-07-26,DST states,7,16,19,19,19,80,83,2022,135,-103,1
2022-07-26,AZ+HI,0,0,0,0,0,0,0,2022,135,-103,1
2022-07-27,DST states,15,15,13,29,17,90,96,2022,136,-102,2
2022-07-27,AZ+HI,0,0,0,0,0,0,0,2022,136,-102,2
2022-07-28,DST states,13,15,15,33,10,87,89,2022,137,-101,3
2022-07-28,AZ+HI,0,0,0,0,0,0,0,2022,137,-101,3
2022-07-29,DST states,21,20,22,45,28,136,150,2022,138,-100,4
2022-07-29,AZ+HI,0,0,0,0,0,0,0,2022,138,-100,4
2022-07-30,DST states,36,15,22,41,33,147,157,2022,139,-99,5
2022-07-30,AZ+HI,0,0,0,0,0,0,0,2022,139,-99,5
2022-07-31,DST states,45,15,16,32,23,132,149,2022,140,-98,6
2022-07-31,AZ+HI,0,0,0,0,0,0,0,2022,140,-98,6
2022-08-01,DST states,17,20,23,34,6,102,110,2022,141,-97,0
2022-08-01,AZ+HI,0,0,0,0,0,0,0,2022,141,-97,0
2022-08-02,DST states,8,13,18,39,25,103,108,2022,142,-96,1
2022-08-02,AZ+HI,0,0,0,0,0,0,0,2022,142,-96,1
2022-08-03,DST states,16,23,27,26,26,118,130,2022,143,-95,2
2022-08-03,AZ+HI,0,0,0,0,0,0,0,2022,143,-95,2
2022-08-04,DST states,10,21,26,31,18,106,115,2022,144,-94,3
2022-08-04,AZ+HI,0,0,0,0,0,0,0,2022,144,-94,3
2022-08-05,DST states,16,22,27,28,21,115,121,2022,145,-93,4
2022-08-05,AZ+HI,0,0,0,0,0,0,0,2022,145,-93,4
2022-08-06,DST states,29,13,33,40,33,152,168,2022,146,-92,5
2022-08-06,AZ+HI,0,0,0,0,0,0,0,2022,146,-92,5
2022-08-07,DST states,30,19,23,36,23,134,151,2022,147,-91,6
2022-08-07,AZ+HI,0,0,0,0,0,0,0,2022,147,-91,6
2022-08-08,DST states,15,15,23,26,17,97,104,2022,148,-90,0
2022-08-08,AZ+HI,0,0,0,0,0,0,0,2022,148,-90,0
2022-08-09,DST states,18,16,18,21,8,81,89,2022,149,-89,1
2022-08-09,AZ+HI,0,0,0,0,0,0,0,2022,149,-89,1
2022-08-10,DST states,9,25,29,33,23,119,129,2022,150,-88,2
2022-08-10,AZ+HI,0,0,0,0,0,0,0,2022,150,-88,2
2022-08-11,DST states,15,13,23,30,13,95,104,2022,151,-87,3
2022-08-11,AZ+HI,0,0,0,0,0,0,0,2022,151,-87,3
2022-08-12,DST states,10,15,32,44,30,132,141,2022,152,-86,4
2022-08-12,AZ+HI,0,0,0,0,0,0,0,2022,152,-86,4
2022-08-13,DST states,34,15,29,44,34,157,169,2022,153,-85,5
2022-08-13,AZ+HI,0,0,0,0,0,0,0,2022,153,-85,5
2022-08-14,DST states,45,10,25,40,16,137,155,2022,154,-84,6
2022-08-14,AZ+HI,0,0,0,0,0,0,0,2022,154,-84,6
2022-08-15,DST states,15,21,14,26,17,95,100,2022,155,-83,0
2022-08-15,AZ+HI,0,0,0,0,0,0,0,2022,155,-83,0
2022-08-16,DST states,17,15,18,37,16,103,110,2022,156,-82,1
2022-08-16,AZ+HI,0,0,0,0,0,0,0,2022,156,-82,1
2022-08-17,DST states,21,16,22,20,13,93,103,2022,157,-81,2
2022-08-17,AZ+HI,0,0,0,0,0,0,0,2022,157,-81,2
2022-08-18,DST states,12,22,19,26,20,101,109,2022,158,-80,3
2022-08-18,AZ+HI,0,0,0,0,0,0,0,2022,158,-80,3
2022-08-19,DST states,23,18,20,35,17,113,122,2022,159,-79,4
2022-08-19,AZ+HI,0,0,0,0,0,0,0,2022,159,-79,4
2022-08-20,DST states,34,13,24,44,30,146,157,2022,160,-78,5
2022-08-20,AZ+HI,0,0,0,0,0,0,0,2022,160,-78,5
2022-08-21,DST states,38,15,15,30,22,121,138,2022,161,-77,6
2022-08-21,AZ+HI,0,0,0,0,0,0,0,2022,161,-77,6
2022-08-22,DST states,12,16,21,37,20,107,121,2022,162,-76,0
2022-08-22,AZ+HI,0,0,0,0,0,0,0,2022,162,-76,0
2022-08-23,DST states,15,16,16,21,24,92,94,2022,163,-75,1
2022-08-23,AZ+HI,0,0,0,0,0,0,0,2022,163,-75,1
2022-08-24,DST states,13,18,22,28,14,96,99,2022,164,-74,2
2022-08-24,AZ+HI,0,0,0,0,0,0,0,2022,164,-74,2
2022-08-25,DST states,10,14,26,41,15,107,113,2022,165,-73,3
2022-08-25,AZ+HI,0,0,0,0,0,0,0,2022,165,-73,3
2022-08-26,DST states,16,22,28,38,18,123,133,2022,166,-72,4
2022-08-26,AZ+HI,0,0,0,0,0,0,0,2022,166,-72,4
2022-08-27,DST states,35,18,18,45,35,152,164,2022,167,-71,5
2022-08-27,AZ+HI,0,0,0,0,0,0,0,2022,167,-71,5
2022-08-28,DST states,44,21,25,29,15,137,149,2022,168,-70,6
2022-08-28,AZ+HI,0,0,0,0,0,0,0,2022,168,-70,6
2022-08-29,DST states,13,28,22,34,21,119,128,2022,169,-69,0
2022-08-29,AZ+HI,0,0,0,0,0,0,0,2022,169,-69,0
2022-08-30,DST states,11,22,29,41,17,123,128,2022,170,-68,1
2022-08-30,AZ+HI,0,0,0,0,0,0,0,2022,170,-68,1
2022-08-31,DST states,12,23,22,31,15,104,110,2022,171,-67,2
2022-08-31,AZ+HI,0,0,0,0,0,0,0,2022,171,-67,2
2022-09-01,DST states,15,17,26,37,15,111,121,2022,172,-66,3
2022-09-01,AZ+HI,0,0,0,0,0,0,0,2022,172,-66,3
2022-09-02,DST states,15,14,18,37,23,107,122,2022,173,-65,4
2022-09-02,AZ+HI,0,0,0,0,0,0,0,2022,173,-65,4
2022-09-03,DST states,37,20,21,42,31,153,168,2022,174,-64,5
2022-09-03,AZ+HI,0,0,0,0,0,0,0,2022,174,-64,5
2022-09-04,DST states,33,20,14,44,27,138,146,2022,175,-63,6
2022-09-04,AZ+HI,0,0,0,0,0,0,0,2022,175,-63,6
2022-09-05,DST states,19,7,28,32,13,99,106,2022,176,-62,0
2022-09-05,AZ+HI,0,0,0,0,0,0,0,2022,176,-62,0
2022-09-06,DST states,18,19,22,22,10,91,98,2022,177,-61,1
2022-09-06,AZ+HI,0,0,0,0,0,0,0,2022,177,-61,1
2022-09-07,DST states,12,25,22,36,11,106,112,2022,178,-60,2
2022-09-07,AZ+HI,0,0,0,0,0,0,0,2022,178,-60,2
2022-09-08,DST states,18,22,12,31,19,102,110,2022,179,-59,3
2022-09-08,AZ+HI,0,0,0,0,0,0,0,2022,179,-59,3
2022-09-09,DST states,15,24,20,40,29,128,136,2022,180,-58,4
2022-09-09,AZ+HI,0,0,0,0,0,0,0,2022,180,-58,4
2022-09-10,DST states,31,14,28,49,22,146,165,2022,181,-57,5
2022-09-10,AZ+HI,0,0,0,0,0,0,0,2022,181,-57,5
2022-09-11,DST states,31,18,16,41,21,128,145,2022,182,-56,6
2022-09-11,AZ+HI,0,0,0,0,0,0,0,2022,182,-56,6
2022-09-12,DST states,12,20,16,34,13,96,106,2022,183,-55,0
2022-09-12,AZ+HI,0,0,0,0,0,0,0,2022,183,-55,0
2022-09-13,DST states,11,15,17,40,14,97,109,2022,184,-54,1
2022-09-13,AZ+HI,0,0,0,0,0,0,0,2022,184,-54,1
2022-09-14,DST states,17,13,30,47,14,121,132,2022,185,-53,2
2022-09-14,AZ+HI,0,0,0,0,0,0,0,2022,185,-53,2
2022-09-15,DST states,11,24,20,26,15,97,105,2022,186,-52,3
2022-09-15,AZ+HI,0,0,0,0,0,0,0,2022,186,-52,3
2022-09-16,DST states,19,24,21,44,28,136,142,2022,187,-51,4
2022-09-16,AZ+HI,0,0,0,0,0,0,0,2022,187,-51,4
2022-09-17,DST states,29,18,33,69,31,180,188,2022,188,-50,5
2022-09-17,AZ+HI,0,0,0,0,0,0,0,2022,188,-50,5
2022-09-18,DST states,44,10,25,50,14,146,162,2022,189,-49,6
2022-09-18,AZ+HI,0,0,0,0,0,0,0,2022,189,-49,6
2022-09-19,DST states,14,27,22,28,22,113,118,2022,190,-48,0
2022-09-19,AZ+HI,0,0,0,0,0,0,0,2022,190,-48,0
2022-09-20,DST states,9,22,20,34,14,100,108,2022,191,-47,1
2022-09-20,AZ+HI,0,0,0,0,0,0,0,2022,191,-47,1
2022-09-21,DST states,13,24,26,44,14,122,132,2022,192,-46,2
2022-09-21,AZ+HI,0,0,0,0,0,0,0,2022,192,-46,2
2022-09-22,DST states,9,18,23,31,15,96,105,2022,193,-45,3
2022-09-22,AZ+HI,0,0,0,0,0,0,0,2022,193,-45,3
2022-09-23,DST states,14,24,22,45,22,128,136,2022,194,-44,4
2022-09-23,AZ+HI,0,0,0,0,0,0,0,2022,194,-44,4
2022-09-24,DST states,36,25,29,47,25,164,186,2022,195,-43,5
2022-09-24,AZ+HI,0,0,0,0,0,0,0,2022,195,-43,5
2022-09-25,DST states,41,13,25,37,9,127,138,2022,196,-42,6
2022-09-25,AZ+HI,0,0,0,0,0,0,0,2022,196,-42,6
2022-09-26,DST states,18,28,27,30,18,122,129,2022,197,-41,0
2022-09-26,AZ+HI,0,0,0,0,0,0,0,2022,197,-41,0
2022-09-27,DST states,7,24,18,50,14,114,123,2022,198,-40,1
2022-09-27,AZ+HI,0,0,0,0,0,0,0,2022,198,-40,1
2022-09-28,DST states,9,19,16,41,12,97,101,2022,199,-39,2
2022-09-28,AZ+HI,0,0,0,0,0,0,0,2022,199,-39,2
2022-09-29,DST states,19,24,16,47,6,113,119,2022,200,-38,3
2022-09-29,AZ+HI,0,0,0,0,0,0,0,2022,200,-38,3
2022-09-30,DST states,18,16,26,42,26,130,139,2022,201,-37,4
2022-09-30,AZ+HI,0,0,0,0,0,0,0,2022,201,-37,4
2022-10-01,DST states,33,13,24,37,18,128,143,2022,202,-36,5
2022-10-01,AZ+HI,0,0,0,0,0,0,0,2022,202,-36,5
2022-10-02,DST states,43,11,15,47,21,137,163,2022,203,-35,6
2022-10-02,AZ+HI,0,0,0,0,0,0,0,2022,203,-35,6
2022-10-03,DST states,17,17,20,29,11,94,98,2022,204,-34,0
2022-10-03,AZ+HI,0,0,0,0,0,0,0,2022,204,-34,0
2022-10-04,DST states,11,24,17,37,12,101,107,2022,205,-33,1
2022-10-04,AZ+HI,0,0,0,0,0,0,0,2022,205,-33,1
2022-10-05,DST states,10,30,17,32,12,102,108,2022,206,-32,2
2022-10-05,AZ+HI,0,0,0,0,0,0,0,2022,206,-32,2
2022-10-06,DST states,14,28,25,38,16,121,133,2022,207,-31,3
2022-10-06,AZ+HI,0,0,0,0,0,0,0,2022,207,-31,3
2022-10-07,DST states,10,25,25,48,22,130,135,2022,208,-30,4
2022-10-07,AZ+HI,0,0,0,0,0,0,0,2022,208,-30,4
2022-10-08,DST states,30,25,15,51,21,146,161,2022,209,-29,5
2022-10-08,AZ+HI,0,0,0,0,0,0,0,2022,209,-29,5
2022-10-09,DST states,39,12,22,41,19,134,140,2022,210,-28,6
2022-10-09,AZ+HI,0,0,0,0,0,0,0,2022,210,-28,6
2022-10-10,DST states,14,12,18,39,17,101,110,2022,211,-27,0
2022-10-10,AZ+HI,0,0,0,0,0,0,0,2022,211,-27,0
2022-10-11,DST states,10,12,19,44,11,96,101,2022,212,-26,1
2022-10-11,AZ+HI,0,0,0,0,0,0,0,2022,212,-26,1
2022-10-12,DST states,10,23,29,44,20,126,133,2022,213,-25,2
2022-10-12,AZ+HI,0,0,0,0,0,0,0,2022,213,-25,2
2022-10-13,DST states,19,23,28,34,18,122,134,2022,214,-24,3
2022-10-13,AZ+HI,0,0,0,0,0,0,0,2022,214,-24,3
2022-10-14,DST states,15,26,23,43,28,136,140,2022,215,-23,4
2022-10-14,AZ+HI,0,0,0,0,0,0,0,2022,215,-23,4
2022-10-15,DST states,41,15,26,47,30,161,180,2022,216,-22,5
2022-10-15,AZ+HI,0,0,0,0,0,0,0,2022,216,-22,5
2022-10-16,DST states,26,21,15,44,19,126,141,2022,217,-21,6
2022-10-16,AZ+HI,0,0,0,0,0,0,0,2022,217,-21,6
2022-10-17,DST states,9,19,9,26,11,74,79,2022,218,-20,0
2022-10-17,AZ+HI,0,0,0,0,0,0,0,2022,218,-20,0
2022-10-18,DST states,7,23,24,32,7,93,108,2022,219,-19,1
2022-10-18,AZ+HI,0,0,0,0,0,0,0,2022,219,-19,1
2022-10-19,DST states,10,25,18,39,21,115,120,2022,220,-18,2
2022-10-19,AZ+HI,0,0,0,0,0,0,0,2022,220,-18,2
2022-10-20,DST states,8,24,18,37,22,110,119,2022,221,-17,3
2022-10-20,AZ+HI,0,0,0,0,0,0,0,2022,221,-17,3
2022-10-21,DST states,18,16,23,46,23,126,132,2022,222,-16,4
2022-10-21,AZ+HI,0,0,0,0,0,0,0,2022,222,-16,4
2022-10-22,DST states,34,13,23,35,23,129,141,2022,223,-15,5
2022-10-22,AZ+HI,0,0,0,0,0,0,0,2022,223,-15,5
2022-10-23,DST states,29,15,14,51,18,128,139,2022,224,-14,6
2022-10-23,AZ+HI,0,0,0,0,0,0,0,2022,224,-14,6
2022-10-24,DST states,9,24,26,39,12,111,121,2022,225,-13,0
2022-10-24,AZ+HI,0,0,0,0,0,0,0,2022,225,-13,0
2022-10-25,DST states,16,19,14,42,15,106,111,2022,226,-12,1
2022-10-25,AZ+HI,0,0,0,0,0,0,0,2022,226,-12,1
2022-10-26,DST states,18,18,29,28,14,107,113,2022,227,-11,2
2022-10-26,AZ+HI,0,0,0,0,0,0,0,2022,227,-11,2
2022-10-27,DST states,9,26,17,47,19,119,126,2022,228,-10,3
2022-10-27,AZ+HI,0,0,0,0,0,0,0,2022,228,-10,3
2022-10-28,DST states,9,13,22,44,20,110,115,2022,229,-9,4
2022-10-28,AZ+HI,0,0,0,0,0,0,0,2022,229,-9,4
2022-10-29,DST states,35,10,22,47,37,151,170,2022,230,-8,5
2022-10-29,AZ+HI,0,0,0,0,0,0,0,2022,230,-8,5
2022-10-30,DST states,56,17,16,42,17,148,163,2022,231,-7,6
2022-10-30,AZ+HI,0,0,0,0,0,0,0,2022,231,-7,6
2022-10-31,DST states,13,25,23,35,17,114,119,2022,232,-6,0
2022-10-31,AZ+HI,0,0,0,0,0,0,0,2022,232,-6,0
2022-11-01,DST states,18,25,19,29,13,106,113,2022,233,-5,1
2022-11-01,AZ+HI,0,0,0,0,0,0,0,2022,233,-5,1
2022-11-02,DST states,8,30,17,49,14,118,126,2022,234,-4,2
2022-11-02,AZ+HI,0,0,0,0,0,0,0,2022,234,-4,2
2022-11-03,DST states,16,19,20,38,20,114,117,2022,235,-3,3
2022-11-03,AZ+HI,0,0,0,0,0,0,0,2022,235,-3,3
2022-11-04,DST states,19,22,24,59,31,157,184,2022,236,-2,4
2022-11-04,AZ+HI,0,0,0,0,0,0,0,2022,236,-2,4
2022-11-05,DST states,30,13,29,38,24,136,148,2022,237,-1,5
2022-11-05,AZ+HI,0,0,0,0,0,0,0,2022,237,-1,5
2022-11-06,DST states,35,18,19,34,13,120,132,2022,238,0,6
2022-11-06,AZ+HI,0,0,0,0,0,0,0,2022,238,0,6
2022-11-07,DST states,13,17,30,34,18,113,121,2022,239,1,0
2022-11-07,AZ+HI,0,0,0,0,0,0,0,2022,239,1,0
2022-11-08,DST states,9,16,22,40,15,105,114,2022,240,2,1
2022-11-08,AZ+HI,0,0,0,0,0,0,0,2022,240,2,1
2022-11-09,DST states,10,20,26,36,13,107,115,2022,241,3,2
2022-11-09,AZ+HI,0,0,0,0,0,0,0,2022,241,3,2
2022-11-10,DST states,11,19,16,49,17,112,120,2022,242,4,3
2022-11-10,AZ+HI,0,0,0,0,0,0,0,2022,242,4,3
2022-11-11,DST states,19,18,13,29,18,102,111,2022,243,5,4
2022-11-11,AZ+HI,0,0,0,0,0,0,0,2022,243,5,4
2022-11-12,DST states,26,19,22,33,11,112,124,2022,244,6,5
2022-11-12,AZ+HI,0,0,0,0,0,0,0,2022,244,6,5
2022-11-13,DST states,30,14,10,27,13,95,111,2022,245,7,6
2022-11-13,AZ+HI,0,0,0,0,0,0,0,2022,245,7,6
2022-11-14,DST states,13,24,21,46,9,113,121,2022,246,8,0
2022-11-14,AZ+HI,0,0,0,0,0,0,0,2022,246,8,0
2022-11-15,DST states,19,19,11,30,12,92,98,2022,247,9,1
2022-11-15,AZ+HI,0,0,0,0,0,0,0,2022,247,9,1
2022-11-16,DST states,10,14,10,31,4,69,73,2022,248,10,2
2022-11-16,AZ+HI,0,0,0,0,0,0,0,2022,248,10,2
2022-11-17,DST states,13,22,11,44,16,106,123,2022,249,11,3
2022-11-17,AZ+HI,0,0,0,0,0,0,0,2022,249,11,3
2022-11-18,DST states,13,12,16,47,15,104,122,2022,250,12,4
2022-11-18,AZ+HI,0,0,0,0,0,0,0,2022,250,12,4
2022-11-19,DST states,37,11,19,37,22,126,138,2022,251,13,5
2022-11-19,AZ+HI,0,0,0,0,0,0,0,2022,251,13,5
2022-11-20,DST states,34,7,13,30,9,94,101,2022,252,14,6
2022-11-20,AZ+HI,0,0,0,0,0,0,0,2022,252,14,6
2022-11-21,DST states,12,9,23,43,13,100,109,2022,253,15,0
2022-11-21,AZ+HI,0,0,0,0,0,0,0,2022,253,15,0
2022-11-22,DST states,8,20,20,47,9,104,113,2022,254,16,1
2022-11-22,AZ+HI,0,0,0,0,0,0,0,2022,254,16,1
2022-11-23,DST states,14,20,24,45,16,119,130,2022,255,17,2
2022-11-23,AZ+HI,0,0,0,0,0,0,0,2022,255,17,2
2022-11-24,DST states,27,14,16,41,16,115,132,2022,256,18,3
2022-11-24,AZ+HI,0,0,0,0,0,0,0,2022,256,18,3
2022-11-25,DST states,13,5,17,35,20,91,96,2022,257,19,4
2022-11-25,AZ+HI,0,0,0,0,0,0,0,2022,257,19,4
2022-11-26,DST states,33,9,30,39,19,130,139,2022,258,20,5
2022-11-26,AZ+HI,0,0,0,0,0,0,0,2022,258,20,5
2022-11-27,DST states,21,19,18,28,11,99,106,2022,259,21,6
2022-11-27,AZ+HI,0,0,0,0,0,0,0,2022,259,21,6
2022-11-28,DST states,10,20,15,34,7,86,94,2022,260,22,0
2022-11-28,AZ+HI,0,0,0,0,0,0,0,2022,260,22,0
2022-11-29,DST states,12,14,12,33,12,83,90,2022,261,23,1
2022-11-29,AZ+HI,0,0,0,0,0,0,0,2022,261,23,1
2022-11-30,DST states,8,17,10,38,12,85,95,2022,262,24,2
2022-11-30,AZ+HI,0,0,0,0,0,0,0,2022,262,24,2
2022-12-01,DST states,12,14,12,38,10,88,95,2022,263,25,3
2022-12-01,AZ+HI,0,0,0,0,0,0,0,2022,263,25,3
2022-12-02,DST states,14,17,20,45,26,122,129,2022,264,26,4
2022-12-02,AZ+HI,0,0,0,0,0,0,0,2022,264,26,4
2022-12-03,DST states,31,9,15,34,20,111,124,2022,265,27,5
2022-12-03,AZ+HI,0,0,0,0,0,0,0,2022,265,27,5
2022-12-04,DST states,33,13,20,34,18,119,129,2022,266,28,6
2022-12-04,AZ+HI,0,0,0,0,0,0,0,2022,266,28,6
2022-12-05,DST states,8,15,27,45,10,106,108,2022,267,29,0
2022-12-05,AZ+HI,0,0,0,0,0,0,0,2022,267,29,0
2022-12-06,DST states,11,24,16,44,15,112,127,2022,268,30,1
2022-12-06,AZ+HI,0,0,0,0,0,0,0,2022,268,30,1
2022-12-07,DST states,9,22,19,40,15,106,121,2022,269,31,2
2022-12-07,AZ+HI,0,0,0,0,0,0,0,2022,269,31,2
2022-12-08,DST states,17,24,18,37,11,107,111,2022,270,32,3
2022-12-08,AZ+HI,0,0,0,0,0,0,0,2022,270,32,3
2022-12-09,DST states,15,20,14,50,22,121,126,2022,271,33,4
2022-12-09,AZ+HI,0,0,0,0,0,0,0,2022,271,33,4
2022-12-10,DST states,16,16,15,44,14,105,119,2022,272,34,5
2022-12-10,AZ+HI,0,0,0,0,0,0,0,2022,272,34,5
2022-12-11,DST states,40,15,10,41,11,117,125,2022,273,35,6
2022-12-11,AZ+HI,0,0,0,0,0,0,0,2022,273,35,6
2022-12-12,DST states,12,19,17,37,9,94,100,2022,274,36,0
2022-12-12,AZ+HI,0,0,0,0,0,0,0,2022,274,36,0
2022-12-13,DST states,10,17,24,34,10,95,102,2022,275,37,1
2022-12-13,AZ+HI,0,0,0,0,0,0,0,2022,275,37,1
2022-12-14,DST states,13,21,17,45,10,106,115,2022,276,38,2
2022-12-14,AZ+HI,0,0,0,0,0,0,0,2022,276,38,2
2022-12-15,DST states,16,21,22,40,16,115,121,2022,277,39,3
2022-12-15,AZ+HI,0,0,0,0,0,0,0,2022,277,39,3
2022-12-16,DST states,21,20,18,54,18,131,140,2022,278,40,4
2022-12-16,AZ+HI,0,0,0,0,0,0,0,2022,278,40,4
2022-12-17,DST states,20,14,14,33,8,89,99,2022,279,41,5
2022-12-17,AZ+HI,0,0,0,0,0,0,0,2022,279,41,5
2022-12-18,DST states,41,13,9,43,8,115,124,2022,280,42,6
2022-12-18,AZ+HI,0,0,0,0,0,0,0,2022,280,42,6
2022-12-19,DST states,12,16,21,35,7,91,101,2022,281,43,0
2022-12-19,AZ+HI,0,0,0,0,0,0,0,2022,281,43,0
2022-12-20,DST states,9,14,16,39,9,87,91,2022,282,44,1
2022-12-20,AZ+HI,0,0,0,0,0,0,0,2022,282,44,1
2022-12-21,DST states,11,16,24,46,8,105,111,2022,283,45,2
2022-12-21,AZ+HI,0,0,0,0,0,0,0,2022,283,45,2
2022-12-22,DST states,16,20,27,36,14,113,121,2022,284,46,3
2022-12-22,AZ+HI,0,0,0,0,0,0,0,2022,284,46,3
2022-12-23,DST states,19,10,14,29,12,84,93,2022,285,47,4
2022-12-23,AZ+HI,0,0,0,0,0,0,0,2022,285,47,4
2022-12-24,DST states,20,13,13,37,16,100,107,2022,286,48,5
2022-12-24,AZ+HI,0,0,0,0,0,0,0,2022,286,48,5
2022-12-25,DST states,22,8,7,33,17,88,102,2022,287,49,6
2022-12-25,AZ+HI,0,0,0,0,0,0,0,2022,287,49,6
2022-12-26,DST states,12,11,13,35,9,82,87,2022,288,50,0
2022-12-26,AZ+HI,0,0,0,0,0,0,0,2022,288,50,0
2022-12-27,DST states,8,14,24,36,11,94,105,2022,289,51,1
2022-12-27,AZ+HI,0,0,0,0,0,0,0,2022,289,51,1
2022-12-28,DST states,8,24,13,44,8,99,105,2022,290,52,2
2022-12-28,AZ+HI,0,0,0,0,0,0,0,2022,290,52,2
2022-12-29,DST states,18,18,22,33,18,110,119,2022,291,53,3
2022-12-29,AZ+HI,0,0,0,0,0,0,0,2022,291,53,3
2022-12-30,DST states,17,11,14,44,17,104,114,2022,292,54,4
2022-12-30,AZ+HI,0,0,0,0,0,0,0,2022,292,54,4
2022-12-31,DST states,32,13,24,42,27,139,152,2022,293,55,5
2022-12-31,AZ+HI,0,0,0,0,0,0,0,2022,293,55,5
2023-01-01,DST states,61,16,18,27,10,133,147,2023,-70,-308,6
2023-01-01,AZ+HI,2,0,1,2,0,5,6,2023,-70,-308,6
2023-01-02,DST states,12,6,7,26,15,66,71,2023,-69,-307,0
2023-01-02,AZ+HI,1,1,1,2,0,5,5,2023,-69,-307,0
2023-01-03,DST states,11,17,17,22,7,75,80,2023,-68,-306,1
2023-01-03,AZ+HI,0,0,0,0,0,0,0,2023,-68,-306,1
2023-01-04,DST states,10,10,15,36,13,84,91,2023,-67,-305,2
2023-01-04,AZ+HI,0,0,1,2,1,4,4,2023,-67,-305,2
2023-01-05,DST states,7,10,23,26,7,74,82,2023,-66,-304,3
2023-01-05,AZ+HI,0,2,0,0,0,2,2,2023,-66,-304,3
2023-01-06,DST states,12,13,13,34,16,88,97,2023,-65,-303,4
2023-01-06,AZ+HI,0,0,0,1,0,1,1,2023,-65,-303,4
2023-01-07,DST states,26,22,16,19,15,98,102,2023,-64,-302,5
2023-01-07,AZ+HI,1,1,1,1,1,5,7,2023,-64,-302,5
2023-01-08,DST states,25,12,13,23,8,82,95,2023,-63,-301,6
2023-01-08,AZ+HI,0,1,0,2,0,3,3,2023,-63,-301,6
2023-01-09,DST states,7,24,10,42,10,93,102,2023,-62,-300,0
2023-01-09,AZ+HI,1,1,1,0,0,3,3,2023,-62,-300,0
2023-01-10,DST states,11,20,15,39,7,92,101,2023,-61,-299,1
2023-01-10,AZ+HI,0,0,0,1,0,1,1,2023,-61,-299,1
2023-01-11,DST states,6,12,22,27,8,75,76,2023,-60,-298,2
2023-01-11,AZ+HI,0,3,0,1,0,4,4,2023,-60,-298,2
2023-01-12,DST states,8,10,15,34,10,77,80,2023,-59,-297,3
2023-01-12,AZ+HI,0,1,0,0,0,1,5,2023,-59,-297,3
2023-01-13,DST states,11,14,18,27,15,85,89,2023,-58,-296,4
2023-01-13,AZ+HI,0,0,0,1,1,2,2,2023,-58,-296,4
2023-01-14,DST states,21,13,13,31,11,91,105,2023,-57,-295,5
2023-01-14,AZ+HI,2,2,0,2,0,6,6,2023,-57,-295,5
2023-01-15,DST states,21,12,10,29,10,84,91,2023,-56,-294,6
2023-01-15,AZ+HI,0,3,1,0,0,4,4,2023,-56,-294,6
2023-01-16,DST states,14,19,19,29,15,96,104,2023,-55,-293,0
2023-01-16,AZ+HI,0,1,1,1,1,4,4,2023,-55,-293,0
2023-01-17,DST states,13,25,15,39,13,105,113,2023,-54,-292,1
2023-01-17,AZ+HI,0,0,0,2,0,2,2,2023,-54,-292,1
2023-01-18,DST states,13,13,14,18,11,71,75,2023,-53,-291,2
2023-01-18,AZ+HI,0,1,0,1,0,2,2,2023,-53,-291,2
2023-01-19,DST states,9,15,16,26,7,74,82,2023,-52,-290,3
2023-01-19,AZ+HI,1,1,0,0,1,3,3,2023,-52,-290,3
2023-01-20,DST states,16,20,11,25,20,92,108,2023,-51,-289,4
2023-01-20,AZ+HI,1,0,2,0,1,4,5,2023,-51,-289,4
2023-01-21,DST states,22,13,17,26,12,90,95,2023,-50,-288,5
2023-01-21,AZ+HI,1,1,0,2,0,4,4,2023,-50,-288,5
2023-01-22,DST states,24,10,10,43,8,96,115,2023,-49,-287,6
2023-01-22,AZ+HI,0,0,1,0,1,3,3,2023,-49,-287,6
2023-01-23,DST states,14,17,18,28,3,81,82,2023,-48,-286,0
2023-01-23,AZ+HI,1,1,0,1,0,3,3,2023,-48,-286,0
2023-01-24,DST states,9,21,15,20,13,78,85,2023,-47,-285,1
2023-01-24,AZ+HI,1,1,0,2,1,5,5,2023,-47,-285,1
2023-01-25,DST states,14,13,18,30,8,83,89,2023,-46,-284,2
2023-01-25,AZ+HI,0,0,0,0,1,1,1,2023,-46,-284,2
2023-01-26,DST states,10,15,17,30,13,85,91,2023,-45,-283,3
2023-01-26,AZ+HI,0,0,0,0,1,1,1,2023,-45,-283,3
2023-01-27,DST states,18,13,12,37,16,96,102,2023,-44,-282,4
2023-01-27,AZ+HI,0,0,0,0,0,0,0,2023,-44,-282,4
2023-01-28,DST states,16,8,16,31,16,90,100,2023,-43,-281,5
2023-01-28,AZ+HI,2,0,0,4,0,6,7,2023,-43,-281,5
2023-01-29,DST states,21,17,7,23,13,82,91,2023,-42,-280,6
2023-01-29,AZ+HI,1,0,0,1,0,2,2,2023,-42,-280,6
2023-01-30,DST states,16,22,22,30,10,100,108,2023,-41,-279,0
2023-01-30,AZ+HI,1,1,0,1,0,3,3,2023,-41,-279,0
2023-01-31,DST states,8,13,7,36,5,69,75,2023,-40,-278,1
2023-01-31,AZ+HI,1,0,1,2,0,4,4,2023,-40,-278,1
2023-02-01,DST states,13,14,13,20,10,70,75,2023,-39,-277,2
2023-02-01,AZ+HI,1,0,2,1,0,4,4,2023,-39,-277,2
2023-02-02,DST states,9,16,19,27,13,86,92,2023,-38,-276,3
2023-02-02,AZ+HI,0,1,1,0,1,3,3,2023,-38,-276,3
2023-02-03,DST states,10,14,23,43,20,111,120,2023,-37,-275,4
2023-02-03,AZ+HI,2,1,2,2,0,7,8,2023,-37,-275,4
2023-02-04,DST states,19,17,16,35,18,105,115,2023,-36,-274,5
2023-02-04,AZ+HI,1,0,0,0,5,6,7,2023,-36,-274,5
2023-02-05,DST states,29,8,13,35,9,95,100,2023,-35,-273,6
2023-02-05,AZ+HI,2,0,1,1,0,4,5,2023,-35,-273,6
2023-02-06,DST states,17,19,13,39,9,98,102,2023,-34,-272,0
2023-02-06,AZ+HI,0,0,0,0,0,0,0,2023,-34,-272,0
2023-02-07,DST states,11,14,25,22,7,79,83,2023,-33,-271,1
2023-02-07,AZ+HI,2,1,1,0,1,5,5,2023,-33,-271,1
2023-02-08,DST states,7,29,14,31,17,98,103,2023,-32,-270,2
2023-02-08,AZ+HI,0,0,1,1,0,2,2,2023,-32,-270,2
2023-02-09,DST states,12,19,13,38,9,92,100,2023,-31,-269,3
2023-02-09,AZ+HI,1,1,1,0,0,3,3,2023,-31,-269,3
2023-02-10,DST states,9,13,11,39,23,96,101,2023,-30,-268,4
2023-02-10,AZ+HI,2,0,1,0,2,5,6,2023,-30,-268,4
2023-02-11,DST states,19,9,14,36,19,97,106,2023,-29,-267,5
2023-02-11,AZ+HI,0,0,1,9,1,11,11,2023,-29,-267,5
2023-02-12,DST states,23,8,16,19,13,80,88,2023,-28,-266,6
2023-02-12,AZ+HI,0,2,0,1,0,3,3,2023,-28,-266,6
2023-02-13,DST states,9,15,17,25,8,74,78,2023,-27,-265,0
2023-02-13,AZ+HI,0,1,1,0,0,2,2,2023,-27,-265,0
2023-02-14,DST states,12,16,18,31,11,88,91,2023,-26,-264,1
2023-02-14,AZ+HI,1,2,2,1,1,7,7,2023,-26,-264,1
2023-02-15,DST states,9,17,13,36,18,93,102,2023,-25,-263,2
2023-02-15,AZ+HI,0,4,1,0,1,6,7,2023,-25,-263,2
2023-02-16,DST states,8,21,12,32,11,84,88,2023,-24,-262,3
2023-02-16,AZ+HI,0,1,0,0,0,1,1,2023,-24,-262,3
2023-02-17,DST states,11,24,9,37,11,94,109,2023,-23,-261,4
2023-02-17,AZ+HI,1,0,1,2,3,7,7,2023,-23,-261,4
2023-02-18,DST states,24,8,13,27,18,90,105,2023,-22,-260,5
2023-02-18,AZ+HI,1,0,0,3,2,6,6,2023,-22,-260,5
2023-02-19,DST states,30,13,9,43,12,108,117,2023,-21,-259,6
2023-02-19,AZ+HI,0,1,0,2,0,3,6,2023,-21,-259,6
2023-02-20,DST states,14,14,13,31,15,88,98,2023,-20,-258,0
2023-02-20,AZ+HI,0,0,0,1,0,1,1,2023,-20,-258,0
2023-02-21,DST states,11,14,14,36,19,94,101,2023,-19,-257,1
2023-02-21,AZ+HI,0,0,0,2,1,3,3,2023,-19,-257,1
2023-02-22,DST states,13,19,19,30,10,91,96,2023,-18,-256,2
2023-02-22,AZ+HI,0,0,1,1,0,2,2,2023,-18,-256,2
2023-02-23,DST states,14,19,11,35,9,89,91,2023,-17,-255,3
2023-02-23,AZ+HI,0,1,0,2,1,4,6,2023,-17,-255,3
2023-02-24,DST states,20,14,23,34,20,111,123,2023,-16,-254,4
2023-02-24,AZ+HI,0,0,1,0,0,1,1,2023,-16,-254,4
2023-02-25,DST states,25,18,12,37,21,113,125,2023,-15,-253,5
2023-02-25,AZ+HI,0,1,0,2,1,4,5,2023,-15,-253,5
2023-02-26,DST states,32,5,12,25,8,83,97,2023,-14,-252,6
2023-02-26,AZ+HI,0,0,1,1,0,2,2,2023,-14,-252,6
2023-02-27,DST states,9,18,9,21,10,69,73,2023,-13,-251,0
2023-02-27,AZ+HI,0,0,0,0,0,0,0,2023,-13,-251,0
2023-02-28,DST states,7,8,12,25,14,66,67,2023,-12,-250,1
2023-02-28,AZ+HI,0,0,0,1,1,2,2,2023,-12,-250,1
2023-03-01,DST states,11,15,25,38,9,99,109,2023,-11,-249,2
2023-03-01,AZ+HI,0,0,0,2,1,4,6,2023,-11,-249,2
2023-03-02,DST states,11,12,18,26,11,78,86,2023,-10,-248,3
2023-03-02,AZ+HI,0,2,0,1,3,6,9,2023,-10,-248,3
2023-03-03,DST states,11,10,18,44,11,94,100,2023,-9,-247,4
2023-03-03,AZ+HI,2,0,2,2,0,6,6,2023,-9,-247,4
2023-03-04,DST states,20,18,19,33,21,112,123,2023,-8,-246,5
2023-03-04,AZ+HI,1,0,1,0,1,3,3,2023,-8,-246,5
2023-03-05,DST states,21,11,11,36,8,87,99,2023,-7,-245,6
2023-03-05,AZ+HI,1,2,1,0,2,6,6,2023,-7,-245,6
2023-03-06,DST states,10,16,19,30,6,83,93,2023,-6,-244,0
2023-03-06,AZ+HI,0,0,1,0,0,1,1,2023,-6,-244,0
2023-03-07,DST states,8,9,20,30,12,80,83,2023,-5,-243,1
2023-03-07,AZ+HI,0,0,1,1,1,3,5,2023,-5,-243,1
2023-03-08,DST states,10,15,15,30,7,77,80,2023,-4,-242,2
2023-03-08,AZ+HI,1,0,0,3,0,4,4,2023,-4,-242,2
2023-03-09,DST states,7,18,10,29,10,75,78,2023,-3,-241,3
2023-03-09,AZ+HI,0,1,0,0,0,1,1,2023,-3,-241,3
2023-03-10,DST states,9,12,19,23,13,76,84,2023,-2,-240,4
2023-03-10,AZ+HI,0,2,0,2,0,4,7,2023,-2,-240,4
2023-03-11,DST states,21,15,14,32,17,100,113,2023,-1,-239,5
2023-03-11,AZ+HI,0,1,1,2,0,4,4,2023,-1,-239,5
2023-03-12,DST states,23,12,17,27,10,89,93,2023,0,-238,6
2023-03-12,AZ+HI,1,1,0,2,0,4,4,2023,0,-238,6
2023-03-13,DST states,11,15,12,20,13,71,79,2023,1,-237,0
2023-03-13,AZ+HI,0,1,0,2,0,3,3,2023,1,-237,0
2023-03-14,DST states,5,21,9,24,8,68,71,2023,2,-236,1
2023-03-14,AZ+HI,0,0,0,1,1,2,2,2023,2,-236,1
2023-03-15,DST states,15,21,17,22,13,89,95,2023,3,-235,2
2023-03-15,AZ+HI,0,1,0,4,2,7,9,2023,3,-235,2
2023-03-16,DST states,14,18,15,25,14,87,94,2023,4,-234,3
2023-03-16,AZ+HI,0,0,0,2,1,3,3,2023,4,-234,3
2023-03-17,DST states,16,15,24,27,13,98,106,2023,5,-233,4
2023-03-17,AZ+HI,0,3,1,3,1,8,8,2023,5,-233,4
2023-03-18,DST states,26,11,14,29,15,95,103,2023,6,-232,5
2023-03-18,AZ+HI,0,0,1,3,1,5,6,2023,6,-232,5
2023-03-19,DST states,22,9,11,14,14,72,82,2023,7,-231,6
2023-03-19,AZ+HI,1,0,0,2,1,4,4,2023,7,-231,6
2023-03-20,DST states,13,18,12,26,8,78,85,2023,8,-230,0
2023-03-20,AZ+HI,0,0,1,0,0,1,1,2023,8,-230,0
2023-03-21,DST states,6,19,13,27,16,81,87,2023,9,-229,1
2023-03-21,AZ+HI,0,0,1,0,1,2,2,2023,9,-229,1
2023-03-22,DST states,10,15,10,30,12,78,91,2023,10,-228,2
2023-03-22,AZ+HI,0,0,0,0,0,0,0,2023,10,-228,2
2023-03-23,DST states,10,14,13,32,12,81,84,2023,11,-227,3
2023-03-23,AZ+HI,0,2,1,0,0,3,3,2023,11,-227,3
2023-03-24,DST states,15,14,13,28,23,93,96,2023,12,-226,4
2023-03-24,AZ+HI,0,1,1,2,2,6,7,2023,12,-226,4
2023-03-25,DST states,21,10,20,25,17,94,101,2023,13,-225,5
2023-03-25,AZ+HI,0,1,2,2,0,5,6,2023,13,-225,5
2023-03-26,DST states,22,12,12,40,13,102,113,2023,14,-224,6
2023-03-26,AZ+HI,0,0,1,1,4,6,6,2023,14,-224,6
2023-03-27,DST states,12,19,14,19,8,73,81,2023,15,-223,0
2023-03-27,AZ+HI,0,0,0,1,0,1,1,2023,15,-223,0
2023-03-28,DST states,6,18,16,31,11,82,86,2023,16,-222,1
2023-03-28,AZ+HI,0,1,0,3,1,5,5,2023,16,-222,1
2023-03-29,DST states,7,19,9,26,9,70,75,2023,17,-221,2
2023-03-29,AZ+HI,1,0,3,0,1,5,6,2023,17,-221,2
2023-03-30,DST states,11,22,20,27,15,96,98,2023,18,-220,3
2023-03-30,AZ+HI,1,1,3,0,1,6,6,2023,18,-220,3
2023-03-31,DST states,24,12,21,31,21,109,122,2023,19,-219,4
2023-03-31,AZ+HI,0,0,1,4,0,5,5,2023,19,-219,4
2023-04-01,DST states,31,17,17,27,21,116,126,2023,20,-218,5
2023-04-01,AZ+HI,2,0,3,1,2,8,8,2023,20,-218,5
2023-04-02,DST states,35,17,16,37,11,116,126,2023,21,-217,6
2023-04-02,AZ+HI,1,0,1,0,0,2,2,2023,21,-217,6
2023-04-03,DST states,17,16,14,26,17,90,108,2023,22,-216,0
2023-04-03,AZ+HI,0,0,2,1,1,5,5,2023,22,-216,0
2023-04-04,DST states,11,20,20,24,13,90,101,2023,23,-215,1
2023-04-04,AZ+HI,0,0,1,1,1,3,3,2023,23,-215,1
2023-04-05,DST states,13,13,18,32,14,91,98,2023,24,-214,2
2023-04-05,AZ+HI,1,0,1,1,1,4,5,2023,24,-214,2
2023-04-06,DST states,11,16,13,25,15,80,88,2023,25,-213,3
2023-04-06,AZ+HI,0,2,1,0,1,4,6,2023,25,-213,3
2023-04-07,DST states,16,14,13,25,16,84,90,2023,26,-212,4
2023-04-07,AZ+HI,1,1,2,1,1,6,8,2023,26,-212,4
2023-04-08,DST states,22,9,22,33,19,106,120,2023,27,-211,5
2023-04-08,AZ+HI,1,0,1,2,4,8,9,2023,27,-211,5
2023-04-09,DST states,33,16,9,39,12,112,124,2023,28,-210,6
2023-04-09,AZ+HI,2,0,0,1,1,4,5,2023,28,-210,6
2023-04-10,DST states,13,14,18,28,18,91,101,2023,29,-209,0
2023-04-10,AZ+HI,0,0,1,0,0,1,1,2023,29,-209,0
2023-04-11,DST states,5,13,25,27,15,85,93,2023,30,-208,1
2023-04-11,AZ+HI,0,0,0,1,0,1,1,2023,30,-208,1
2023-04-12,DST states,9,19,18,37,18,101,107,2023,31,-207,2
2023-04-12,AZ+HI,0,0,0,2,0,2,2,2023,31,-207,2
2023-04-13,DST states,15,14,19,39,23,110,118,2023,32,-206,3
2023-04-13,AZ+HI,0,0,0,3,1,4,5,2023,32,-206,3
2023-04-14,DST states,14,17,24,38,21,114,121,2023,33,-205,4
2023-04-14,AZ+HI,0,0,0,2,2,4,5,2023,33,-205,4
2023-04-15,DST states,32,16,21,37,16,122,131,2023,34,-204,5
2023-04-15,AZ+HI,2,0,1,2,0,5,10,2023,34,-204,5
2023-04-16,DST states,37,10,18,25,14,105,114,2023,35,-203,6
2023-04-16,AZ+HI,2,0,0,0,1,3,4,2023,35,-203,6
2023-04-17,DST states,7,11,14,26,13,72,79,2023,36,-202,0
2023-04-17,AZ+HI,0,0,2,1,1,4,4,2023,36,-202,0
2023-04-18,DST states,10,10,19,28,6,74,85,2023,37,-201,1
2023-04-18,AZ+HI,0,2,1,1,0,4,4,2023,37,-201,1
2023-04-19,DST states,12,14,18,36,14,95,98,2023,38,-200,2
2023-04-19,AZ+HI,0,0,1,0,0,1,1,2023,38,-200,2
2023-04-20,DST states,9,15,19,33,24,100,107,2023,39,-199,3
2023-04-20,AZ+HI,0,0,1,1,1,3,3,2023,39,-199,3
2023-04-21,DST states,15,19,21,32,27,115,125,2023,40,-198,4
2023-04-21,AZ+HI,0,1,0,1,0,2,2,2023,40,-198,4
2023-04-22,DST states,41,13,23,24,30,132,137,2023,41,-197,5
2023-04-22,AZ+HI,1,0,0,0,0,1,1,2023,41,-197,5
2023-04-23,DST states,32,8,15,21,13,89,99,2023,42,-196,6
2023-04-23,AZ+HI,2,0,0,2,1,5,5,2023,42,-196,6
2023-04-24,DST states,13,23,16,21,5,78,82,2023,43,-195,0
2023-04-24,AZ+HI,0,1,0,2,0,3,3,2023,43,-195,0
2023-04-25,DST states,11,15,20,19,6,73,79,2023,44,-194,1
2023-04-25,AZ+HI,0,0,0,1,1,2,2,2023,44,-194,1
2023-04-26,DST states,12,12,20,41,9,94,102,2023,45,-193,2
2023-04-26,AZ+HI,1,0,0,1,0,3,4,2023,45,-193,2
2023-04-27,DST states,9,13,11,26,11,70,72,2023,46,-192,3
2023-04-27,AZ+HI,1,0,0,1,1,3,3,2023,46,-192,3
2023-04-28,DST states,10,13,19,49,20,111,123,2023,47,-191,4
2023-04-28,AZ+HI,0,0,1,4,0,5,6,2023,47,-191,4
2023-04-29,DST states,19,11,15,33,25,104,114,2023,48,-190,5
2023-04-29,AZ+HI,2,0,2,1,2,7,7,2023,48,-190,5
2023-04-30,DST states,42,10,19,39,25,136,151,2023,49,-189,6
2023-04-30,AZ+HI,1,1,1,1,1,5,5,2023,49,-189,6
2023-05-01,DST states,14,17,23,27,14,95,105,2023,50,-188,0
2023-05-01,AZ+HI,0,1,2,0,2,5,5,2023,50,-188,0
2023-05-02,DST states,8,17,16,23,8,73,78,2023,51,-187,1
2023-05-02,AZ+HI,1,1,2,0,0,4,4,2023,51,-187,1
2023-05-03,DST states,11,11,19,27,15,83,88,2023,52,-186,2
2023-05-03,AZ+HI,1,0,0,1,0,2,2,2023,52,-186,2
2023-05-04,DST states,12,13,26,33,22,108,120,2023,53,-185,3
2023-05-04,AZ+HI,0,2,0,1,0,3,3,2023,53,-185,3
2023-05-05,DST states,13,14,17,39,30,113,121,2023,54,-184,4
2023-05-05,AZ+HI,0,0,2,0,0,2,2,2023,54,-184,4
2023-05-06,DST states,37,13,31,37,20,138,155,2023,55,-183,5
2023-05-06,AZ+HI,2,0,2,2,0,6,6,2023,55,-183,5
2023-05-07,DST states,43,16,16,34,21,131,145,2023,56,-182,6
2023-05-07,AZ+HI,3,1,0,1,0,5,6,2023,56,-182,6
2023-05-08,DST states,21,8,28,32,13,103,117,2023,57,-181,0
2023-05-08,AZ+HI,0,1,0,0,0,1,1,2023,57,-181,0
2023-05-09,DST states,6,18,13,27,13,77,82,2023,58,-180,1
2023-05-09,AZ+HI,1,1,0,0,0,2,2,2023,58,-180,1
2023-05-10,DST states,11,10,16,32,9,80,88,2023,59,-179,2
2023-05-10,AZ+HI,0,0,0,0,0,0,0,2023,59,-179,2
2023-05-11,DST states,13,14,16,27,24,94,100,2023,60,-178,3
2023-05-11,AZ+HI,0,0,0,3,0,3,3,2023,60,-178,3
2023-05-12,DST states,21,6,22,42,17,109,110,2023,61,-177,4
2023-05-12,AZ+HI,1,1,1,2,1,6,6,2023,61,-177,4
2023-05-13,DST states,20,12,22,39,32,126,138,2023,62,-176,5
2023-05-13,AZ+HI,3,0,1,2,0,6,6,2023,62,-176,5
2023-05-14,DST states,32,13,17,33,21,116,139,2023,63,-175,6
2023-05-14,AZ+HI,1,2,1,3,1,8,8,2023,63,-175,6
2023-05-15,DST states,11,14,14,20,10,70,75,2023,64,-174,0
2023-05-15,AZ+HI,0,1,1,1,0,3,3,2023,64,-174,0
2023-05-16,DST states,7,12,15,27,10,72,79,2023,65,-173,1
2023-05-16,AZ+HI,0,0,1,2,1,4,4,2023,65,-173,1
2023-05-17,DST states,12,16,24,41,9,102,108,2023,66,-172,2
2023-05-17,AZ+HI,0,2,2,3,0,7,7,2023,66,-172,2
2023-05-18,DST states,11,14,26,27,15,95,111,2023,67,-171,3
2023-05-18,AZ+HI,1,0,1,0,0,2,2,2023,67,-171,3
2023-05-19,DST states,12,14,23,37,18,104,116,2023,68,-170,4
2023-05-19,AZ+HI,0,1,3,0,1,5,5,2023,68,-170,4
2023-05-20,DST states,30,7,16,39,23,115,125,2023,69,-169,5
2023-05-20,AZ+HI,0,0,1,0,1,2,2,2023,69,-169,5
2023-05-21,DST states,35,8,22,40,13,118,130,2023,70,-168,6
2023-05-21,AZ+HI,0,0,1,1,0,2,2,2023,70,-168,6
2023-05-22,DST states,10,17,17,32,16,92,101,2023,71,-167,0
2023-05-22,AZ+HI,0,0,1,2,0,3,3,2023,71,-167,0
2023-05-23,DST states,6,9,20,27,13,75,79,2023,72,-166,1
2023-05-23,AZ+HI,1,0,0,2,1,4,4,2023,72,-166,1
2023-05-24,DST states,14,14,23,30,17,98,108,2023,73,-165,2
2023-05-24,AZ+HI,0,0,0,2,0,2,2,2023,73,-165,2
2023-05-25,DST states,10,9,19,26,17,81,85,2023,74,-164,3
2023-05-25,AZ+HI,0,0,0,4,0,4,4,2023,74,-164,3
2023-05-26,DST states,13,12,26,28,20,99,107,2023,75,-163,4
2023-05-26,AZ+HI,0,0,0,2,0,2,2,2023,75,-163,4
2023-05-27,DST states,19,22,29,43,32,146,159,2023,76,-162,5
2023-05-27,AZ+HI,1,0,2,1,1,5,5,2023,76,-162,5
2023-05-28,DST states,32,6,24,33,27,125,149,2023,77,-161,6
2023-05-28,AZ+HI,1,1,0,1,1,4,5,2023,77,-161,6
2023-05-29,DST states,13,6,20,34,21,94,104,2023,78,-160,0
2023-05-29,AZ+HI,1,1,1,0,1,4,4,2023,78,-160,0
2023-05-30,DST states,13,19,12,29,12,86,92,2023,79,-159,1
2023-05-30,AZ+HI,2,1,0,2,0,5,5,2023,79,-159,1
2023-05-31,DST states,13,17,24,26,16,96,109,2023,80,-158,2
2023-05-31,AZ+HI,0,4,0,1,0,5,5,2023,80,-158,2
2023-06-01,DST states,17,12,24,25,23,101,112,2023,81,-157,3
2023-06-01,AZ+HI,0,2,1,0,0,3,5,2023,81,-157,3
2023-06-02,DST states,9,15,18,25,22,90,96,2023,82,-156,4
2023-06-02,AZ+HI,4,2,1,2,1,10,12,2023,82,-156,4
2023-06-03,DST states,30,15,17,39,28,130,148,2023,83,-155,5
2023-06-03,AZ+HI,0,0,2,2,0,4,4,2023,83,-155,5
2023-06-04,DST states,35,18,14,50,15,134,138,2023,84,-154,6
2023-06-04,AZ+HI,1,0,0,2,0,3,3,2023,84,-154,6
2023-06-05,DST states,16,10,16,24,11,77,84,2023,85,-153,0
2023-06-05,AZ+HI,1,0,0,0,2,3,3,2023,85,-153,0
2023-06-06,DST states,5,18,12,33,28,97,99,2023,86,-152,1
2023-06-06,AZ+HI,0,1,0,0,1,2,2,2023,86,-152,1
2023-06-07,DST states,13,17,21,26,21,98,105,2023,87,-151,2
2023-06-07,AZ+HI,0,0,0,1,1,2,2,2023,87,-151,2
2023-06-08,DST states,9,11,22,33,20,95,103,2023,88,-150,3
2023-06-08,AZ+HI,0,0,0,2,1,3,4,2023,88,-150,3
2023-06-09,DST states,14,18,21,28,17,99,110,2023,89,-149,4
2023-06-09,AZ+HI,0,0,1,2,3,6,6,2023,89,-149,4
2023-06-10,DST states,29,14,24,45,32,148,164,2023,90,-148,5
2023-06-10,AZ+HI,0,0,0,1,2,3,3,2023,90,-148,5
2023-06-11,DST states,27,10,17,42,14,112,129,2023,91,-147,6
2023-06-11,AZ+HI,1,2,1,3,0,7,7,2023,91,-147,6
2023-06-12,DST states,14,14,24,28,16,96,105,2023,92,-146,0
2023-06-12,AZ+HI,0,0,1,0,0,1,1,2023,92,-146,0
2023-06-13,DST states,9,16,11,27,12,75,79,2023,93,-145,1
2023-06-13,AZ+HI,0,0,1,0,1,2,2,2023,93,-145,1
2023-06-14,DST states,12,15,22,27,16,94,104,2023,94,-144,2
2023-06-14,AZ+HI,0,0,1,2,0,3,3,2023,94,-144,2
2023-06-15,DST states,17,14,18,14,12,75,79,2023,95,-143,3
2023-06-15,AZ+HI,0,0,0,1,2,3,3,2023,95,-143,3
2023-06-16,DST states,16,16,17,41,32,124,132,2023,96,-142,4
2023-06-16,AZ+HI,0,1,0,1,1,3,3,2023,96,-142,4
2023-06-17,DST states,35,16,28,38,30,149,163,2023,97,-141,5
2023-06-17,AZ+HI,0,2,0,1,0,3,5,2023,97,-141,5
2023-06-18,DST states,37,12,20,40,23,133,153,2023,98,-140,6
2023-06-18,AZ+HI,0,0,1,2,1,5,5,2023,98,-140,6
2023-06-19,DST states,14,13,22,34,13,97,108,2023,99,-139,0
2023-06-19,AZ+HI,1,0,1,1,0,3,3,2023,99,-139,0
2023-06-20,DST states,12,13,20,15,17,77,84,2023,100,-138,1
2023-06-20,AZ+HI,0,1,0,0,0,1,1,2023,100,-138,1
2023-06-21,DST states,16,14,14,28,17,89,97,2023,101,-137,2
2023-06-21,AZ+HI,0,0,0,0,0,0,0,2023,101,-137,2
2023-06-22,DST states,12,13,17,23,20,86,94,2023,102,-136,3
2023-06-22,AZ+HI,0,0,0,1,1,2,2,2023,102,-136,3
2023-06-23,DST states,24,18,24,39,23,128,138,2023,103,-135,4
2023-06-23,AZ+HI,1,0,0,2,2,5,7,2023,103,-135,4
2023-06-24,DST states,28,14,23,36,27,129,137,2023,104,-134,5
2023-06-24,AZ+HI,1,1,0,2,0,4,4,2023,104,-134,5
2023-06-25,DST states,42,12,20,25,15,115,125,2023,105,-133,6
2023-06-25,AZ+HI,2,0,1,1,1,5,5,2023,105,-133,6
2023-06-26,DST states,16,18,15,21,19,90,98,2023,106,-132,0
2023-06-26,AZ+HI,1,0,0,0,0,1,1,2023,106,-132,0
2023-06-27,DST states,6,10,18,25,10,70,79,2023,107,-131,1
2023-06-27,AZ+HI,2,0,0,0,0,2,2,2023,107,-131,1
2023-06-28,DST states,10,12,20,21,11,75,82,2023,108,-130,2
2023-06-28,AZ+HI,0,0,0,1,2,4,4,2023,108,-130,2
2023-06-29,DST states,12,12,30,26,22,102,114,2023,109,-129,3
2023-06-29,AZ+HI,1,1,1,1,2,6,6,2023,109,-129,3
2023-06-30,DST states,17,13,20,40,26,117,126,2023,110,-128,4
2023-06-30,AZ+HI,0,0,1,1,1,3,4,2023,110,-128,4
2023-07-01,DST states,35,13,29,31,32,140,148,2023,111,-127,5
2023-07-01,AZ+HI,1,0,1,2,0,4,4,2023,111,-127,5
2023-07-02,DST states,35,11,22,28,17,114,123,2023,112,-126,6
2023-07-02,AZ+HI,1,2,0,2,0,6,7,2023,112,-126,6
2023-07-03,DST states,19,10,18,42,22,111,119,2023,113,-125,0
2023-07-03,AZ+HI,1,0,0,1,1,3,5,2023,113,-125,0
2023-07-04,DST states,19,18,25,40,26,128,145,2023,114,-124,1
2023-07-04,AZ+HI,1,0,0,1,1,3,3,2023,114,-124,1
2023-07-05,DST states,10,15,19,30,17,92,101,2023,115,-123,2
2023-07-05,AZ+HI,1,0,0,0,1,2,3,2023,115,-123,2
2023-07-06,DST states,11,13,20,42,13,100,114,2023,116,-122,3
2023-07-06,AZ+HI,0,0,0,0,0,0,0,2023,116,-122,3
2023-07-07,DST states,11,14,22,36,19,103,113,2023,117,-121,4
2023-07-07,AZ+HI,0,0,0,1,0,1,1,2023,117,-121,4
2023-07-08,DST states,28,15,19,46,28,136,145,2023,118,-120,5
2023-07-08,AZ+HI,1,0,1,1,0,3,3,2023,118,-120,5
2023-07-09,DST states,24,18,26,33,17,118,127,2023,119,-119,6
2023-07-09,AZ+HI,1,0,1,0,1,3,3,2023,119,-119,6
2023-07-10,DST states,16,16,15,25,17,89,98,2023,120,-118,0
2023-07-10,AZ+HI,1,0,0,1,0,2,3,2023,120,-118,0
2023-07-11,DST states,7,9,15,26,19,78,83,2023,121,-117,1
2023-07-11,AZ+HI,1,0,2,0,1,4,4,2023,121,-117,1
2023-07-12,DST states,9,18,22,36,16,101,109,2023,122,-116,2
2023-07-12,AZ+HI,0,0,1,1,0,2,2,2023,122,-116,2
2023-07-13,DST states,14,12,11,26,25,88,92,2023,123,-115,3
2023-07-13,AZ+HI,0,0,0,1,0,1,1,2023,123,-115,3
2023-07-14,DST states,24,15,22,26,24,113,123,2023,124,-114,4
2023-07-14,AZ+HI,0,0,1,2,0,3,3,2023,124,-114,4
2023-07-15,DST states,30,14,23,33,39,139,153,2023,125,-113,5
2023-07-15,AZ+HI,0,1,1,1,1,4,4,2023,125,-113,5
2023-07-16,DST states,33,15,16,37,22,123,149,2023,126,-112,6
2023-07-16,AZ+HI,1,1,0,0,0,2,2,2023,126,-112,6
2023-07-17,DST states,13,13,20,29,16,91,98,2023,127,-111,0
2023-07-17,AZ+HI,0,1,1,0,1,3,3,2023,127,-111,0
2023-07-18,DST states,15,11,16,25,19,87,96,2023,128,-110,1
2023-07-18,AZ+HI,0,0,1,0,0,1,1,2023,128,-110,1
2023-07-19,DST states,6,18,11,20,15,72,73,2023,129,-109,2
2023-07-19,AZ+HI,1,1,0,0,1,3,3,2023,129,-109,2
2023-07-20,DST states,7,10,24,27,27,96,104,2023,130,-108,3
2023-07-20,AZ+HI,0,0,1,0,0,1,1,2023,130,-108,3
2023-07-21,DST states,18,10,24,32,21,106,121,2023,131,-107,4
2023-07-21,AZ+HI,0,0,0,1,0,2,2,2023,131,-107,4
2023-07-22,DST states,28,17,23,46,21,135,151,2023,132,-106,5
2023-07-22,AZ+HI,1,1,0,2,0,4,4,2023,132,-106,5
2023-07-23,DST states,34,15,23,32,17,122,125,2023,133,-105,6
2023-07-23,AZ+HI,1,0,0,0,1,2,2,2023,133,-105,6
2023-07-24,DST states,16,17,22,17,16,90,98,2023,134,-104,0
2023-07-24,AZ+HI,1,1,2,1,1,6,7,2023,134,-104,0
2023-07-25,DST states,11,13,13,26,14,77,80,2023,135,-103,1
2023-07-25,AZ+HI,0,0,0,1,0,1,1,2023,135,-103,1
2023-07-26,DST states,14,14,14,38,20,101,109,2023,136,-102,2
2023-07-26,AZ+HI,0,0,3,0,0,3,3,2023,136,-102,2
2023-07-27,DST states,12,14,23,33,10,93,100,2023,137,-101,3
2023-07-27,AZ+HI,0,0,1,0,0,1,1,2023,137,-101,3
2023-07-28,DST states,22,14,20,34,25,116,124,2023,138,-100,4
2023-07-28,AZ+HI,0,0,1,7,1,9,9,2023,138,-100,4
2023-07-29,DST states,34,19,24,45,27,149,164,2023,139,-99,5
2023-07-29,AZ+HI,3,0,3,0,0,6,6,2023,139,-99,5
2023-07-30,DST states,36,8,19,39,18,120,128,2023,140,-98,6
2023-07-30,AZ+HI,0,0,0,1,0,1,1,2023,140,-98,6
2023-07-31,DST states,12,19,22,21,15,89,91,2023,141,-97,0
2023-07-31,AZ+HI,1,0,0,1,0,2,2,2023,141,-97,0
2023-08-01,DST states,9,20,20,32,18,100,105,2023,142,-96,1
2023-08-01,AZ+HI,0,1,1,0,0,2,2,2023,142,-96,1
2023-08-02,DST states,13,22,19,31,11,97,108,2023,143,-95,2
2023-08-02,AZ+HI,1,1,1,1,0,4,7,2023,143,-95,2
2023-08-03,DST states,12,11,24,36,19,103,111,2023,144,-94,3
2023-08-03,AZ+HI,1,0,0,1,0,2,3,2023,144,-94,3
2023-08-04,DST states,18,15,23,29,26,111,126,2023,145,-93,4
2023-08-04,AZ+HI,1,1,0,0,0,3,3,2023,145,-93,4
2023-08-05,DST states,27,14,24,46,27,140,150,2023,146,-92,5
2023-08-05,AZ+HI,0,0,1,1,0,2,3,2023,146,-92,5
2023-08-06,DST states,32,10,33,31,22,128,151,2023,147,-91,6
2023-08-06,AZ+HI,0,2,1,0,2,6,6,2023,147,-91,6
2023-08-07,DST states,13,21,19,24,14,91,95,2023,148,-90,0
2023-08-07,AZ+HI,1,2,1,1,0,5,5,2023,148,-90,0
2023-08-08,DST states,11,15,31,35,13,105,115,2023,149,-89,1
2023-08-08,AZ+HI,0,0,1,1,0,2,2,2023,149,-89,1
2023-08-09,DST states,10,23,19,25,12,89,100,2023,150,-88,2
2023-08-09,AZ+HI,0,0,1,0,1,2,2,2023,150,-88,2
2023-08-10,DST states,13,13,14,19,15,74,82,2023,151,-87,3
2023-08-10,AZ+HI,1,0,2,1,1,5,5,2023,151,-87,3
2023-08-11,DST states,13,14,29,40,29,125,138,2023,152,-86,4
2023-08-11,AZ+HI,1,0,0,2,1,4,4,2023,152,-86,4
2023-08-12,DST states,38,10,21,41,28,140,156,2023,153,-85,5
2023-08-12,AZ+HI,1,1,1,1,0,4,4,2023,153,-85,5
2023-08-13,DST states,45,16,20,22,20,125,134,2023,154,-84,6
2023-08-13,AZ+HI,1,1,1,2,3,8,8,2023,154,-84,6
2023-08-14,DST states,15,16,12,37,13,93,107,2023,155,-83,0
2023-08-14,AZ+HI,0,0,0,0,1,1,1,2023,155,-83,0
2023-08-15,DST states,8,17,16,34,11,87,92,2023,156,-82,1
2023-08-15,AZ+HI,1,0,0,1,1,3,3,2023,156,-82,1
2023-08-16,DST states,11,12,26,23,16,89,94,2023,157,-81,2
2023-08-16,AZ+HI,0,0,0,0,0,0,0,2023,157,-81,2
2023-08-17,DST states,13,12,16,30,20,91,99,2023,158,-80,3
2023-08-17,AZ+HI,0,1,0,1,0,2,2,2023,158,-80,3
2023-08-18,DST states,12,19,18,33,24,106,115,2023,159,-79,4
2023-08-18,AZ+HI,0,1,0,1,0,2,2,2023,159,-79,4
2023-08-19,DST states,37,9,21,44,24,137,151,2023,160,-78,5
2023-08-19,AZ+HI,0,0,0,0,1,1,1,2023,160,-78,5
2023-08-20,DST states,42,12,22,30,15,121,131,2023,161,-77,6
2023-08-20,AZ+HI,1,2,0,0,0,3,4,2023,161,-77,6
2023-08-21,DST states,20,15,22,41,17,116,121,2023,162,-76,0
2023-08-21,AZ+HI,0,2,0,3,0,5,5,2023,162,-76,0
2023-08-22,DST states,7,21,20,36,11,96,108,2023,163,-75,1
2023-08-22,AZ+HI,0,1,0,1,0,2,2,2023,163,-75,1
2023-08-23,DST states,13,16,12,24,9,74,82,2023,164,-74,2
2023-08-23,AZ+HI,0,0,2,2,0,4,4,2023,164,-74,2
2023-08-24,DST states,18,19,22,33,17,109,120,2023,165,-73,3
2023-08-24,AZ+HI,0,1,0,1,1,3,3,2023,165,-73,3
2023-08-25,DST states,20,16,26,37,24,124,134,2023,166,-72,4
2023-08-25,AZ+HI,1,0,1,1,0,3,3,2023,166,-72,4
2023-08-26,DST states,39,18,27,44,16,144,168,2023,167,-71,5
2023-08-26,AZ+HI,1,0,1,0,0,3,3,2023,167,-71,5
2023-08-27,DST states,43,17,24,35,15,134,144,2023,168,-70,6
2023-08-27,AZ+HI,1,1,0,0,0,2,2,2023,168,-70,6
2023-08-28,DST states,13,18,15,39,11,97,100,2023,169,-69,0
2023-08-28,AZ+HI,1,1,0,0,0,2,2,2023,169,-69,0
2023-08-29,DST states,12,17,12,30,14,87,88,2023,170,-68,1
2023-08-29,AZ+HI,0,1,0,0,1,2,2,2023,170,-68,1
2023-08-30,DST states,12,24,18,28,14,96,100,2023,171,-67,2
2023-08-30,AZ+HI,0,1,0,0,1,3,3,2023,171,-67,2
2023-08-31,DST states,15,19,27,30,14,105,118,2023,172,-66,3
2023-08-31,AZ+HI,0,0,0,0,1,1,1,2023,172,-66,3
2023-09-01,DST states,11,19,23,47,20,121,138,2023,173,-65,4
2023-09-01,AZ+HI,1,0,2,2,1,6,8,2023,173,-65,4
2023-09-02,DST states,26,14,21,48,28,138,154,2023,174,-64,5
2023-09-02,AZ+HI,3,0,0,2,1,6,6,2023,174,-64,5
2023-09-03,DST states,28,9,24,35,22,118,133,2023,175,-63,6
2023-09-03,AZ+HI,2,0,0,3,0,5,7,2023,175,-63,6
2023-09-04,DST states,24,13,23,41,18,121,139,2023,176,-62,0
2023-09-04,AZ+HI,1,0,0,0,1,2,2,2023,176,-62,0
2023-09-05,DST states,11,22,12,36,12,93,97,2023,177,-61,1
2023-09-05,AZ+HI,0,1,0,1,0,2,2,2023,177,-61,1
2023-09-06,DST states,11,20,17,41,20,109,119,2023,178,-60,2
2023-09-06,AZ+HI,0,0,0,1,0,1,1,2023,178,-60,2
2023-09-07,DST states,9,13,20,41,11,94,99,2023,179,-59,3
2023-09-07,AZ+HI,0,0,2,4,1,7,8,2023,179,-59,3
2023-09-08,DST states,13,25,20,45,19,122,128,2023,180,-58,4
2023-09-08,AZ+HI,1,1,1,0,0,3,3,2023,180,-58,4
2023-09-09,DST states,28,11,29,47,24,140,151,2023,181,-57,5
2023-09-09,AZ+HI,2,0,0,0,3,5,5,2023,181,-57,5
2023-09-10,DST states,38,15,17,30,5,107,116,2023,182,-56,6
2023-09-10,AZ+HI,1,0,2,1,0,4,4,2023,182,-56,6
2023-09-11,DST states,13,30,15,33,15,106,115,2023,183,-55,0
2023-09-11,AZ+HI,1,0,0,1,0,2,2,2023,183,-55,0
2023-09-12,DST states,6,10,20,28,8,72,74,2023,184,-54,1
2023-09-12,AZ+HI,0,0,0,0,0,0,0,2023,184,-54,1
2023-09-13,DST states,10,20,14,31,14,90,95,2023,185,-53,2
2023-09-13,AZ+HI,0,0,1,0,1,2,2,2023,185,-53,2
2023-09-14,DST states,11,20,14,35,19,99,104,2023,186,-52,3
2023-09-14,AZ+HI,2,2,0,0,0,4,5,2023,186,-52,3
2023-09-15,DST states,15,13,13,37,35,114,125,2023,187,-51,4
2023-09-15,AZ+HI,1,0,0,1,0,2,2,2023,187,-51,4
2023-09-16,DST states,29,10,21,47,15,124,133,2023,188,-50,5
2023-09-16,AZ+HI,0,0,2,0,1,3,4,2023,188,-50,5
2023-09-17,DST states,40,11,18,32,16,117,124,2023,189,-49,6
2023-09-17,AZ+HI,0,1,1,0,0,2,2,2023,189,-49,6
2023-09-18,DST states,13,21,16,30,14,95,102,2023,190,-48,0
2023-09-18,AZ+HI,0,0,0,4,0,5,6,2023,190,-48,0
2023-09-19,DST states,9,19,21,33,21,105,108,2023,191,-47,1
2023-09-19,AZ+HI,1,0,0,3,0,4,4,2023,191,-47,1
2023-09-20,DST states,8,15,25,48,14,110,116,2023,192,-46,2
2023-09-20,AZ+HI,0,3,2,2,0,7,7,2023,192,-46,2
2023-09-21,DST states,15,24,19,34,12,104,112,2023,193,-45,3
2023-09-21,AZ+HI,0,2,1,1,0,4,4,2023,193,-45,3
2023-09-22,DST states,10,24,16,44,32,126,129,2023,194,-44,4
2023-09-22,AZ+HI,2,0,0,2,0,4,5,2023,194,-44,4
2023-09-23,DST states,31,19,22,40,27,140,154,2023,195,-43,5
2023-09-23,AZ+HI,3,0,0,0,0,3,5,2023,195,-43,5
2023-09-24,DST states,31,11,15,30,19,106,117,2023,196,-42,6
2023-09-24,AZ+HI,1,0,0,0,1,2,2,2023,196,-42,6
2023-09-25,DST states,12,19,14,33,7,85,88,2023,197,-41,0
2023-09-25,AZ+HI,0,2,0,0,0,2,3,2023,197,-41,0
2023-09-26,DST states,12,13,21,43,19,109,122,2023,198,-40,1
2023-09-26,AZ+HI,2,0,1,1,0,5,6,2023,198,-40,1
2023-09-27,DST states,9,13,14,28,10,75,82,2023,199,-39,2
2023-09-27,AZ+HI,1,1,0,0,0,2,2,2023,199,-39,2
2023-09-28,DST states,12,30,17,38,14,113,124,2023,200,-38,3
2023-09-28,AZ+HI,0,2,0,0,2,4,4,2023,200,-38,3
2023-09-29,DST states,14,23,18,37,24,117,136,2023,201,-37,4
2023-09-29,AZ+HI,0,0,1,3,1,5,5,2023,201,-37,4
2023-09-30,DST states,35,14,19,49,25,142,148,2023,202,-36,5
2023-09-30,AZ+HI,0,0,0,0,1,1,1,2023,202,-36,5
2023-10-01,DST states,34,15,26,44,24,144,152,2023,203,-35,6
2023-10-01,AZ+HI,1,0,1,1,0,3,3,2023,203,-35,6
2023-10-02,DST states,12,17,22,31,11,93,95,2023,204,-34,0
2023-10-02,AZ+HI,0,0,1,2,0,3,3,2023,204,-34,0
2023-10-03,DST states,12,19,23,42,11,108,114,2023,205,-33,1
2023-10-03,AZ+HI,1,2,0,3,0,7,7,2023,205,-33,1
2023-10-04,DST states,10,20,25,34,11,100,109,2023,206,-32,2
2023-10-04,AZ+HI,2,0,1,1,2,6,6,2023,206,-32,2
2023-10-05,DST states,11,21,23,45,19,119,128,2023,207,-31,3
2023-10-05,AZ+HI,0,1,0,2,0,3,3,2023,207,-31,3
2023-10-06,DST states,10,23,10,33,25,101,105,2023,208,-30,4
2023-10-06,AZ+HI,0,1,1,2,1,6,6,2023,208,-30,4
2023-10-07,DST states,31,11,19,47,25,134,150,2023,209,-29,5
2023-10-07,AZ+HI,3,0,1,0,0,4,4,2023,209,-29,5
2023-10-08,DST states,30,19,16,30,13,108,120,2023,210,-28,6
2023-10-08,AZ+HI,3,2,2,0,0,7,8,2023,210,-28,6
2023-10-09,DST states,15,12,18,33,14,92,102,2023,211,-27,0
2023-10-09,AZ+HI,0,0,1,1,1,3,4,2023,211,-27,0
2023-10-10,DST states,5,16,12,18,11,62,65,2023,212,-26,1
2023-10-10,AZ+HI,0,1,2,3,0,6,7,2023,212,-26,1
2023-10-11,DST states,11,21,20,34,14,100,103,2023,213,-25,2
2023-10-11,AZ+HI,0,0,0,2,3,5,5,2023,213,-25,2
2023-10-12,DST states,12,12,14,43,7,88,97,2023,214,-24,3
2023-10-12,AZ+HI,0,3,0,1,0,4,4,2023,214,-24,3
2023-10-13,DST states,25,13,22,47,22,130,147,2023,215,-23,4
2023-10-13,AZ+HI,0,1,1,0,0,2,2,2023,215,-23,4
2023-10-14,DST states,27,22,21,36,20,126,138,2023,216,-22,5
2023-10-14,AZ+HI,2,0,0,2,0,5,6,2023,216,-22,5
2023-10-15,DST states,22,15,27,37,14,118,127,2023,217,-21,6
2023-10-15,AZ+HI,0,1,1,2,0,4,4,2023,217,-21,6
2023-10-16,DST states,24,17,14,18,13,86,96,2023,218,-20,0
2023-10-16,AZ+HI,1,1,0,1,1,4,5,2023,218,-20,0
2023-10-17,DST states,8,22,22,27,10,90,97,2023,219,-19,1
2023-10-17,AZ+HI,1,0,2,1,1,5,5,2023,219,-19,1
2023-10-18,DST states,11,22,17,40,10,100,101,2023,220,-18,2
2023-10-18,AZ+HI,0,0,0,1,0,1,1,2023,220,-18,2
2023-10-19,DST states,9,21,26,36,11,104,109,2023,221,-17,3
2023-10-19,AZ+HI,0,1,2,3,0,6,6,2023,221,-17,3
2023-10-20,DST states,19,18,15,44,24,120,125,2023,222,-16,4
2023-10-20,AZ+HI,0,0,1,2,0,3,3,2023,222,-16,4
2023-10-21,DST states,32,19,28,50,25,156,167,2023,223,-15,5
2023-10-21,AZ+HI,1,0,1,2,1,5,6,2023,223,-15,5
2023-10-22,DST states,41,13,19,39,15,130,139,2023,224,-14,6
2023-10-22,AZ+HI,1,0,1,2,0,4,4,2023,224,-14,6
2023-10-23,DST states,14,25,22,41,8,111,118,2023,225,-13,0
2023-10-23,AZ+HI,0,0,0,1,0,2,2,2023,225,-13,0
2023-10-24,DST states,7,16,13,34,13,84,88,2023,226,-12,1
2023-10-24,AZ+HI,0,0,1,1,1,3,3,2023,226,-12,1
2023-10-25,DST states,12,15,17,40,13,97,104,2023,227,-11,2
2023-10-25,AZ+HI,0,0,1,1,0,2,2,2023,227,-11,2
2023-10-26,DST states,9,19,22,52,8,112,120,2023,228,-10,3
2023-10-26,AZ+HI,0,0,0,2,0,2,2,2023,228,-10,3
2023-10-27,DST states,18,20,13,42,22,116,131,2023,229,-9,4
2023-10-27,AZ+HI,1,1,3,2,0,8,8,2023,229,-9,4
2023-10-28,DST states,35,17,25,44,31,153,160,2023,230,-8,5
2023-10-28,AZ+HI,2,0,2,1,1,7,7,2023,230,-8,5
2023-10-29,DST states,39,23,16,36,19,133,157,2023,231,-7,6
2023-10-29,AZ+HI,1,0,2,2,0,5,5,2023,231,-7,6
2023-10-30,DST states,17,24,14,28,8,93,110,2023,232,-6,0
2023-10-30,AZ+HI,0,1,2,0,0,3,3,2023,232,-6,0
2023-10-31,DST states,6,21,13,32,16,88,101,2023,233,-5,1
2023-10-31,AZ+HI,2,0,0,0,0,2,2,2023,233,-5,1
2023-11-01,DST states,12,22,13,37,10,96,101,2023,234,-4,2
2023-11-01,AZ+HI,0,2,0,0,0,2,2,2023,234,-4,2
2023-11-02,DST states,10,20,21,35,7,93,98,2023,235,-3,3
2023-11-02,AZ+HI,0,1,1,1,1,4,5,2023,235,-3,3
2023-11-03,DST states,15,22,25,46,18,128,137,2023,236,-2,4
2023-11-03,AZ+HI,1,1,1,0,1,4,4,2023,236,-2,4
2023-11-04,DST states,34,12,21,51,21,141,151,2023,237,-1,5
2023-11-04,AZ+HI,0,1,0,4,1,6,6,2023,237,-1,5
2023-11-05,DST states,28,11,17,39,10,106,115,2023,238,0,6
2023-11-05,AZ+HI,0,0,0,3,1,4,4,2023,238,0,6
2023-11-06,DST states,12,12,17,39,14,96,101,2023,239,1,0
2023-11-06,AZ+HI,0,0,0,2,0,2,2,2023,239,1,0
2023-11-07,DST states,8,16,22,39,10,96,97,2023,240,2,1
2023-11-07,AZ+HI,0,0,0,0,0,0,0,2023,240,2,1
2023-11-08,DST states,10,13,17,50,6,96,113,2023,241,3,2
2023-11-08,AZ+HI,1,1,0,3,0,5,5,2023,241,3,2
2023-11-09,DST states,11,14,20,48,15,109,118,2023,242,4,3
2023-11-09,AZ+HI,0,0,2,3,0,5,5,2023,242,4,3
2023-11-10,DST states,19,12,13,45,10,99,102,2023,243,5,4
2023-11-10,AZ+HI,0,1,0,3,1,5,6,2023,243,5,4
2023-11-11,DST states,23,11,24,42,14,114,131,2023,244,6,5
2023-11-11,AZ+HI,0,1,4,2,1,8,8,2023,244,6,5
2023-11-12,DST states,22,12,14,32,14,94,103,2023,245,7,6
2023-11-12,AZ+HI,3,1,1,1,0,7,7,2023,245,7,6
2023-11-13,DST states,9,15,24,40,16,104,108,2023,246,8,0
2023-11-13,AZ+HI,0,1,0,2,0,3,5,2023,246,8,0
2023-11-14,DST states,6,14,23,41,10,95,105,2023,247,9,1
2023-11-14,AZ+HI,1,1,0,3,0,5,5,2023,247,9,1
2023-11-15,DST states,6,16,16,39,9,86,91,2023,248,10,2
2023-11-15,AZ+HI,1,4,0,1,0,6,6,2023,248,10,2
2023-11-16,DST states,1,18,19,37,13,88,89,2023,249,11,3
2023-11-16,AZ+HI,1,0,0,0,0,2,2,2023,249,11,3
2023-11-17,DST states,10,14,18,51,21,114,121,2023,250,12,4
2023-11-17,AZ+HI,2,0,3,1,0,6,6,2023,250,12,4
2023-11-18,DST states,30,16,27,50,19,143,154,2023,251,13,5
2023-11-18,AZ+HI,0,1,1,1,1,4,4,2023,251,13,5
2023-11-19,DST states,27,23,15,32,16,114,119,2023,252,14,6
2023-11-19,AZ+HI,0,0,2,0,0,2,2,2023,252,14,6
2023-11-20,DST states,8,18,17,34,9,86,92,2023,253,15,0
2023-11-20,AZ+HI,0,0,1,2,0,4,4,2023,253,15,0
2023-11-21,DST states,13,15,13,39,15,96,106,2023,254,16,1
2023-11-21,AZ+HI,0,1,0,0,1,2,2,2023,254,16,1
2023-11-22,DST states,14,17,16,47,11,106,114,2023,255,17,2
2023-11-22,AZ+HI,0,1,0,2,0,3,3,2023,255,17,2
2023-11-23,DST states,26,6,18,35,14,101,117,2023,256,18,3
2023-11-23,AZ+HI,1,1,0,2,0,4,4,2023,256,18,3
2023-11-24,DST states,13,10,14,32,14,84,88,2023,257,19,4
2023-11-24,AZ+HI,0,0,0,1,0,1,1,2023,257,19,4
2023-11-25,DST states,22,12,17,36,12,100,112,2023,258,20,5
2023-11-25,AZ+HI,1,1,1,1,0,4,5,2023,258,20,5
2023-11-26,DST states,24,15,15,30,9,94,103,2023,259,21,6
2023-11-26,AZ+HI,0,0,1,2,0,3,3,2023,259,21,6
2023-11-27,DST states,11,19,18,30,16,94,99,2023,260,22,0
2023-11-27,AZ+HI,1,1,0,2,0,4,4,2023,260,22,0
2023-11-28,DST states,6,16,10,18,8,58,62,2023,261,23,1
2023-11-28,AZ+HI,0,1,0,1,0,2,2,2023,261,23,1
2023-11-29,DST states,7,23,17,34,12,93,98,2023,262,24,2
2023-11-29,AZ+HI,0,0,0,0,0,1,1,2023,262,24,2
2023-11-30,DST states,7,14,12,25,15,75,79,2023,263,25,3
2023-11-30,AZ+HI,0,1,0,2,2,5,5,2023,263,25,3
2023-12-01,DST states,15,21,16,44,18,116,128,2023,264,26,4
2023-12-01,AZ+HI,0,0,0,1,0,1,1,2023,264,26,4
2023-12-02,DST states,22,12,22,35,17,109,117,2023,265,27,5
2023-12-02,AZ+HI,1,0,1,2,2,6,7,2023,265,27,5
2023-12-03,DST states,26,7,12,42,15,105,112,2023,266,28,6
2023-12-03,AZ+HI,0,1,0,2,0,3,3,2023,266,28,6
2023-12-04,DST states,11,16,25,38,14,104,108,2023,267,29,0
2023-12-04,AZ+HI,0,1,1,3,0,5,5,2023,267,29,0
2023-12-05,DST states,12,19,23,41,6,102,109,2023,268,30,1
2023-12-05,AZ+HI,0,0,1,2,0,3,4,2023,268,30,1
2023-12-06,DST states,14,13,18,30,13,90,97,2023,269,31,2
2023-12-06,AZ+HI,0,1,2,1,0,4,4,2023,269,31,2
2023-12-07,DST states,8,20,20,41,14,104,113,2023,270,32,3
2023-12-07,AZ+HI,0,0,1,2,0,3,3,2023,270,32,3
2023-12-08,DST states,13,15,22,55,17,123,129,2023,271,33,4
2023-12-08,AZ+HI,1,0,0,2,1,4,4,2023,271,33,4
2023-12-09,DST states,24,14,16,33,18,105,128,2023,272,34,5
2023-12-09,AZ+HI,0,0,1,1,1,4,4,2023,272,34,5
2023-12-10,DST states,35,16,16,32,15,114,127,2023,273,35,6
2023-12-10,AZ+HI,1,0,1,1,0,3,4,2023,273,35,6
2023-12-11,DST states,15,24,11,31,11,92,94,2023,274,36,0
2023-12-11,AZ+HI,0,2,2,1,0,5,5,2023,274,36,0
2023-12-12,DST states,7,11,19,35,9,81,86,2023,275,37,1
2023-12-12,AZ+HI,0,2,0,0,1,3,5,2023,275,37,1
2023-12-13,DST states,10,16,16,30,19,92,98,2023,276,38,2
2023-12-13,AZ+HI,1,0,2,5,0,8,10,2023,276,38,2
2023-12-14,DST states,7,17,14,44,12,94,98,2023,277,39,3
2023-12-14,AZ+HI,1,0,1,2,1,5,7,2023,277,39,3
2023-12-15,DST states,15,21,24,40,22,124,132,2023,278,40,4
2023-12-15,AZ+HI,0,0,1,0,0,1,2,2023,278,40,4
2023-12-16,DST states,22,11,14,31,17,96,111,2023,279,41,5
2023-12-16,AZ+HI,0,1,2,2,0,5,6,2023,279,41,5
2023-12-17,DST states,39,12,13,27,15,106,113,2023,280,42,6
2023-12-17,AZ+HI,1,0,1,2,0,4,6,2023,280,42,6
2023-12-18,DST states,10,9,21,38,9,87,93,2023,281,43,0
2023-12-18,AZ+HI,0,1,0,1,2,4,4,2023,281,43,0
2023-12-19,DST states,12,18,13,32,15,90,96,2023,282,44,1
2023-12-19,AZ+HI,0,0,1,1,1,3,3,2023,282,44,1
2023-12-20,DST states,5,18,19,40,11,93,103,2023,283,45,2
2023-12-20,AZ+HI,0,0,0,3,0,3,4,2023,283,45,2
2023-12-21,DST states,13,12,18,39,20,102,104,2023,284,46,3
2023-12-21,AZ+HI,1,1,0,0,0,2,2,2023,284,46,3
2023-12-22,DST states,14,16,14,47,21,113,122,2023,285,47,4
2023-12-22,AZ+HI,0,0,0,0,0,0,0,2023,285,47,4
2023-12-23,DST states,27,9,20,36,16,108,120,2023,286,48,5
2023-12-23,AZ+HI,1,2,0,1,1,5,5,2023,286,48,5
2023-12-24,DST states,32,10,11,36,6,95,100,2023,287,49,6
2023-12-24,AZ+HI,1,0,0,1,0,3,3,2023,287,49,6
2023-12-25,DST states,26,8,19,33,12,98,105,2023,288,50,0
2023-12-25,AZ+HI,0,0,1,0,0,1,1,2023,288,50,0
2023-12-26,DST states,9,16,23,30,8,86,93,2023,289,51,1
2023-12-26,AZ+HI,0,0,0,2,0,2,2,2023,289,51,1
2023-12-27,DST states,12,9,14,25,13,73,79,2023,290,52,2
2023-12-27,AZ+HI,0,0,0,2,0,2,2,2023,290,52,2
2023-12-28,DST states,10,16,10,31,11,79,91,2023,291,53,3
2023-12-28,AZ+HI,1,0,0,0,1,2,2,2023,291,53,3
2023-12-29,DST states,7,16,23,38,10,95,105,2023,292,54,4
2023-12-29,AZ+HI,1,0,1,1,0,3,3,2023,292,54,4
2023-12-30,DST states,21,9,14,33,10,89,98,2023,293,55,5
2023-12-30,AZ+HI,0,1,1,2,2,7,7,2023,293,55,5
2023-12-31,DST states,22,10,12,31,19,94,100,2023,294,56,6
2023-12-31,AZ+HI,2,0,0,2,2,6,6,2023,294,56,6
2024-01-01,DST states,44,21,8,30,11,115,125,2024,-69,-307,0
2024-01-01,AZ+HI,0,0,0,1,0,1,1,2024,-69,-307,0
2024-01-02,DST states,9,15,21,26,4,75,79,2024,-68,-306,1
2024-01-02,AZ+HI,0,1,1,3,2,7,7,2024,-68,-306,1
2024-01-03,DST states,6,14,13,29,10,72,73,2024,-67,-305,2
2024-01-03,AZ+HI,0,1,0,0,4,5,5,2024,-67,-305,2
2024-01-04,DST states,10,10,13,33,4,70,81,2024,-66,-304,3
2024-01-04,AZ+HI,1,1,0,1,1,4,5,2024,-66,-304,3
2024-01-05,DST states,8,20,21,35,14,98,103,2024,-65,-303,4
2024-01-05,AZ+HI,0,0,0,0,1,1,1,2024,-65,-303,4
2024-01-06,DST states,16,11,12,22,10,71,75,2024,-64,-302,5
2024-01-06,AZ+HI,1,0,0,0,0,1,1,2024,-64,-302,5
2024-01-07,DST states,19,9,8,28,13,78,86,2024,-63,-301,6
2024-01-07,AZ+HI,2,0,1,1,0,4,6,2024,-63,-301,6
2024-01-08,DST states,6,20,20,28,9,83,87,2024,-62,-300,0
2024-01-08,AZ+HI,0,0,0,0,0,0,0,2024,-62,-300,0
2024-01-09,DST states,9,18,10,26,5,68,74,2024,-61,-299,1
2024-01-09,AZ+HI,0,1,0,1,0,2,2,2024,-61,-299,1
2024-01-10,DST states,7,15,21,30,11,84,88,2024,-60,-298,2
2024-01-10,AZ+HI,0,0,0,3,1,5,5,2024,-60,-298,2
2024-01-11,DST states,7,16,13,31,8,75,80,2024,-59,-297,3
2024-01-11,AZ+HI,0,1,0,2,0,3,3,2024,-59,-297,3
2024-01-12,DST states,10,18,15,31,18,92,100,2024,-58,-296,4
2024-01-12,AZ+HI,2,1,1,0,1,5,6,2024,-58,-296,4
2024-01-13,DST states,27,13,14,29,19,103,113,2024,-57,-295,5
2024-01-13,AZ+HI,0,0,1,0,0,1,1,2024,-57,-295,5
2024-01-14,DST states,26,11,9,13,6,65,73,2024,-56,-294,6
2024-01-14,AZ+HI,0,0,1,1,0,3,3,2024,-56,-294,6
2024-01-15,DST states,9,8,10,21,9,57,62,2024,-55,-293,0
2024-01-15,AZ+HI,0,0,0,0,0,0,0,2024,-55,-293,0
2024-01-16,DST states,10,13,10,21,9,65,71,2024,-54,-292,1
2024-01-16,AZ+HI,0,0,1,0,1,3,3,2024,-54,-292,1
2024-01-17,DST states,7,15,9,25,9,65,74,2024,-53,-291,2
2024-01-17,AZ+HI,0,1,1,1,1,4,4,2024,-53,-291,2
2024-01-18,DST states,6,11,15,19,11,62,64,2024,-52,-290,3
2024-01-18,AZ+HI,1,0,2,0,1,4,6,2024,-52,-290,3
2024-01-19,DST states,8,8,17,26,14,73,76,2024,-51,-289,4
2024-01-19,AZ+HI,0,0,0,2,1,3,3,2024,-51,-289,4
2024-01-20,DST states,17,5,14,26,15,78,85,2024,-50,-288,5
2024-01-20,AZ+HI,0,0,1,1,2,4,4,2024,-50,-288,5
2024-01-21,DST states,31,10,13,22,7,85,96,2024,-49,-287,6
2024-01-21,AZ+HI,0,0,0,1,3,4,4,2024,-49,-287,6
2024-01-22,DST states,6,18,15,13,6,58,66,2024,-48,-286,0
2024-01-22,AZ+HI,0,4,0,0,0,4,4,2024,-48,-286,0
2024-01-23,DST states,6,14,12,34,17,84,88,2024,-47,-285,1
2024-01-23,AZ+HI,0,1,1,1,1,4,4,2024,-47,-285,1
2024-01-24,DST states,14,13,13,33,11,84,88,2024,-46,-284,2
2024-01-24,AZ+HI,0,0,0,2,1,3,3,2024,-46,-284,2
2024-01-25,DST states,8,12,8,26,8,63,68,2024,-45,-283,3
2024-01-25,AZ+HI,0,0,3,0,0,3,4,2024,-45,-283,3
2024-01-26,DST states,7,18,17,36,21,100,102,2024,-44,-282,4
2024-01-26,AZ+HI,0,1,0,1,2,4,4,2024,-44,-282,4
2024-01-27,DST states,23,9,18,31,20,101,112,2024,-43,-281,5
2024-01-27,AZ+HI,1,0,1,1,0,3,3,2024,-43,-281,5
2024-01-28,DST states,32,20,10,23,8,93,97,2024,-42,-280,6
2024-01-28,AZ+HI,1,0,0,3,1,5,5,2024,-42,-280,6
2024-01-29,DST states,10,13,17,26,7,74,81,2024,-41,-279,0
2024-01-29,AZ+HI,0,2,1,2,0,5,5,2024,-41,-279,0
2024-01-30,DST states,7,13,14,30,7,71,75,2024,-40,-278,1
2024-01-30,AZ+HI,1,2,0,1,0,4,4,2024,-40,-278,1
2024-01-31,DST states,7,12,20,24,11,75,79,2024,-39,-277,2
2024-01-31,AZ+HI,0,0,1,1,0,2,2,2024,-39,-277,2
2024-02-01,DST states,8,23,15,32,6,85,91,2024,-38,-276,3
2024-02-01,AZ+HI,1,1,0,1,1,4,4,2024,-38,-276,3
2024-02-02,DST states,13,13,14,38,12,90,101,2024,-37,-275,4
2024-02-02,AZ+HI,0,0,0,2,0,2,2,2024,-37,-275,4
2024-02-03,DST states,26,8,14,23,24,96,103,2024,-36,-274,5
2024-02-03,AZ+HI,0,0,2,2,0,4,5,2024,-36,-274,5
2024-02-04,DST states,24,10,12,27,7,82,91,2024,-35,-273,6
2024-02-04,AZ+HI,1,0,1,2,0,4,4,2024,-35,-273,6
2024-02-05,DST states,12,15,23,26,5,81,95,2024,-34,-272,0
2024-02-05,AZ+HI,0,0,0,0,1,1,2,2024,-34,-272,0
2024-02-06,DST states,11,11,19,28,11,80,86,2024,-33,-271,1
2024-02-06,AZ+HI,1,1,1,0,0,3,4,2024,-33,-271,1
2024-02-07,DST states,8,18,10,30,3,70,74,2024,-32,-270,2
2024-02-07,AZ+HI,0,1,1,0,1,3,3,2024,-32,-270,2
2024-02-08,DST states,7,13,13,26,9,69,75,2024,-31,-269,3
2024-02-08,AZ+HI,0,1,1,1,0,3,5,2024,-31,-269,3
2024-02-09,DST states,8,8,21,43,15,95,99,2024,-30,-268,4
2024-02-09,AZ+HI,0,1,0,2,0,3,3,2024,-30,-268,4
2024-02-10,DST states,25,11,11,35,24,108,119,2024,-29,-267,5
2024-02-10,AZ+HI,0,0,0,1,2,4,4,2024,-29,-267,5
2024-02-11,DST states,21,12,10,21,15,83,91,2024,-28,-266,6
2024-02-11,AZ+HI,2,0,2,0,0,4,4,2024,-28,-266,6
2024-02-12,DST states,16,26,14,28,7,91,98,2024,-27,-265,0
2024-02-12,AZ+HI,0,2,0,1,0,3,5,2024,-27,-265,0
2024-02-13,DST states,4,17,13,33,12,79,82,2024,-26,-264,1
2024-02-13,AZ+HI,1,1,0,0,0,2,2,2024,-26,-264,1
2024-02-14,DST states,13,14,13,28,9,77,81,2024,-25,-263,2
2024-02-14,AZ+HI,1,0,0,0,0,1,1,2024,-25,-263,2
2024-02-15,DST states,13,12,15,15,6,62,71,2024,-24,-262,3
2024-02-15,AZ+HI,1,0,1,1,0,3,3,2024,-24,-262,3
2024-02-16,DST states,16,16,19,37,17,107,112,2024,-23,-261,4
2024-02-16,AZ+HI,0,1,0,1,2,4,5,2024,-23,-261,4
2024-02-17,DST states,18,8,14,32,10,82,92,2024,-22,-260,5
2024-02-17,AZ+HI,1,0,1,1,0,3,3,2024,-22,-260,5
2024-02-18,DST states,26,5,15,15,8,72,78,2024,-21,-259,6
2024-02-18,AZ+HI,0,2,0,1,0,3,4,2024,-21,-259,6
2024-02-19,DST states,10,12,16,25,4,68,71,2024,-20,-258,0
2024-02-19,AZ+HI,0,0,1,0,0,1,2,2024,-20,-258,0
2024-02-20,DST states,8,19,14,26,11,78,86,2024,-19,-257,1
2024-02-20,AZ+HI,0,0,0,1,1,2,3,2024,-19,-257,1
2024-02-21,DST states,8,9,11,31,9,68,72,2024,-18,-256,2
2024-02-21,AZ+HI,0,1,0,0,1,2,2,2024,-18,-256,2
2024-02-22,DST states,11,9,13,33,15,81,86,2024,-17,-255,3
2024-02-22,AZ+HI,0,1,0,0,0,1,1,2024,-17,-255,3
2024-02-23,DST states,10,18,10,28,17,83,93,2024,-16,-254,4
2024-02-23,AZ+HI,0,0,2,2,1,5,5,2024,-16,-254,4
2024-02-24,DST states,31,7,17,28,24,109,124,2024,-15,-253,5
2024-02-24,AZ+HI,1,2,2,1,1,7,7,2024,-15,-253,5
2024-02-25,DST states,22,15,18,32,11,98,106,2024,-14,-252,6
2024-02-25,AZ+HI,1,0,3,0,1,5,5,2024,-14,-252,6
2024-02-26,DST states,14,13,21,33,13,94,104,2024,-13,-251,0
2024-02-26,AZ+HI,0,0,3,2,0,5,5,2024,-13,-251,0
2024-02-27,DST states,12,13,8,22,16,71,72,2024,-12,-250,1
2024-02-27,AZ+HI,0,0,1,5,1,7,7,2024,-12,-250,1
2024-02-28,DST states,5,14,11,29,9,68,69,2024,-11,-249,2
2024-02-28,AZ+HI,0,0,1,2,2,5,5,2024,-11,-249,2
2024-02-29,DST states,9,15,17,25,9,76,82,2024,-10,-248,3
2024-02-29,AZ+HI,0,0,0,0,1,1,1,2024,-10,-248,3
2024-03-01,DST states,17,16,18,36,21,108,117,2024,-9,-247,4
2024-03-01,AZ+HI,1,0,1,1,1,4,6,2024,-9,-247,4
2024-03-02,DST states,28,7,17,43,25,121,131,2024,-8,-246,5
2024-03-02,AZ+HI,2,1,2,1,1,7,7,2024,-8,-246,5
2024-03-03,DST states,32,13,12,41,14,112,118,2024,-7,-245,6
2024-03-03,AZ+HI,1,0,2,1,1,6,7,2024,-7,-245,6
2024-03-04,DST states,7,15,13,27,3,66,73,2024,-6,-244,0
2024-03-04,AZ+HI,0,0,0,0,0,0,0,2024,-6,-244,0
2024-03-05,DST states,11,16,21,30,8,87,94,2024,-5,-243,1
2024-03-05,AZ+HI,1,1,1,1,0,4,4,2024,-5,-243,1
2024-03-06,DST states,10,19,11,24,10,76,85,2024,-4,-242,2
2024-03-06,AZ+HI,0,2,0,2,2,6,6,2024,-4,-242,2
2024-03-07,DST states,7,16,13,28,4,68,71,2024,-3,-241,3
2024-03-07,AZ+HI,1,1,0,3,0,5,5,2024,-3,-241,3
2024-03-08,DST states,13,9,10,33,18,83,103,2024,-2,-240,4
2024-03-08,AZ+HI,0,0,0,3,1,4,4,2024,-2,-240,4
2024-03-09,DST states,24,11,19,17,20,91,103,2024,-1,-239,5
2024-03-09,AZ+HI,0,0,0,1,0,1,2,2024,-1,-239,5
2024-03-10,DST states,33,13,12,25,18,102,109,2024,0,-238,6
2024-03-10,AZ+HI,2,1,1,0,0,4,4,2024,0,-238,6
2024-03-11,DST states,16,16,21,28,19,100,111,2024,1,-237,0
2024-03-11,AZ+HI,0,1,2,0,0,3,3,2024,1,-237,0
2024-03-12,DST states,11,18,7,38,17,92,97,2024,2,-236,1
2024-03-12,AZ+HI,0,0,0,1,1,2,2,2024,2,-236,1
2024-03-13,DST states,20,14,18,37,18,108,113,2024,3,-235,2
2024-03-13,AZ+HI,0,1,1,2,0,4,4,2024,3,-235,2
2024-03-14,DST states,16,20,12,34,13,96,98,2024,4,-234,3
2024-03-14,AZ+HI,0,0,0,0,0,0,0,2024,4,-234,3
2024-03-15,DST states,10,19,16,21,22,88,92,2024,5,-233,4
2024-03-15,AZ+HI,1,1,1,1,0,4,4,2024,5,-233,4
2024-03-16,DST states,30,15,16,31,32,125,134,2024,6,-232,5
2024-03-16,AZ+HI,0,0,2,0,1,3,5,2024,6,-232,5
2024-03-17,DST states,29,12,16,25,13,97,102,2024,7,-231,6
2024-03-17,AZ+HI,1,0,0,1,1,4,5,2024,7,-231,6
2024-03-18,DST states,14,13,17,25,8,78,81,2024,8,-230,0
2024-03-18,AZ+HI,0,1,0,0,0,1,1,2024,8,-230,0
2024-03-19,DST states,7,9,17,16,7,56,60,2024,9,-229,1
2024-03-19,AZ+HI,0,1,0,0,1,2,2,2024,9,-229,1
2024-03-20,DST states,6,18,24,25,12,85,92,2024,10,-228,2
2024-03-20,AZ+HI,0,0,1,1,1,3,3,2024,10,-228,2
2024-03-21,DST states,11,14,15,23,8,72,78,2024,11,-227,3
2024-03-21,AZ+HI,1,0,0,2,2,5,5,2024,11,-227,3
2024-03-22,DST states,14,14,13,29,17,88,98,2024,12,-226,4
2024-03-22,AZ+HI,4,0,0,1,0,5,5,2024,12,-226,4
2024-03-23,DST states,19,8,14,25,20,86,92,2024,13,-225,5
2024-03-23,AZ+HI,0,0,0,2,0,2,3,2024,13,-225,5
2024-03-24,DST states,24,10,11,29,12,87,95,2024,14,-224,6
2024-03-24,AZ+HI,0,3,0,1,1,5,6,2024,14,-224,6
2024-03-25,DST states,8,14,17,23,12,74,79,2024,15,-223,0
2024-03-25,AZ+HI,1,0,0,0,0,1,1,2024,15,-223,0
2024-03-26,DST states,8,14,23,21,11,78,84,2024,16,-222,1
2024-03-26,AZ+HI,0,0,0,2,1,3,3,2024,16,-222,1
2024-03-27,DST states,4,26,21,21,10,83,87,2024,17,-221,2
2024-03-27,AZ+HI,0,0,0,0,2,2,2,2024,17,-221,2
2024-03-28,DST states,11,17,17,19,12,76,83,2024,18,-220,3
2024-03-28,AZ+HI,0,0,1,1,1,3,3,2024,18,-220,3
2024-03-29,DST states,12,11,17,35,16,93,101,2024,19,-219,4
2024-03-29,AZ+HI,0,1,0,1,1,4,4,2024,19,-219,4
2024-03-30,DST states,28,13,25,25,17,109,121,2024,20,-218,5
2024-03-30,AZ+HI,0,1,1,0,0,2,3,2024,20,-218,5
2024-03-31,DST states,26,10,24,35,11,107,122,2024,21,-217,6
2024-03-31,AZ+HI,0,0,0,0,1,2,2,2024,21,-217,6
2024-04-01,DST states,14,17,20,21,8,81,95,2024,22,-216,0
2024-04-01,AZ+HI,0,1,0,0,0,1,1,2024,22,-216,0
2024-04-02,DST states,7,12,18,22,13,72,73,2024,23,-215,1
2024-04-02,AZ+HI,0,1,1,1,1,4,4,2024,23,-215,1
2024-04-03,DST states,13,20,18,31,13,95,106,2024,24,-214,2
2024-04-03,AZ+HI,0,1,1,2,1,5,7,2024,24,-214,2
2024-04-04,DST states,15,20,17,23,10,85,89,2024,25,-213,3
2024-04-04,AZ+HI,0,1,0,5,1,7,7,2024,25,-213,3
2024-04-05,DST states,7,14,16,23,16,76,80,2024,26,-212,4
2024-04-05,AZ+HI,1,1,1,3,0,6,6,2024,26,-212,4
2024-04-06,DST states,21,14,17,29,19,100,116,2024,27,-211,5
2024-04-06,AZ+HI,0,0,0,0,0,0,0,2024,27,-211,5
2024-04-07,DST states,32,11,17,27,16,103,113,2024,28,-210,6
2024-04-07,AZ+HI,2,0,1,3,1,7,7,2024,28,-210,6
2024-04-08,DST states,12,19,18,37,10,96,101,2024,29,-209,0
2024-04-08,AZ+HI,0,0,0,0,1,1,1,2024,29,-209,0
2024-04-09,DST states,8,14,14,33,13,82,88,2024,30,-208,1
2024-04-09,AZ+HI,0,0,2,0,0,2,2,2024,30,-208,1
2024-04-10,DST states,6,10,17,21,13,68,72,2024,31,-207,2
2024-04-10,AZ+HI,0,0,2,4,0,6,7,2024,31,-207,2
2024-04-11,DST states,17,21,8,23,15,84,86,2024,32,-206,3
2024-04-11,AZ+HI,0,0,0,2,0,2,2,2024,32,-206,3
2024-04-12,DST states,17,18,12,23,14,84,95,2024,33,-205,4
2024-04-12,AZ+HI,0,0,0,1,2,3,3,2024,33,-205,4
2024-04-13,DST states,30,12,23,48,27,140,156,2024,34,-204,5
2024-04-13,AZ+HI,2,0,1,3,1,7,7,2024,34,-204,5
2024-04-14,DST states,21,8,25,40,18,115,123,2024,35,-203,6
2024-04-14,AZ+HI,2,1,1,1,0,5,6,2024,35,-203,6
2024-04-15,DST states,14,19,13,37,22,106,117,2024,36,-202,0
2024-04-15,AZ+HI,1,1,1,1,0,5,5,2024,36,-202,0
2024-04-16,DST states,10,18,15,24,17,84,88,2024,37,-201,1
2024-04-16,AZ+HI,0,0,0,1,0,1,1,2024,37,-201,1
2024-04-17,DST states,10,16,16,29,13,85,90,2024,38,-200,2
2024-04-17,AZ+HI,0,1,1,1,0,4,5,2024,38,-200,2
2024-04-18,DST states,15,18,16,37,16,103,109,2024,39,-199,3
2024-04-18,AZ+HI,2,0,0,2,0,4,6,2024,39,-199,3
2024-04-19,DST states,12,17,16,26,21,92,99,2024,40,-198,4
2024-04-19,AZ+HI,1,0,2,1,3,7,8,2024,40,-198,4
2024-04-20,DST states,27,14,20,32,24,118,129,2024,41,-197,5
2024-04-20,AZ+HI,0,3,2,2,2,9,11,2024,41,-197,5
2024-04-21,DST states,27,7,17,28,12,91,101,2024,42,-196,6
2024-04-21,AZ+HI,0,1,2,1,1,5,5,2024,42,-196,6
2024-04-22,DST states,10,13,10,25,12,70,80,2024,43,-195,0
2024-04-22,AZ+HI,1,0,0,2,0,3,3,2024,43,-195,0
2024-04-23,DST states,16,15,16,18,16,81,87,2024,44,-194,1
2024-04-23,AZ+HI,0,2,0,0,0,2,2,2024,44,-194,1
2024-04-24,DST states,13,20,18,31,12,94,105,2024,45,-193,2
2024-04-24,AZ+HI,0,0,3,2,0,5,5,2024,45,-193,2
2024-04-25,DST states,14,11,17,34,20,97,105,2024,46,-192,3
2024-04-25,AZ+HI,0,2,0,1,1,4,4,2024,46,-192,3
2024-04-26,DST states,17,11,16,33,21,98,103,2024,47,-191,4
2024-04-26,AZ+HI,1,0,1,1,0,3,3,2024,47,-191,4
2024-04-27,DST states,23,11,20,38,30,123,132,2024,48,-190,5
2024-04-27,AZ+HI,0,0,0,1,1,3,3,2024,48,-190,5
2024-04-28,DST states,20,12,16,35,17,100,110,2024,49,-189,6
2024-04-28,AZ+HI,2,1,1,2,1,7,7,2024,49,-189,6
2024-04-29,DST states,15,17,21,28,13,95,101,2024,50,-188,0
2024-04-29,AZ+HI,2,1,1,0,1,5,5,2024,50,-188,0
2024-04-30,DST states,16,14,19,26,19,95,101,2024,51,-187,1
2024-04-30,AZ+HI,1,1,0,0,0,2,2,2024,51,-187,1
2024-05-01,DST states,4,20,23,33,15,95,100,2024,52,-186,2
2024-05-01,AZ+HI,0,1,0,0,0,1,1,2024,52,-186,2
2024-05-02,DST states,12,11,23,37,17,100,104,2024,53,-185,3
2024-05-02,AZ+HI,0,2,1,1,1,5,5,2024,53,-185,3
2024-05-03,DST states,10,4,11,38,29,94,98,2024,54,-184,4
2024-05-03,AZ+HI,1,0,2,5,0,8,8,2024,54,-184,4
2024-05-04,DST states,28,17,19,30,33,128,133,2024,55,-183,5
2024-05-04,AZ+HI,0,1,1,1,0,3,3,2024,55,-183,5
2024-05-05,DST states,26,17,14,30,18,105,121,2024,56,-182,6
2024-05-05,AZ+HI,0,0,0,1,1,2,2,2024,56,-182,6
2024-05-06,DST states,18,10,13,18,10,69,73,2024,57,-181,0
2024-05-06,AZ+HI,0,1,0,0,0,1,1,2024,57,-181,0
2024-05-07,DST states,3,15,17,33,14,82,90,2024,58,-180,1
2024-05-07,AZ+HI,0,0,1,1,2,4,4,2024,58,-180,1
2024-05-08,DST states,17,18,19,20,15,89,94,2024,59,-179,2
2024-05-08,AZ+HI,0,1,1,0,0,2,3,2024,59,-179,2
2024-05-09,DST states,11,21,23,26,15,97,102,2024,60,-178,3
2024-05-09,AZ+HI,0,0,0,0,1,2,2,2024,60,-178,3
2024-05-10,DST states,9,20,17,29,25,101,113,2024,61,-177,4
2024-05-10,AZ+HI,1,0,0,1,0,2,2,2024,61,-177,4
2024-05-11,DST states,29,10,17,32,28,118,127,2024,62,-176,5
2024-05-11,AZ+HI,1,1,0,0,1,3,3,2024,62,-176,5
2024-05-12,DST states,24,14,23,22,15,99,105,2024,63,-175,6
2024-05-12,AZ+HI,0,1,0,3,0,4,6,2024,63,-175,6
2024-05-13,DST states,10,15,29,24,9,87,91,2024,64,-174,0
2024-05-13,AZ+HI,0,0,0,2,0,2,3,2024,64,-174,0
2024-05-14,DST states,8,13,20,29,18,89,108,2024,65,-173,1
2024-05-14,AZ+HI,1,0,0,2,1,4,4,2024,65,-173,1
2024-05-15,DST states,9,10,23,25,21,88,91,2024,66,-172,2
2024-05-15,AZ+HI,0,1,1,1,0,3,3,2024,66,-172,2
2024-05-16,DST states,12,10,20,23,13,79,84,2024,67,-171,3
2024-05-16,AZ+HI,0,1,1,1,0,3,4,2024,67,-171,3
2024-05-17,DST states,25,14,23,28,22,112,119,2024,68,-170,4
2024-05-17,AZ+HI,0,1,1,0,0,2,2,2024,68,-170,4
2024-05-18,DST states,18,17,29,27,30,121,131,2024,69,-169,5
2024-05-18,AZ+HI,1,0,0,1,0,2,2,2024,69,-169,5
2024-05-19,DST states,40,10,28,34,16,129,144,2024,70,-168,6
2024-05-19,AZ+HI,0,0,0,0,1,1,1,2024,70,-168,6
2024-05-20,DST states,7,20,17,21,12,77,81,2024,71,-167,0
2024-05-20,AZ+HI,0,1,0,3,0,4,4,2024,71,-167,0
2024-05-21,DST states,12,9,32,27,8,88,90,2024,72,-166,1
2024-05-21,AZ+HI,0,0,1,3,0,4,4,2024,72,-166,1
2024-05-22,DST states,11,22,22,26,19,100,111,2024,73,-165,2
2024-05-22,AZ+HI,0,0,1,1,0,2,3,2024,73,-165,2
2024-05-23,DST states,15,15,19,35,12,96,99,2024,74,-164,3
2024-05-23,AZ+HI,1,0,1,1,0,3,3,2024,74,-164,3
2024-05-24,DST states,19,15,17,44,23,118,136,2024,75,-163,4
2024-05-24,AZ+HI,2,1,0,1,1,5,5,2024,75,-163,4
2024-05-25,DST states,18,10,24,37,29,118,129,2024,76,-162,5
2024-05-25,AZ+HI,0,2,1,0,0,3,3,2024,76,-162,5
2024-05-26,DST states,37,13,17,34,26,127,139,2024,77,-161,6
2024-05-26,AZ+HI,2,0,0,0,0,2,4,2024,77,-161,6
2024-05-27,DST states,25,12,24,36,11,108,123,2024,78,-160,0
2024-05-27,AZ+HI,1,0,1,2,0,5,6,2024,78,-160,0
2024-05-28,DST states,9,10,12,32,14,78,94,2024,79,-159,1
2024-05-28,AZ+HI,0,0,0,0,0,0,0,2024,79,-159,1
2024-05-29,DST states,9,22,22,29,18,100,114,2024,80,-158,2
2024-05-29,AZ+HI,0,1,1,1,1,4,5,2024,80,-158,2
2024-05-30,DST states,19,11,13,25,16,84,95,2024,81,-157,3
2024-05-30,AZ+HI,1,1,0,0,0,2,2,2024,81,-157,3
2024-05-31,DST states,16,23,22,30,20,113,123,2024,82,-156,4
2024-05-31,AZ+HI,0,0,0,1,0,1,1,2024,82,-156,4
2024-06-01,DST states,18,11,25,35,24,115,121,2024,83,-155,5
2024-06-01,AZ+HI,1,0,0,0,0,1,1,2024,83,-155,5
2024-06-02,DST states,36,8,20,31,15,110,119,2024,84,-154,6
2024-06-02,AZ+HI,1,0,0,0,0,1,1,2024,84,-154,6
2024-06-03,DST states,15,11,15,46,20,107,112,2024,85,-153,0
2024-06-03,AZ+HI,1,0,1,1,0,3,3,2024,85,-153,0
2024-06-04,DST states,10,15,13,28,19,86,99,2024,86,-152,1
2024-06-04,AZ+HI,1,1,1,1,0,4,4,2024,86,-152,1
2024-06-05,DST states,13,19,28,31,9,100,103,2024,87,-151,2
2024-06-05,AZ+HI,1,0,4,1,1,7,9,2024,87,-151,2
2024-06-06,DST states,11,17,29,29,18,104,126,2024,88,-150,3
2024-06-06,AZ+HI,1,0,0,1,0,2,3,2024,88,-150,3
2024-06-07,DST states,18,15,22,35,28,118,125,2024,89,-149,4
2024-06-07,AZ+HI,0,0,0,0,0,0,0,2024,89,-149,4
2024-06-08,DST states,30,16,27,49,25,149,167,2024,90,-148,5
2024-06-08,AZ+HI,1,2,3,0,0,6,6,2024,90,-148,5
2024-06-09,DST states,32,16,15,34,22,120,128,2024,91,-147,6
2024-06-09,AZ+HI,0,0,0,1,1,2,2,2024,91,-147,6
2024-06-10,DST states,10,8,22,38,24,102,109,2024,92,-146,0
2024-06-10,AZ+HI,2,0,1,0,0,3,3,2024,92,-146,0
2024-06-11,DST states,9,15,12,24,13,73,77,2024,93,-145,1
2024-06-11,AZ+HI,0,0,0,0,0,0,0,2024,93,-145,1
2024-06-12,DST states,9,17,20,27,9,83,87,2024,94,-144,2
2024-06-12,AZ+HI,0,1,0,1,1,4,4,2024,94,-144,2
2024-06-13,DST states,10,15,24,36,16,101,108,2024,95,-143,3
2024-06-13,AZ+HI,0,0,2,0,1,3,5,2024,95,-143,3
2024-06-14,DST states,27,16,35,30,26,134,138,2024,96,-142,4
2024-06-14,AZ+HI,0,1,2,1,2,6,6,2024,96,-142,4
2024-06-15,DST states,16,8,18,35,32,109,114,2024,97,-141,5
2024-06-15,AZ+HI,1,0,4,1,0,6,6,2024,97,-141,5
2024-06-16,DST states,36,16,16,19,17,104,113,2024,98,-140,6
2024-06-16,AZ+HI,1,0,0,3,0,4,4,2024,98,-140,6
2024-06-17,DST states,14,16,22,19,16,87,97,2024,99,-139,0
2024-06-17,AZ+HI,1,0,1,2,1,5,5,2024,99,-139,0
2024-06-18,DST states,16,13,20,43,18,110,112,2024,100,-138,1
2024-06-18,AZ+HI,1,0,0,1,2,4,5,2024,100,-138,1
2024-06-19,DST states,13,8,18,27,15,81,86,2024,101,-137,2
2024-06-19,AZ+HI,0,0,0,1,0,1,1,2024,101,-137,2
2024-06-20,DST states,13,18,16,33,21,102,111,2024,102,-136,3
2024-06-20,AZ+HI,0,0,0,1,2,3,3,2024,102,-136,3
2024-06-21,DST states,24,17,12,30,24,107,116,2024,103,-135,4
2024-06-21,AZ+HI,1,0,2,0,1,4,7,2024,103,-135,4
2024-06-22,DST states,29,13,13,30,22,108,113,2024,104,-134,5
2024-06-22,AZ+HI,0,1,0,0,0,1,1,2024,104,-134,5
2024-06-23,DST states,31,10,22,30,19,114,119,2024,105,-133,6
2024-06-23,AZ+HI,1,1,0,1,2,5,5,2024,105,-133,6
2024-06-24,DST states,18,9,17,26,9,79,88,2024,106,-132,0
2024-06-24,AZ+HI,0,0,0,0,0,0,0,2024,106,-132,0
2024-06-25,DST states,18,7,21,29,11,87,100,2024,107,-131,1
2024-06-25,AZ+HI,0,0,0,0,0,0,0,2024,107,-131,1
2024-06-26,DST states,12,17,20,20,16,87,90,2024,108,-130,2
2024-06-26,AZ+HI,2,0,1,2,1,6,6,2024,108,-130,2
2024-06-27,DST states,16,16,27,29,13,101,108,2024,109,-129,3
2024-06-27,AZ+HI,1,0,1,0,0,2,2,2024,109,-129,3
2024-06-28,DST states,13,13,24,29,11,92,105,2024,110,-128,4
2024-06-28,AZ+HI,2,0,0,3,0,6,6,2024,110,-128,4
2024-06-29,DST states,37,12,24,32,20,126,140,2024,111,-127,5
2024-06-29,AZ+HI,0,1,1,0,3,5,5,2024,111,-127,5
2024-06-30,DST states,24,12,18,37,16,107,123,2024,112,-126,6
2024-06-30,AZ+HI,0,0,1,1,0,2,4,2024,112,-126,6
2024-07-01,DST states,11,10,15,38,10,84,92,2024,113,-125,0
2024-07-01,AZ+HI,0,0,2,0,0,2,2,2024,113,-125,0
2024-07-02,DST states,9,16,25,26,17,95,100,2024,114,-124,1
2024-07-02,AZ+HI,0,0,1,1,0,2,2,2024,114,-124,1
2024-07-03,DST states,13,12,18,37,24,104,113,2024,115,-123,2
2024-07-03,AZ+HI,0,0,0,1,2,3,4,2024,115,-123,2
2024-07-04,DST states,30,5,21,39,28,123,139,2024,116,-122,3
2024-07-04,AZ+HI,0,1,0,3,1,5,5,2024,116,-122,3
2024-07-05,DST states,35,19,12,27,16,111,121,2024,117,-121,4
2024-07-05,AZ+HI,0,0,1,1,0,2,2,2024,117,-121,4
2024-07-06,DST states,30,9,18,35,26,119,138,2024,118,-120,5
2024-07-06,AZ+HI,0,1,1,0,1,3,4,2024,118,-120,5
2024-07-07,DST states,28,8,18,27,19,100,111,2024,119,-119,6
2024-07-07,AZ+HI,1,0,0,0,0,1,2,2024,119,-119,6
2024-07-08,DST states,12,17,27,19,10,86,87,2024,120,-118,0
2024-07-08,AZ+HI,0,1,0,0,1,2,2,2024,120,-118,0
2024-07-09,DST states,9,12,27,28,18,94,95,2024,121,-117,1
2024-07-09,AZ+HI,0,0,1,1,0,2,2,2024,121,-117,1
2024-07-10,DST states,11,9,12,24,9,65,70,2024,122,-116,2
2024-07-10,AZ+HI,0,1,1,0,0,2,3,2024,122,-116,2
2024-07-11,DST states,12,6,22,24,17,81,87,2024,123,-115,3
2024-07-11,AZ+HI,0,0,0,1,1,2,5,2024,123,-115,3
2024-07-12,DST states,10,12,24,30,15,91,99,2024,124,-114,4
2024-07-12,AZ+HI,1,1,1,3,1,7,12,2024,124,-114,4
2024-07-13,DST states,20,15,19,35,25,114,125,2024,125,-113,5
2024-07-13,AZ+HI,1,1,1,4,0,7,7,2024,125,-113,5
2024-07-14,DST states,28,17,25,38,20,129,143,2024,126,-112,6
2024-07-14,AZ+HI,0,0,0,1,1,2,2,2024,126,-112,6
2024-07-15,DST states,12,11,17,24,10,74,80,2024,127,-111,0
2024-07-15,AZ+HI,0,0,0,0,2,2,2,2024,127,-111,0
2024-07-16,DST states,11,14,16,23,10,74,84,2024,128,-110,1
2024-07-16,AZ+HI,1,0,0,0,1,3,3,2024,128,-110,1
2024-07-17,DST states,8,14,24,31,15,92,96,2024,129,-109,2
2024-07-17,AZ+HI,3,0,0,1,1,5,6,2024,129,-109,2
2024-07-18,DST states,13,10,17,26,14,80,84,2024,130,-108,3
2024-07-18,AZ+HI,3,0,2,0,1,6,7,2024,130,-108,3
2024-07-19,DST states,14,12,29,44,19,120,133,2024,131,-107,4
2024-07-19,AZ+HI,1,0,1,0,2,4,4,2024,131,-107,4
2024-07-20,DST states,24,12,19,35,23,114,120,2024,132,-106,5
2024-07-20,AZ+HI,0,0,0,2,1,4,4,2024,132,-106,5
2024-07-21,DST states,39,12,13,34,7,106,116,2024,133,-105,6
2024-07-21,AZ+HI,0,0,0,0,1,1,1,2024,133,-105,6
2024-07-22,DST states,18,28,20,29,11,106,115,2024,134,-104,0
2024-07-22,AZ+HI,1,0,2,0,1,4,4,2024,134,-104,0
2024-07-23,DST states,10,14,14,17,12,67,73,2024,135,-103,1
2024-07-23,AZ+HI,3,0,1,1,0,5,5,2024,135,-103,1
2024-07-24,DST states,3,17,19,28,15,83,91,2024,136,-102,2
2024-07-24,AZ+HI,2,0,0,1,1,4,4,2024,136,-102,2
2024-07-25,DST states,8,13,18,26,11,77,82,2024,137,-101,3
2024-07-25,AZ+HI,0,0,0,0,1,1,1,2024,137,-101,3
2024-07-26,DST states,12,14,25,30,25,107,113,2024,138,-100,4
2024-07-26,AZ+HI,1,1,1,1,1,5,6,2024,138,-100,4
2024-07-27,DST states,33,11,19,31,26,121,130,2024,139,-99,5
2024-07-27,AZ+HI,0,0,0,1,1,2,2,2024,139,-99,5
2024-07-28,DST states,34,15,25,28,15,118,135,2024,140,-98,6
2024-07-28,AZ+HI,0,1,0,0,1,2,2,2024,140,-98,6
2024-07-29,DST states,13,12,16,26,12,82,88,2024,141,-97,0
2024-07-29,AZ+HI,1,0,1,2,0,4,4,2024,141,-97,0
2024-07-30,DST states,14,16,14,28,15,87,92,2024,142,-96,1
2024-07-30,AZ+HI,0,0,0,1,0,1,2,2024,142,-96,1
2024-07-31,DST states,12,18,19,29,12,90,100,2024,143,-95,2
2024-07-31,AZ+HI,0,1,1,1,0,3,3,2024,143,-95,2
2024-08-01,DST states,23,22,26,35,21,128,138,2024,144,-94,3
2024-08-01,AZ+HI,0,0,0,1,1,2,2,2024,144,-94,3
2024-08-02,DST states,17,12,19,39,28,116,127,2024,145,-93,4
2024-08-02,AZ+HI,1,0,1,2,0,4,4,2024,145,-93,4
2024-08-03,DST states,24,16,18,33,22,113,121,2024,146,-92,5
2024-08-03,AZ+HI,1,0,1,0,0,2,3,2024,146,-92,5
2024-08-04,DST states,23,11,15,34,13,96,101,2024,147,-91,6
2024-08-04,AZ+HI,3,0,0,0,1,4,6,2024,147,-91,6
2024-08-05,DST states,16,11,23,31,11,93,105,2024,148,-90,0
2024-08-05,AZ+HI,0,1,1,2,0,4,4,2024,148,-90,0
2024-08-06,DST states,9,10,16,31,10,77,79,2024,149,-89,1
2024-08-06,AZ+HI,0,1,1,1,0,3,3,2024,149,-89,1
2024-08-07,DST states,11,18,23,20,14,86,89,2024,150,-88,2
2024-08-07,AZ+HI,1,0,0,1,1,3,3,2024,150,-88,2
2024-08-08,DST states,11,13,16,34,12,88,92,2024,151,-87,3
2024-08-08,AZ+HI,1,0,0,0,0,1,1,2024,151,-87,3
2024-08-09,DST states,10,18,30,34,25,117,119,2024,152,-86,4
2024-08-09,AZ+HI,2,0,2,1,0,5,5,2024,152,-86,4
2024-08-10,DST states,22,13,19,40,32,127,142,2024,153,-85,5
2024-08-10,AZ+HI,1,0,0,1,0,2,2,2024,153,-85,5
2024-08-11,DST states,25,14,15,24,15,94,103,2024,154,-84,6
2024-08-11,AZ+HI,1,0,0,1,1,4,4,2024,154,-84,6
2024-08-12,DST states,12,13,26,21,15,87,92,2024,155,-83,0
2024-08-12,AZ+HI,2,1,2,1,1,7,7,2024,155,-83,0
2024-08-13,DST states,12,16,22,19,16,87,95,2024,156,-82,1
2024-08-13,AZ+HI,2,2,1,1,0,6,6,2024,156,-82,1
2024-08-14,DST states,13,18,23,31,16,103,114,2024,157,-81,2
2024-08-14,AZ+HI,0,0,0,2,0,2,2,2024,157,-81,2
2024-08-15,DST states,12,16,22,32,22,105,114,2024,158,-80,3
2024-08-15,AZ+HI,0,0,0,1,0,1,1,2024,158,-80,3
2024-08-16,DST states,18,16,18,32,31,116,122,2024,159,-79,4
2024-08-16,AZ+HI,0,0,0,0,1,1,1,2024,159,-79,4
2024-08-17,DST states,25,16,16,31,34,124,138,2024,160,-78,5
2024-08-17,AZ+HI,3,1,0,2,1,7,7,2024,160,-78,5
2024-08-18,DST states,38,16,9,31,17,111,121,2024,161,-77,6
2024-08-18,AZ+HI,2,0,1,1,0,4,5,2024,161,-77,6
2024-08-19,DST states,8,17,15,25,13,79,90,2024,162,-76,0
2024-08-19,AZ+HI,0,1,1,1,0,3,4,2024,162,-76,0
2024-08-20,DST states,14,11,18,24,12,80,85,2024,163,-75,1
2024-08-20,AZ+HI,0,1,1,0,0,2,2,2024,163,-75,1
2024-08-21,DST states,11,15,18,32,12,88,93,2024,164,-74,2
2024-08-21,AZ+HI,1,1,1,1,1,5,5,2024,164,-74,2
2024-08-22,DST states,10,16,15,47,12,101,107,2024,165,-73,3
2024-08-22,AZ+HI,0,0,1,1,0,2,2,2024,165,-73,3
2024-08-23,DST states,6,20,20,34,29,109,122,2024,166,-72,4
2024-08-23,AZ+HI,1,0,1,2,0,4,4,2024,166,-72,4
2024-08-24,DST states,31,15,24,46,26,144,156,2024,167,-71,5
2024-08-24,AZ+HI,1,0,0,1,0,2,2,2024,167,-71,5
2024-08-25,DST states,33,11,16,31,15,107,111,2024,168,-70,6
2024-08-25,AZ+HI,1,0,0,0,0,1,1,2024,168,-70,6
2024-08-26,DST states,11,15,13,39,16,94,104,2024,169,-69,0
2024-08-26,AZ+HI,0,0,1,1,0,2,2,2024,169,-69,0
2024-08-27,DST states,14,12,29,26,13,95,99,2024,170,-68,1
2024-08-27,AZ+HI,1,1,0,1,0,3,3,2024,170,-68,1
2024-08-28,DST states,14,17,23,41,12,107,116,2024,171,-67,2
2024-08-28,AZ+HI,0,1,1,1,0,3,3,2024,171,-67,2
2024-08-29,DST states,14,14,24,36,19,108,115,2024,172,-66,3
2024-08-29,AZ+HI,1,0,1,1,1,4,4,2024,172,-66,3
2024-08-30,DST states,17,20,20,45,21,124,139,2024,173,-65,4
2024-08-30,AZ+HI,2,1,1,1,0,5,5,2024,173,-65,4
2024-08-31,DST states,23,11,15,51,33,135,154,2024,174,-64,5
2024-08-31,AZ+HI,0,1,2,2,0,5,5,2024,174,-64,5
2024-09-01,DST states,40,11,29,32,17,129,146,2024,175,-63,6
2024-09-01,AZ+HI,2,0,3,0,0,5,5,2024,175,-63,6
2024-09-02,DST states,25,16,18,38,10,108,119,2024,176,-62,0
2024-09-02,AZ+HI,1,0,0,0,0,1,1,2024,176,-62,0
2024-09-03,DST states,12,19,19,30,15,95,105,2024,177,-61,1
2024-09-03,AZ+HI,0,0,0,0,0,0,0,2024,177,-61,1
2024-09-04,DST states,15,17,24,36,16,108,112,2024,178,-60,2
2024-09-04,AZ+HI,0,1,0,0,0,1,1,2024,178,-60,2
2024-09-05,DST states,12,17,15,31,17,92,95,2024,179,-59,3
2024-09-05,AZ+HI,0,0,0,2,1,3,3,2024,179,-59,3
2024-09-06,DST states,9,16,23,37,20,106,113,2024,180,-58,4
2024-09-06,AZ+HI,0,0,3,1,0,4,6,2024,180,-58,4
2024-09-07,DST states,30,17,22,41,19,133,145,2024,181,-57,5
2024-09-07,AZ+HI,1,1,0,0,0,2,2,2024,181,-57,5
2024-09-08,DST states,32,17,14,35,20,120,127,2024,182,-56,6
2024-09-08,AZ+HI,1,0,0,0,1,2,2,2024,182,-56,6
2024-09-09,DST states,10,23,17,36,9,95,106,2024,183,-55,0
2024-09-09,AZ+HI,1,0,1,0,1,4,4,2024,183,-55,0
2024-09-10,DST states,12,15,18,32,14,91,93,2024,184,-54,1
2024-09-10,AZ+HI,0,0,2,0,1,3,3,2024,184,-54,1
2024-09-11,DST states,6,17,19,45,7,94,100,2024,185,-53,2
2024-09-11,AZ+HI,1,0,0,0,0,1,1,2024,185,-53,2
2024-09-12,DST states,20,17,20,37,11,107,111,2024,186,-52,3
2024-09-12,AZ+HI,1,1,3,1,0,6,6,2024,186,-52,3
2024-09-13,DST states,14,18,22,45,19,120,135,2024,187,-51,4
2024-09-13,AZ+HI,0,1,0,2,1,4,6,2024,187,-51,4
2024-09-14,DST states,25,19,17,26,25,112,128,2024,188,-50,5
2024-09-14,AZ+HI,1,1,1,2,0,5,7,2024,188,-50,5
2024-09-15,DST states,28,9,14,37,14,102,108,2024,189,-49,6
2024-09-15,AZ+HI,0,0,0,2,0,2,2,2024,189,-49,6
2024-09-16,DST states,11,15,21,35,10,94,100,2024,190,-48,0
2024-09-16,AZ+HI,1,1,0,0,0,2,2,2024,190,-48,0
2024-09-17,DST states,11,20,11,26,16,84,87,2024,191,-47,1
2024-09-17,AZ+HI,0,0,0,2,0,2,2,2024,191,-47,1
2024-09-18,DST states,10,18,19,37,17,102,110,2024,192,-46,2
2024-09-18,AZ+HI,0,0,0,0,1,1,1,2024,192,-46,2
2024-09-19,DST states,8,15,11,33,23,91,96,2024,193,-45,3
2024-09-19,AZ+HI,0,0,0,0,0,0,0,2024,193,-45,3
2024-09-20,DST states,13,24,27,48,22,135,139,2024,194,-44,4
2024-09-20,AZ+HI,0,0,0,5,0,5,5,2024,194,-44,4
2024-09-21,DST states,31,15,23,49,22,142,157,2024,195,-43,5
2024-09-21,AZ+HI,1,2,3,0,0,6,8,2024,195,-43,5
2024-09-22,DST states,35,18,15,29,17,116,124,2024,196,-42,6
2024-09-22,AZ+HI,2,0,0,0,0,2,2,2024,196,-42,6
2024-09-23,DST states,8,13,14,24,12,72,76,2024,197,-41,0
2024-09-23,AZ+HI,2,0,0,0,0,2,2,2024,197,-41,0
2024-09-24,DST states,9,13,17,31,10,81,87,2024,198,-40,1
2024-09-24,AZ+HI,0,2,1,2,0,6,6,2024,198,-40,1
2024-09-25,DST states,12,21,17,26,15,92,95,2024,199,-39,2
2024-09-25,AZ+HI,0,0,1,1,1,3,3,2024,199,-39,2
2024-09-26,DST states,11,15,14,22,17,79,96,2024,200,-38,3
2024-09-26,AZ+HI,0,1,1,4,0,6,6,2024,200,-38,3
2024-09-27,DST states,17,20,28,39,22,126,136,2024,201,-37,4
2024-09-27,AZ+HI,0,1,0,2,1,4,5,2024,201,-37,4
2024-09-28,DST states,33,9,22,45,20,129,138,2024,202,-36,5
2024-09-28,AZ+HI,1,1,0,1,0,3,3,2024,202,-36,5
2024-09-29,DST states,41,9,17,35,22,126,134,2024,203,-35,6
2024-09-29,AZ+HI,1,0,1,1,1,4,4,2024,203,-35,6
2024-09-30,DST states,17,23,20,32,11,105,110,2024,204,-34,0
2024-09-30,AZ+HI,0,1,0,1,0,2,2,2024,204,-34,0
2024-10-01,DST states,7,15,19,25,9,75,82,2024,205,-33,1
2024-10-01,AZ+HI,0,0,0,1,0,1,1,2024,205,-33,1
2024-10-02,DST states,14,16,23,37,10,100,108,2024,206,-32,2
2024-10-02,AZ+HI,0,1,0,2,1,4,4,2024,206,-32,2
2024-10-03,DST states,10,18,19,42,14,104,106,2024,207,-31,3
2024-10-03,AZ+HI,1,0,0,0,0,1,1,2024,207,-31,3
2024-10-04,DST states,16,14,22,27,23,102,111,2024,208,-30,4
2024-10-04,AZ+HI,0,1,0,3,0,4,4,2024,208,-30,4
2024-10-05,DST states,27,14,28,42,16,131,135,2024,209,-29,5
2024-10-05,AZ+HI,2,0,0,2,2,6,6,2024,209,-29,5
2024-10-06,DST states,29,13,28,29,11,111,126,2024,210,-28,6
2024-10-06,AZ+HI,0,0,1,0,1,2,3,2024,210,-28,6
2024-10-07,DST states,14,15,19,28,14,90,95,2024,211,-27,0
2024-10-07,AZ+HI,0,0,0,0,0,0,0,2024,211,-27,0
2024-10-08,DST states,13,24,24,26,18,105,115,2024,212,-26,1
2024-10-08,AZ+HI,1,1,0,2,1,5,5,2024,212,-26,1
2024-10-09,DST states,6,12,13,24,15,70,71,2024,213,-25,2
2024-10-09,AZ+HI,0,0,0,2,0,2,2,2024,213,-25,2
2024-10-10,DST states,12,18,19,27,11,88,90,2024,214,-24,3
2024-10-10,AZ+HI,0,0,0,0,1,1,1,2024,214,-24,3
2024-10-11,DST states,11,10,22,50,19,115,123,2024,215,-23,4
2024-10-11,AZ+HI,0,1,0,3,2,6,7,2024,215,-23,4
2024-10-12,DST states,33,17,24,41,21,136,144,2024,216,-22,5
2024-10-12,AZ+HI,3,3,1,1,0,8,9,2024,216,-22,5
2024-10-13,DST states,36,12,22,35,14,120,139,2024,217,-21,6
2024-10-13,AZ+HI,1,0,1,2,0,4,5,2024,217,-21,6
2024-10-14,DST states,19,17,17,33,4,91,105,2024,218,-20,0
2024-10-14,AZ+HI,0,1,0,2,0,3,3,2024,218,-20,0
2024-10-15,DST states,7,19,18,22,7,73,84,2024,219,-19,1
2024-10-15,AZ+HI,0,0,1,2,0,3,3,2024,219,-19,1
2024-10-16,DST states,14,14,19,40,12,99,104,2024,220,-18,2
2024-10-16,AZ+HI,1,1,1,0,0,3,4,2024,220,-18,2
2024-10-17,DST states,7,22,17,33,12,94,111,2024,221,-17,3
2024-10-17,AZ+HI,1,4,0,0,0,6,7,2024,221,-17,3
2024-10-18,DST states,14,15,16,45,23,113,116,2024,222,-16,4
2024-10-18,AZ+HI,1,0,2,0,0,3,3,2024,222,-16,4
2024-10-19,DST states,23,18,28,44,24,137,139,2024,223,-15,5
2024-10-19,AZ+HI,1,0,0,0,2,3,3,2024,223,-15,5
2024-10-20,DST states,48,16,18,40,11,133,137,2024,224,-14,6
2024-10-20,AZ+HI,1,0,1,1,0,3,3,2024,224,-14,6
2024-10-21,DST states,13,18,20,36,9,98,105,2024,225,-13,0
2024-10-21,AZ+HI,0,1,1,2,0,4,8,2024,225,-13,0
2024-10-22,DST states,10,14,15,35,17,91,96,2024,226,-12,1
2024-10-22,AZ+HI,1,1,2,3,2,9,9,2024,226,-12,1
2024-10-23,DST states,9,19,21,42,12,104,110,2024,227,-11,2
2024-10-23,AZ+HI,0,0,2,0,0,3,4,2024,227,-11,2
2024-10-24,DST states,14,22,21,35,13,106,112,2024,228,-10,3
2024-10-24,AZ+HI,0,0,1,1,0,2,2,2024,228,-10,3
2024-10-25,DST states,15,18,24,41,23,122,126,2024,229,-9,4
2024-10-25,AZ+HI,2,0,2,2,0,6,7,2024,229,-9,4
2024-10-26,DST states,33,16,14,50,22,138,148,2024,230,-8,5
2024-10-26,AZ+HI,0,1,0,6,0,7,7,2024,230,-8,5
2024-10-27,DST states,40,14,23,39,12,128,145,2024,231,-7,6
2024-10-27,AZ+HI,1,2,2,1,0,6,7,2024,231,-7,6
2024-10-28,DST states,17,18,18,31,12,96,102,2024,232,-6,0
2024-10-28,AZ+HI,0,0,0,2,1,3,3,2024,232,-6,0
2024-10-29,DST states,8,15,12,27,11,73,80,2024,233,-5,1
2024-10-29,AZ+HI,1,0,0,2,0,3,3,2024,233,-5,1
2024-10-30,DST states,8,20,14,40,16,100,110,2024,234,-4,2
2024-10-30,AZ+HI,0,1,1,0,0,2,2,2024,234,-4,2
2024-10-31,DST states,8,26,20,41,15,110,116,2024,235,-3,3
2024-10-31,AZ+HI,0,1,0,1,1,3,3,2024,235,-3,3
2024-11-01,DST states,20,18,22,35,22,117,126,2024,236,-2,4
2024-11-01,AZ+HI,1,1,1,0,0,3,3,2024,236,-2,4
2024-11-02,DST states,21,19,28,40,26,135,156,2024,237,-1,5
2024-11-02,AZ+HI,1,0,1,0,1,3,3,2024,237,-1,5
2024-11-03,DST states,28,22,12,32,10,104,111,2024,238,0,6
2024-11-03,AZ+HI,1,1,0,0,2,4,4,2024,238,0,6
2024-11-04,DST states,18,18,15,37,8,97,97,2024,239,1,0
2024-11-04,AZ+HI,0,0,0,0,0,0,0,2024,239,1,0
2024-11-05,DST states,5,16,18,29,12,80,83,2024,240,2,1
2024-11-05,AZ+HI,0,0,1,1,0,2,2,2024,240,2,1
2024-11-06,DST states,8,15,16,58,5,102,110,2024,241,3,2
2024-11-06,AZ+HI,0,1,0,0,0,1,1,2024,241,3,2
2024-11-07,DST states,9,17,21,32,14,93,99,2024,242,4,3
2024-11-07,AZ+HI,1,0,2,1,0,4,5,2024,242,4,3
2024-11-08,DST states,12,13,20,38,16,99,103,2024,243,5,4
2024-11-08,AZ+HI,0,0,1,4,1,6,6,2024,243,5,4
2024-11-09,DST states,20,13,25,42,18,120,129,2024,244,6,5
2024-11-09,AZ+HI,1,1,3,2,0,7,8,2024,244,6,5
2024-11-10,DST states,34,12,15,45,12,118,124,2024,245,7,6
2024-11-10,AZ+HI,0,1,2,1,0,4,4,2024,245,7,6
2024-11-11,DST states,12,22,16,43,7,102,110,2024,246,8,0
2024-11-11,AZ+HI,2,1,0,3,1,7,7,2024,246,8,0
2024-11-12,DST states,4,19,25,38,10,96,100,2024,247,9,1
2024-11-12,AZ+HI,0,1,0,2,1,4,4,2024,247,9,1
2024-11-13,DST states,9,16,24,31,9,89,95,2024,248,10,2
2024-11-13,AZ+HI,0,0,0,0,2,2,2,2024,248,10,2
2024-11-14,DST states,9,15,16,36,7,84,89,2024,249,11,3
2024-11-14,AZ+HI,0,1,0,1,0,2,2,2024,249,11,3
2024-11-15,DST states,11,14,18,41,12,96,101,2024,250,12,4
2024-11-15,AZ+HI,1,2,0,4,2,9,9,2024,250,12,4
2024-11-16,DST states,39,14,14,43,12,122,136,2024,251,13,5
2024-11-16,AZ+HI,0,0,0,1,1,2,2,2024,251,13,5
2024-11-17,DST states,17,16,10,32,15,90,93,2024,252,14,6
2024-11-17,AZ+HI,0,0,0,0,0,0,0,2024,252,14,6
2024-11-18,DST states,13,14,12,39,8,86,89,2024,253,15,0
2024-11-18,AZ+HI,0,0,1,2,1,4,4,2024,253,15,0
2024-11-19,DST states,11,14,18,25,13,81,85,2024,254,16,1
2024-11-19,AZ+HI,0,0,1,2,1,4,4,2024,254,16,1
2024-11-20,DST states,9,17,17,57,14,114,127,2024,255,17,2
2024-11-20,AZ+HI,0,0,0,3,1,4,5,2024,255,17,2
2024-11-21,DST states,9,17,12,27,15,81,88,2024,256,18,3
2024-11-21,AZ+HI,0,0,0,2,0,2,2,2024,256,18,3
2024-11-22,DST states,9,19,19,38,17,103,112,2024,257,19,4
2024-11-22,AZ+HI,0,0,1,1,0,2,2,2024,257,19,4
2024-11-23,DST states,24,12,16,46,15,114,123,2024,258,20,5
2024-11-23,AZ+HI,2,0,0,0,1,3,3,2024,258,20,5
2024-11-24,DST states,27,8,14,32,16,97,106,2024,259,21,6
2024-11-24,AZ+HI,1,1,0,1,0,3,5,2024,259,21,6
2024-11-25,DST states,9,17,21,28,15,91,97,2024,260,22,0
2024-11-25,AZ+HI,0,0,0,1,0,1,1,2024,260,22,0
2024-11-26,DST states,8,18,26,39,4,95,101,2024,261,23,1
2024-11-26,AZ+HI,0,0,1,0,2,3,3,2024,261,23,1
2024-11-27,DST states,9,12,19,40,16,96,106,2024,262,24,2
2024-11-27,AZ+HI,0,0,0,4,1,6,6,2024,262,24,2
2024-11-28,DST states,32,6,15,31,13,98,107,2024,263,25,3
2024-11-28,AZ+HI,0,0,0,0,1,1,1,2024,263,25,3
2024-11-29,DST states,18,11,22,28,9,88,90,2024,264,26,4
2024-11-29,AZ+HI,0,0,0,1,0,1,1,2024,264,26,4
2024-11-30,DST states,24,14,13,28,13,92,97,2024,265,27,5
2024-11-30,AZ+HI,0,0,0,1,2,3,3,2024,265,27,5
2024-12-01,DST states,22,13,18,23,11,87,93,2024,266,28,6
2024-12-01,AZ+HI,0,2,0,1,0,3,3,2024,266,28,6
2024-12-02,DST states,3,21,14,32,6,76,82,2024,267,29,0
2024-12-02,AZ+HI,1,0,1,2,1,5,5,2024,267,29,0
2024-12-03,DST states,11,17,17,23,10,81,91,2024,268,30,1
2024-12-03,AZ+HI,0,1,0,2,0,3,3,2024,268,30,1
2024-12-04,DST states,8,17,18,31,6,80,83,2024,269,31,2
2024-12-04,AZ+HI,0,0,0,0,1,1,1,2024,269,31,2
2024-12-05,DST states,7,24,18,33,18,101,107,2024,270,32,3
2024-12-05,AZ+HI,1,0,2,0,1,4,4,2024,270,32,3
2024-12-06,DST states,14,15,19,39,21,108,119,2024,271,33,4
2024-12-06,AZ+HI,0,1,3,1,0,5,6,2024,271,33,4
2024-12-07,DST states,30,16,17,44,19,126,136,2024,272,34,5
2024-12-07,AZ+HI,0,0,2,2,1,5,7,2024,272,34,5
2024-12-08,DST states,29,10,24,37,19,119,131,2024,273,35,6
2024-12-08,AZ+HI,1,0,1,0,0,2,2,2024,273,35,6
2024-12-09,DST states,10,22,18,36,12,98,103,2024,274,36,0
2024-12-09,AZ+HI,0,0,0,0,1,1,1,2024,274,36,0
2024-12-10,DST states,8,19,15,34,13,89,90,2024,275,37,1
2024-12-10,AZ+HI,0,1,0,1,0,2,3,2024,275,37,1
2024-12-11,DST states,6,11,14,37,7,75,79,2024,276,38,2
2024-12-11,AZ+HI,1,1,0,0,1,3,3,2024,276,38,2
2024-12-12,DST states,10,18,16,28,9,81,86,2024,277,39,3
2024-12-12,AZ+HI,0,0,0,0,0,0,0,2024,277,39,3
2024-12-13,DST states,7,21,12,38,19,97,101,2024,278,40,4
2024-12-13,AZ+HI,0,0,1,1,2,4,5,2024,278,40,4
2024-12-14,DST states,21,7,18,30,20,97,106,2024,279,41,5
2024-12-14,AZ+HI,0,0,1,1,3,5,6,2024,279,41,5
2024-12-15,DST states,17,16,12,33,10,89,110,2024,280,42,6
2024-12-15,AZ+HI,1,0,0,1,0,2,3,2024,280,42,6
2024-12-16,DST states,10,16,17,19,15,78,84,2024,281,43,0
2024-12-16,AZ+HI,0,1,0,0,0,1,1,2024,281,43,0
2024-12-17,DST states,9,9,22,40,13,93,104,2024,282,44,1
2024-12-17,AZ+HI,0,0,2,1,0,3,3,2024,282,44,1
2024-12-18,DST states,3,17,20,29,10,79,88,2024,283,45,2
2024-12-18,AZ+HI,0,1,0,1,0,2,3,2024,283,45,2
2024-12-19,DST states,13,20,21,31,18,103,112,2024,284,46,3
2024-12-19,AZ+HI,0,2,0,1,1,4,4,2024,284,46,3
2024-12-20,DST states,11,12,14,30,12,80,88,2024,285,47,4
2024-12-20,AZ+HI,0,0,3,5,1,9,9,2024,285,47,4
2024-12-21,DST states,28,12,21,29,12,102,114,2024,286,48,5
2024-12-21,AZ+HI,0,0,0,3,0,3,3,2024,286,48,5
2024-12-22,DST states,25,13,12,41,6,98,109,2024,287,49,6
2024-12-22,AZ+HI,0,2,1,1,0,4,4,2024,287,49,6
2024-12-23,DST states,9,17,12,26,15,79,88,2024,288,50,0
2024-12-23,AZ+HI,0,0,3,4,0,7,7,2024,288,50,0
2024-12-24,DST states,11,8,13,28,13,75,85,2024,289,51,1
2024-12-24,AZ+HI,1,0,0,2,0,3,3,2024,289,51,1
2024-12-25,DST states,21,7,14,26,15,84,100,2024,290,52,2
2024-12-25,AZ+HI,0,0,2,1,0,3,3,2024,290,52,2
2024-12-26,DST states,9,16,14,34,11,85,91,2024,291,53,3
2024-12-26,AZ+HI,0,1,2,2,1,6,6,2024,291,53,3
2024-12-27,DST states,13,19,8,42,15,98,105,2024,292,54,4
2024-12-27,AZ+HI,0,1,1,0,0,2,3,2024,292,54,4
2024-12-28,DST states,17,19,16,24,12,90,96,2024,293,55,5
2024-12-28,AZ+HI,1,1,0,0,0,2,2,2024,293,55,5
2024-12-29,DST states,29,11,14,26,12,92,95,2024,294,56,6
2024-12-29,AZ+HI,0,0,0,1,0,1,1,2024,294,56,6
2024-12-30,DST states,15,15,17,25,6,78,86,2024,295,57,0
2024-12-30,AZ+HI,1,1,0,2,0,4,4,2024,295,57,0
2024-12-31,DST states,10,8,13,23,19,75,82,2024,296,58,1
2024-12-31,AZ+HI,0,0,1,3,0,4,4,2024,296,58,1
